Title,Year,Rated,Released,Runtime,Genre,Director,Writer,Actors,Plot,Language,Country,Awards,Poster,Ratings,Metascore,imdbRating,imdbVotes,imdbID,Type,DVD,BoxOffice,Production,Website,Response,SourcePDF,totalSeasons
Filmando: Batalla en el cielo,2004,N/A,N/A,60 min,Documentary,"Adrian Arce, Manuel Méndez","Adrian Arce, Manuel Méndez","Alex Ezpeleta, Marcos Hernández, Gilles Laurent","An uplifting video that aggressively claims to be some kind of art house or something like that, and which I don't turn my tongue to call a movie. People who like this and who dare to call it ""an art not for everyone"" or ""a film with some not all clear meaning"", can only take pity. And those who make such videos need to be treated. Not all dirt in human society, and not all ugliness must be transferred to the screen, throwing it at the viewer.",Spanish,Mexico,4 wins,N/A,"[{'Source': 'Internet Movie Database', 'Value': '4.7/10'}]",N/A,4.7,187,tt0796975,movie,N/A,N/A,N/A,N/A,True,CINE.pdf,
Barton Fink,1991,R,21 Aug 1991,116 min,"Comedy, Drama, Thriller","Joel Coen, Ethan Coen","Joel Coen, Ethan Coen","John Turturro, John Goodman, Judy Davis","In the wake of his early but undeniable theatrical success in Broadway, the idealistic author of the proletariat and self-pitying 1940s New York playwright, Barton Fink, finds himself lured to dazzling Hollywood to write scripts for eccentric Jack Lipnick's Capitol Pictures. But, instead of writing a story pivoting around the common man, Fink's first screenplay turns out to be a Wallace Beery wrestling movie, and, before he knows it, he develops a severe case of writer's block. Now, holed up in the seedy, run-down Hotel Earle, before his silent Underwood typewriter, Barton comes to realise that his only hope to meet the deadline is to take inspiration from the burly insurance salesman living next door, Charlie Meadows, and the unassuming secretary, Audrey Taylor. In the meantime, the suffocating stranglehold of artistic bankruptcy tightens. Does self-destructive Barton Fink have the stomach for confronting Hollywood's bitter reality?",English,"United Kingdom, United States",Nominated for 3 Oscars. 19 wins & 29 nominations total,https://m.media-amazon.com/images/M/MV5BNDc1YWRjODItNGZjNS00MDI4LTliYWYtNDdjZjI3ZWYzNzM4XkEyXkFqcGc@._V1_SX300.jpg,"[{'Source': 'Internet Movie Database', 'Value': '7.6/10'}, {'Source': 'Rotten Tomatoes', 'Value': '90%'}, {'Source': 'Metacritic', 'Value': '69/100'}]",69,7.6,"133,081",tt0101410,movie,N/A,"$6,153,939",N/A,N/A,True,CINE.pdf,
Barry Lyndon,1975,PG,18 Dec 1975,185 min,"Adventure, Drama, War",Stanley Kubrick,"Stanley Kubrick, William Makepeace Thackeray","Ryan O'Neal, Marisa Berenson, Patrick Magee","In the eighteenth century, in a small village in Ireland, Redmond Barry (Ryan O'Neal) is a young farm boy in love with his cousin Nora Brady (Gay Hamilton). When Nora gets engaged to British Captain John Quin (Leonard Rossiter), Barry challenges him to a duel of pistols. He wins and escapes to Dublin, but is robbed on the road. Without an alternative, Barry joins the British Army to fight in the Seven Years War. He deserts and is forced to join the Prussian Army, where he saves the life of his Captain and becomes his protégé and spy of Irish gambler Chevalier de Balibari (Patrick Magee). He helps Chevalier and becomes his associate until he decides to marry the wealthy Lady Lyndon (Marisa Berenson). They move to England and Barry, in his obsession of nobility, dissipates her fortune and makes a dangerous and revengeful enemy.","English, German, French","United Kingdom, United States",Won 4 Oscars. 18 wins & 14 nominations total,https://m.media-amazon.com/images/M/MV5BNmM2MGQ5Y2UtYzA3ZC00ZDJlLTkwNDYtMjBmZGExZDJiN2RlXkEyXkFqcGc@._V1_SX300.jpg,"[{'Source': 'Internet Movie Database', 'Value': '8.1/10'}, {'Source': 'Rotten Tomatoes', 'Value': '78%'}, {'Source': 'Metacritic', 'Value': '89/100'}]",89,8.1,"202,448",tt0072684,movie,N/A,N/A,N/A,N/A,True,CINE.pdf,
Los bastardos,2018–2019,N/A,25 Oct 2018,N/A,"Action, Crime, Drama",N/A,N/A,"Albie Casiño, Kylie Verzosa, Ronaldo Valdez","Don Roman Cardinal's past reveals several sons. Separated from his true love, Soledad, believed to be dead, Roman is coupled with the duplicitous Alba. When the truth comes to light, Roman is determined to reunite his family.","Tagalog, Filipino",Philippines,N/A,https://m.media-amazon.com/images/M/MV5BYWYyNmIxMjYtNmIwZi00NzU0LTk5OWEtMjQ5ZjlhNDIxN2VhXkEyXkFqcGc@._V1_SX300.jpg,[],N/A,N/A,42,tt21254106,series,,,,,True,CINE.pdf,N/A
Bella,2006,PG-13,30 Nov 2007,91 min,"Drama, Romance",Alejandro Monteverde,"Alejandro Monteverde, Patrick Million, Leo Severino","Eduardo Verástegui, Tammy Blanchard, Manny Perez","An international soccer star is on his way to sign a multimillion-dollar contract when a series of events unfold that bring his career to an abrupt end. A beautiful waitress, struggling to make it in New York City, discovers something about herself that she's unprepared for. In one irreversible moment, their lives are turned upside down... until a simple gesture of kindness brings them both together, turning an ordinary day to an unforgettable experience.","English, Spanish","United States, Mexico",6 wins,https://m.media-amazon.com/images/M/MV5BNzI4OTYwOTg0MF5BMl5BanBnXkFtZTcwMTM1MjUyNw@@._V1_SX300.jpg,"[{'Source': 'Internet Movie Database', 'Value': '7.1/10'}, {'Source': 'Rotten Tomatoes', 'Value': '45%'}, {'Source': 'Metacritic', 'Value': '47/100'}]",47,7.1,"11,097",tt0482463,movie,N/A,"$8,070,537",N/A,N/A,True,CINE.pdf,
Planeta bur,1962,N/A,14 Apr 1962,78 min,"Adventure, Sci-Fi",Pavel Klushantsev,"Aleksandr Kazantsev, Pavel Klushantsev","Vladimir Emelyanov, Georgi Zhzhyonov, Gennadi Vernov","Cosmonauts land on the planet Venus. However, they find themselves in danger from the voracious monsters they find on it.",Russian,Soviet Union,N/A,https://m.media-amazon.com/images/M/MV5BYjdhNzM5YjItNTBkZi00NTZjLWExNTctNGQ5ZDFiNWZiOGMyXkEyXkFqcGc@._V1_SX300.jpg,"[{'Source': 'Internet Movie Database', 'Value': '6.3/10'}]",N/A,6.3,"1,511",tt0056352,movie,N/A,N/A,N/A,N/A,True,CINE.pdf,
Beethoven,1992,PG,03 Apr 1992,87 min,"Comedy, Drama, Family",Brian Levant,"John Hughes, Amy Holden Jones","Charles Grodin, Bonnie Hunt, Dean Jones","The Newton family live in their comfortable home, but there seems to something missing. This ""hole"" is filled by a small puppy, who walks into their home and their lives. Beethoven, as he is named, grows into a giant of a dog... a St Bernard. Doctor Varnick, the local vet has a secret and horrible sideline, which requires lots of dogs for experiments. Beethoven is on the bad doctor's list.",English,United States,1 win & 4 nominations total,https://m.media-amazon.com/images/M/MV5BOGI2ODdkZDItNTYwMy00NmQyLTg2ZjgtZWQ4YmU5YzllYzNiXkEyXkFqcGc@._V1_SX300.jpg,"[{'Source': 'Internet Movie Database', 'Value': '5.7/10'}, {'Source': 'Rotten Tomatoes', 'Value': '31%'}]",N/A,5.7,"79,663",tt0103786,movie,N/A,"$57,114,049",N/A,N/A,True,CINE.pdf,
La bella y la bestia,1990,N/A,N/A,45 min,"Drama, Fantasy, Mystery",Ana Luisa Montes de Oca,Ana Luisa Montes de Oca,"Alejandra Caicedo, Hector Palacios, Veronica Zauce",N/A,Spanish,Mexico,N/A,https://m.media-amazon.com/images/M/MV5BNWM5ODVmOTctZjJlNS00MzE4LWIxMzgtNjVhMGYxYmVkODZhXkEyXkFqcGc@._V1_SX300.jpg,"[{'Source': 'Internet Movie Database', 'Value': '6.9/10'}]",N/A,6.9,73,tt0471093,movie,N/A,N/A,N/A,N/A,True,CINE.pdf,
"Inju, la bête dans l'ombre",2008,N/A,03 Sep 2008,105 min,"Mystery, Thriller",Barbet Schroeder,"Rampo Edogawa, Jean-Armand Bougrelle, Franck Ribière","Benoît Magimel, Lika Minamoto, Gen Shimaoka","The writer and college professor, Alexandre Fayard, researches and gives lectures about the gruesome literary work of the mysterious Japanese writer Shundei Oe, considered by him to be the master of manipulation. In his underground detective novels, evil always prevails and Shundei Oe has never allowed anyone to see his face. His only image available is a frightening picture on the back of his best-sellers. Alex travels to Kyoto to promote his successful detective story that follows the same style of the Shundei Oe but with a positive message instead. He meets with his publisher, Ken Honda, from the publishing house Hakubunkan. While in an interview in a TV show, Alex receives a phone call from Shundei Oe that advises him to return to Paris, and Alex believes it is a marketing strategy of Ken. Then Alex and Ken go to a tea house where he meets the Masochist geisha Tamao, and Alex has a crush on her. Tamao discloses to Alex that she knows Shundei Oe and his real name is Hichiro Irata; further they were lovers when she rejected his proposal many years ago. From this moment on, Hichiro Irata loathed her and vanished. When she got pregnant by the wealthy and powerful business man Ryuji Mogi, Shundei Oe returned and stalked her. Alex decides to help Tamao and Ryuji Mogi against the menace of the deranged writer, and his mind is blurred between fiction and reality in dreadful nightmares.","French, Japanese, English","France, Japan",1 nomination,https://m.media-amazon.com/images/M/MV5BMjM0Nzc3NjM5Ml5BMl5BanBnXkFtZTgwMzA4NTAzMTE@._V1_SX300.jpg,"[{'Source': 'Internet Movie Database', 'Value': '5.5/10'}]",N/A,5.5,964,tt0818110,movie,N/A,N/A,N/A,N/A,True,CINE.pdf,
Ben-Hur,1959,G,18 Nov 1959,212 min,"Adventure, Drama",William Wyler,"Lew Wallace, Karl Tunberg, Maxwell Anderson","Charlton Heston, Jack Hawkins, Stephen Boyd","Judah Ben-Hur lives as a rich Jewish prince and merchant in Jerusalem at the beginning of the 1st century. Together with the new governor his old friend Messala arrives as commanding officer of the Roman legions. At first they are happy to meet after a long time but their different politic views separate them. During the welcome parade a roof tile falls down from Judah's house and injures the governor. Although Messala knows they are not guilty, he sends Judah to the galleys and throws his mother and sister into prison. But Judah swears to come back and take revenge.",English,United States,Won 11 Oscars. 29 wins & 13 nominations total,https://m.media-amazon.com/images/M/MV5BNjg2M2E1YzYtOThmMC00NjAyLWI5MzgtMDEwOGFiODdlOGUzXkEyXkFqcGc@._V1_SX300.jpg,"[{'Source': 'Internet Movie Database', 'Value': '8.1/10'}, {'Source': 'Rotten Tomatoes', 'Value': '87%'}, {'Source': 'Metacritic', 'Value': '90/100'}]",90,8.1,"269,891",tt0052618,movie,N/A,"$74,432,704",N/A,N/A,True,CINE.pdf,
Belleza Americana,2014,N/A,11 Dec 2014,N/A,"Short, Drama",Santiago Cerón,Santiago Cerón,N/A,N/A,English,USA,N/A,N/A,[],N/A,N/A,N/A,tt5473434,movie,N/A,N/A,N/A,N/A,True,CINE.pdf,
Besos robados,2004–,N/A,23 Aug 2004,45 min,"Drama, Musical, Romance",N/A,N/A,"Stephanie Cayo, Juan Carlos García, Verónica Schneider","Usually, Peruvian romances are quite good, specially comparing to Venezuelan or Mexican ones, that are usually more unrealistic are weepy. Yet this one is not, as it is the poor remake of a bad remake.There was first ""The adorable professor Aldao"" in 1973 with the Peruvian TV star Regina Alcover. Its bad copy was filmed in 1984 and titled ""Carmin"". It had then a great success in south America and in southern Europe, although it was terrifyingly corny. Now this 2004 version is less corny than the 1984 one, but the interpretation is poor and the main character, acted by young Stephanie Cayo is mean and quite stupid.",Spanish,Peru,N/A,https://m.media-amazon.com/images/M/MV5BZjgyODU4OGItOWM4Ny00ZjJmLWJmNzEtNmRjMjAzZTM0M2RhXkEyXkFqcGdeQXVyMjQ4NDAyMDI@._V1_SX300.jpg,"[{'Source': 'Internet Movie Database', 'Value': '7.1/10'}]",N/A,7.1,35,tt0414722,series,,,,,True,CINE.pdf,1
Besos perdidos,1945,N/A,30 Aug 1945,N/A,N/A,Mario Soffici,"André Birabeau, Ramón Gómez Macía","María Duval, Miguel Faust Rocha, Alberto Bello","When a man discovers that he has a daughter, for him absolutely unknown, he tries to recover lost time and absent affection.",Spanish,Argentina,N/A,https://m.media-amazon.com/images/M/MV5BZjVlOTU0ZjItODg4Yi00N2VmLWI3YzktMDNmYjg5Y2JhMjY2XkEyXkFqcGdeQXVyNjg2NjExMzY@._V1_SX300.jpg,"[{'Source': 'Internet Movie Database', 'Value': '5.1/10'}]",N/A,5.1,15,tt0200480,movie,N/A,N/A,N/A,N/A,True,CINE.pdf,
La biblia,1962,N/A,N/A,10 min,"Animation, Short",Francisco Macián,Carmelo Garmendía,Julio Costa,Short animation documentary based on texts from The Bible.,N/A,Spain,N/A,N/A,[],N/A,N/A,N/A,tt0135803,movie,N/A,N/A,N/A,N/A,True,CINE.pdf,
Billy Bathgate,1991,R,01 Nov 1991,106 min,"Crime, Drama, Thriller",Robert Benton,"E.L. Doctorow, Tom Stoppard","Dustin Hoffman, Nicole Kidman, Loren Dean","In the year 1935, a teen named Billy Bathgate finds first love while becoming the protégé of fledgling gangster Dutch Schultz.",English,United States,3 nominations total,https://m.media-amazon.com/images/M/MV5BMDY3NDNjM2ItODViYy00ZWU3LWFhYTUtZjI4YjA2ZWEyYzI4XkEyXkFqcGc@._V1_SX300.jpg,"[{'Source': 'Internet Movie Database', 'Value': '5.9/10'}, {'Source': 'Rotten Tomatoes', 'Value': '36%'}]",N/A,5.9,"13,398",tt0101453,movie,N/A,"$15,565,363",N/A,N/A,True,CINE.pdf,
Billy Elliot,2000,R,10 Nov 2000,110 min,"Drama, Music",Stephen Daldry,Lee Hall,"Jamie Bell, Julie Walters, Jean Heywood","County Durham, during the endless, violent 1984 strike against the Margaret Thatcher closure of British coal mines. Widower Jackie Elliot (Gary Lewis) and his firstborn, fellow miner Tony (Jamie Draven), take a dim view of eleven-year-old second son Billy's (Jamie Bell's) poor record in boxing class, which worsens when they discover he sneakily transferred to the neighboring, otherwise girls-only-attended ballet class. Only one schoolmate, closet-gay Michael Caffrey (Stuart Wells), encourages Billy's desire, aroused by the teacher, Mrs. Wilkinson (Dame Julie Walters), who judged him talented enough for private lessons, to train and try out for the world-renowned Royal Ballet audition. Only the prospect of a fancy career unimagined in the pauper quarter may twist pa and big brother's opposition to indispensable support.",English,"United Kingdom, France",Nominated for 3 Oscars. 55 wins & 71 nominations total,https://m.media-amazon.com/images/M/MV5BZThiYjczMmItNjBhZC00NzcwLTkyZjUtZGRiM2FiOGRiNDQ0XkEyXkFqcGc@._V1_SX300.jpg,"[{'Source': 'Internet Movie Database', 'Value': '7.7/10'}, {'Source': 'Rotten Tomatoes', 'Value': '85%'}, {'Source': 'Metacritic', 'Value': '74/100'}]",74,7.7,"151,189",tt0249462,movie,N/A,"$21,995,263",N/A,N/A,True,CINE.pdf,
Biutiful,2010,R,04 Feb 2011,148 min,"Drama, Romance",Alejandro G. Iñárritu,"Alejandro G. Iñárritu, Armando Bo, Nicolás Giacobone","Javier Bardem, Maricel Álvarez, Hanaa Bouchaib","Uxbal, single father of two children, finds his life in chaos as he is forced to deal with his life in order to escape the heat of crime in underground Barcelona, to break with the love for the divorced, manic depressive, abusive mother of his children and to regain spiritual insight in his life as he is diagnosed with terminal cancer.","Spanish, Chinese, Wolof","Mexico, Spain",Nominated for 2 Oscars. 21 wins & 65 nominations total,https://m.media-amazon.com/images/M/MV5BMzI4OTQ0MDQyNl5BMl5BanBnXkFtZTcwODY5MjQwNA@@._V1_SX300.jpg,"[{'Source': 'Internet Movie Database', 'Value': '7.4/10'}, {'Source': 'Rotten Tomatoes', 'Value': '66%'}, {'Source': 'Metacritic', 'Value': '58/100'}]",58,7.4,"97,232",tt1164999,movie,N/A,"$5,101,237",N/A,N/A,True,CINE.pdf,
Blade Runner,1982,R,25 Jun 1982,117 min,"Action, Drama, Sci-Fi",Ridley Scott,"Hampton Fancher, David Webb Peoples, Philip K. Dick","Harrison Ford, Rutger Hauer, Sean Young","In the early twenty-first century, the Tyrell Corporation, during what was called the Nexus phase, developed robots, called ""replicants"", that were supposed to aid society, the replicants which looked and acted like humans. When the superhuman generation Nexus 6 replicants, used for dangerous off-Earth endeavors, began a mutiny on an off-Earth colony, replicants became illegal on Earth. Police units, called ""blade runners"", have the job of destroying - or in their parlance ""retiring"" - any replicant that makes its way back to or created on Earth, with anyone convicted of aiding or assisting a replicant being sentenced to death. It's now November, 2019 in Los Angeles, California. Rick Deckard, a former blade runner, is called out of retirement when four known replicants, most combat models, have made their way back to Earth, with their leader being Roy Batty. One, Leon Kowalski, tried to infiltrate his way into the Tyrell Corporation as an employee, but has since been able to escape. Beyond following Leon's trail in hopes of finding and retiring them all, Deckard believes part of what will help him is figuring out what the replicants wanted with the Tyrell Corporation in trying to infiltrate it. The answer may lie with Tyrell's fail-safe backup mechanism. Beyond tracking the four, Deckard faces a possible dilemma in encountering a fifth replicant: Rachael, who works as Tyrell's assistant. The issue is that Dr. Elden Tyrell is experimenting with her, to provide her with fake memories so as to be able to better control her. With those memories, Rachael has no idea that she is not human. The problem is not only Rachael's assistance to Deckard, but that he is beginning to develop feelings for her.","English, German, Cantonese, Japanese, Hungarian, Arabic, Korean","United States, United Kingdom, Hong Kong",Nominated for 2 Oscars. 13 wins & 22 nominations total,https://m.media-amazon.com/images/M/MV5BOWQ4YTBmNTQtMDYxMC00NGFjLTkwOGQtNzdhNmY1Nzc1MzUxXkEyXkFqcGc@._V1_SX300.jpg,"[{'Source': 'Internet Movie Database', 'Value': '8.1/10'}, {'Source': 'Rotten Tomatoes', 'Value': '89%'}, {'Source': 'Metacritic', 'Value': '84/100'}]",84,8.1,"876,371",tt0083658,movie,N/A,"$32,914,489",N/A,N/A,True,CINE.pdf,
Blanco perfecto,1996,N/A,N/A,N/A,N/A,Pilar Ruiz-Gutiérrez,N/A,"Andrés Gertrúdix, Jorge Munárriz, Adolfo Obregón",N/A,N/A,Spain,N/A,N/A,[],N/A,N/A,N/A,tt0115700,movie,N/A,N/A,N/A,N/A,True,CINE.pdf,
Boccaccio '70,1962,Unrated,26 Jun 1962,205 min,"Comedy, Fantasy, Romance","Vittorio De Sica, Federico Fellini, Mario Monicelli","Cesare Zavattini, Giovanni Arpino, Italo Calvino","Anita Ekberg, Sophia Loren, Romy Schneider","Four directors tell tales of Eros fit for a 1970 Decameron. Working-class lovers Renzo and Luciana marry but must hide it from her employer; plus, they need a room of their own. A billboard of Anita Ekberg provocatively selling milk gives a prudish crusader for public decency more than he can handle. The wife of a count whose escapades with call girls make the front page of the papers decides to work to prove her independence, but what is she qualified to do? A buxom carnival-booth manager who owes back taxes offers herself for one night in a lottery: a nerdy sacristan and a jealous cowboy make for a lovers' triangle. In each, women take charge, but not always happily.","Italian, German","Italy, France",1 nomination total,https://m.media-amazon.com/images/M/MV5BMjUxNmIxZGEtZjhkMC00NTFmLTllNGMtYmQ4YTE3NWExNWQ0XkEyXkFqcGc@._V1_SX300.jpg,"[{'Source': 'Internet Movie Database', 'Value': '7.0/10'}, {'Source': 'Rotten Tomatoes', 'Value': '50%'}]",N/A,7.0,"5,568",tt0055805,movie,N/A,N/A,N/A,N/A,True,CINE.pdf,
Blood Diamond,2006,R,08 Dec 2006,143 min,"Adventure, Drama, Thriller",Edward Zwick,"Charles Leavitt, C. Gaby Mitchell","Leonardo DiCaprio, Djimon Hounsou, Jennifer Connelly","A story following Archer, a man tortured by his roots. With a strong survival instinct, he has made himself a key player in the business of conflict diamonds. Political unrest is rampant in Sierra Leone as people fight tooth for tooth. Upon meeting Solomon, and the beautiful Maddy, Archer's life changes forever as he is given a chance to make peace with the war around him.","English, Mende, Afrikaans","United States, Germany, United Kingdom, South Africa, India",Nominated for 5 Oscars. 8 wins & 32 nominations total,https://m.media-amazon.com/images/M/MV5BOGYzOGI0YTUtNTAwYy00M2JhLTgyODEtMjlhZTk1Yzc5ZTBhXkEyXkFqcGc@._V1_SX300.jpg,"[{'Source': 'Internet Movie Database', 'Value': '8.0/10'}, {'Source': 'Rotten Tomatoes', 'Value': '64%'}, {'Source': 'Metacritic', 'Value': '64/100'}]",64,8.0,"622,478",tt0450259,movie,N/A,"$57,377,916",N/A,N/A,True,CINE.pdf,
Sangre,2020,N/A,03 Dec 2020,102 min,Drama,Juan Schnitman,"Juan Barberini, Agustina Liendo, Juan Schnitman","Juan Barberini, Natalia Tena, Bella Camero","Fernando works in an oil tanker that connects two major Argentinian cities. He has a young girlfriend in one and a married lover in the other. As they both become pregnant, his life starts to disintegrate into obsession and violence.","English, Portuguese, Spanish","Argentina, Spain, Brazil, Germany, France",1 nomination total,https://m.media-amazon.com/images/M/MV5BYjE1MDg4MTktYjFmYi00YWZmLTlmMWUtYTBhOTM1NTkyY2JiXkEyXkFqcGc@._V1_SX300.jpg,"[{'Source': 'Internet Movie Database', 'Value': '4.6/10'}]",N/A,4.6,159,tt10504776,movie,N/A,N/A,N/A,N/A,True,CINE.pdf,
Captain America: The Winter Soldier,2014,PG-13,04 Apr 2014,136 min,"Action, Adventure, Sci-Fi","Anthony Russo, Joe Russo","Christopher Markus, Stephen McFeely, Joe Simon","Chris Evans, Samuel L. Jackson, Scarlett Johansson","For Steve Rogers, awakening after decades of suspended animation involves more than catching up on pop culture; it also means that this old school idealist must face a world of subtler threats and difficult moral complexities. That becomes clear when Director Nick Fury is killed by the mysterious assassin, the Winter Soldier, but not before warning Rogers that SHIELD has been subverted by its enemies. When Rogers acts on Fury's warning to trust no one there, he is branded as a traitor by the organization. Now a fugitive, Captain America must get to the bottom of this deadly mystery with the help of the Black Widow and his new friend, The Falcon. However, the battle will be costly for the Sentinel of Liberty, with Rogers finding enemies where he least expects them while learning that the Winter Soldier looks disturbingly familiar.","English, French",United States,Nominated for 1 Oscar. 5 wins & 52 nominations total,https://m.media-amazon.com/images/M/MV5BNWY1NjFmNDItZDhmOC00NjI1LWE0ZDItMTM0MjBjZThiOTQ2XkEyXkFqcGc@._V1_SX300.jpg,"[{'Source': 'Internet Movie Database', 'Value': '7.7/10'}, {'Source': 'Rotten Tomatoes', 'Value': '90%'}, {'Source': 'Metacritic', 'Value': '70/100'}]",70,7.7,"965,363",tt1843866,movie,N/A,"$259,766,572",N/A,N/A,True,CINE.pdf,
Alejandro VI: Las Intrigas de los Borgia,2011,N/A,01 Jan 2011,16 min,"Documentary, Short",Horacio Ojeda Lacognata,N/A,N/A,N/A,Spanish,Paraguay,N/A,N/A,[],N/A,N/A,N/A,tt3171242,movie,N/A,N/A,N/A,N/A,True,CINE.pdf,
Rojo en el Bosque Sangriento,2009,N/A,N/A,N/A,Short,Tetsuo Lumiere,N/A,N/A,N/A,N/A,Argentina,N/A,N/A,[],N/A,N/A,N/A,tt15546228,movie,N/A,N/A,N/A,N/A,True,CINE.pdf,
Heroes,2006–2010,TV-14,25 Sep 2006,45 min,"Crime, Drama, Fantasy",N/A,Tim Kring,"Hayden Panettiere, Jack Coleman, Milo Ventimiglia","People all over the U.S and the world start to realize they have special abilities, like telekinesis, healing abilities, flying powers, time travel, invisibility, and the ability to absorb other's abilities. One man, known as Sylar, wants to gain all the power of these ""heroes"" so he can be the most powerful and evolved human of all, and stops at nothing to gruesomely kill these people. In order to protect themselves from him, these people must help one another before Sylar can destroy them all, while they each deal with problems of their own.","English, Japanese, Spanish",United States,Won 1 Primetime Emmy. 31 wins & 108 nominations total,https://m.media-amazon.com/images/M/MV5BMjI3ODU0OTQ1MV5BMl5BanBnXkFtZTgwNzI0MTQ2MzE@._V1_SX300.jpg,"[{'Source': 'Internet Movie Database', 'Value': '7.5/10'}]",N/A,7.5,"259,332",tt0813715,series,,,,,True,CINE.pdf,4
Braveheart,1995,R,24 May 1995,178 min,"Biography, Drama, War",Mel Gibson,Randall Wallace,"Mel Gibson, Sophie Marceau, Patrick McGoohan","William Wallace is a Scottish rebel who leads an uprising against the cruel English ruler Edward the Longshanks, who wishes to inherit the crown of Scotland for himself. When he was a young boy, William Wallace's father and brother, along with many others, lost their lives trying to free Scotland. Once he loses another of his loved ones, William Wallace begins his long quest to make Scotland free once and for all, along with the assistance of Robert the Bruce.","English, French, Latin, Gaelic, Italian",United States,Won 5 Oscars. 34 wins & 34 nominations total,https://m.media-amazon.com/images/M/MV5BNGMxZDBhNGQtYTZlNi00N2UzLWI4NDEtNmUzNWM2NTdmZDA0XkEyXkFqcGc@._V1_SX300.jpg,"[{'Source': 'Internet Movie Database', 'Value': '8.3/10'}, {'Source': 'Rotten Tomatoes', 'Value': '76%'}, {'Source': 'Metacritic', 'Value': '68/100'}]",68,8.3,"1,155,463",tt0112573,movie,N/A,"$75,609,945",N/A,N/A,True,CINE.pdf,
Brokeback Mountain,2005,R,13 Jan 2006,134 min,"Drama, Romance",Ang Lee,"Annie Proulx, Larry McMurtry, Diana Ossana","Jake Gyllenhaal, Heath Ledger, Michelle Williams","Their acquaintance began on the warm summer of 1963, when cowboys, Ennis Del Mar and Jack Twist, ended up on the sheep farm of Joe Aguirre in Brokeback Mountain, Wyoming while looking for work. Under unexpected circumstances, little by little, the two men developed an intimate relationship that turned into a profound but secret bond, right under the nose of their families. However, love, and its many faces, is eternal. Who can stop love, life's ultimate truth?","English, Spanish","Canada, United States",Won 3 Oscars. 141 wins & 133 nominations total,https://m.media-amazon.com/images/M/MV5BMzM4OWFjMTMtZjNjOS00YmU3LTlhY2MtNjFiMTVkN2Y1OTZlXkEyXkFqcGc@._V1_SX300.jpg,"[{'Source': 'Internet Movie Database', 'Value': '7.7/10'}, {'Source': 'Rotten Tomatoes', 'Value': '88%'}, {'Source': 'Metacritic', 'Value': '87/100'}]",87,7.7,"414,080",tt0388795,movie,N/A,"$84,111,816",N/A,N/A,True,CINE.pdf,
El rey de la montaña,2007,R,12 Sep 2008,90 min,Thriller,Gonzalo López-Gallego,"Javier Gullón, Gonzalo López-Gallego","Leonardo Sbaraglia, María Valverde, Thomas Riordan","Quim drives around an isolated rural area through a maze of lanes. When he drives into the woods, he gets lost. Trying to find his direction, he suddenly gets shot from the hill. On his escape from gunshots, he meets Bea, an attractive young woman, who apparently is lost as well. Suspicious of each other, they join forces to run away through the forest, unprotected, cold, hunted...",Spanish,Spain,4 wins & 1 nomination total,https://m.media-amazon.com/images/M/MV5BMTk5MTkyMjcwOV5BMl5BanBnXkFtZTcwMDgzODEyMg@@._V1_SX300.jpg,"[{'Source': 'Internet Movie Database', 'Value': '6.1/10'}, {'Source': 'Rotten Tomatoes', 'Value': '83%'}]",N/A,6.1,"3,467",tt1085862,movie,N/A,N/A,N/A,N/A,True,CINE.pdf,
Bola de Nieve,2003,N/A,17 Feb 2003,73 min,"Documentary, Biography, Music",José Sánchez-Montes,"Mariano Maresca, José Sánchez-Montes","Bola de Nieve, Nisia Aguero, Santiago Auserón, Miguel Barnet","Documentary about Cuban pianist and singer Bola de Nieve, aka Ignácio Villa, black, homossexual, mystic, pro-revolution and, above all, musician, one of the latin-american myths of the 20th Century.",Spanish,"Spain, Cuba, Mexico",2 wins.,N/A,"[{'Source': 'Internet Movie Database', 'Value': '6.7/10'}]",N/A,6.7,11,tt0360435,movie,N/A,N/A,N/A,N/A,True,CINE.pdf,
Buen trabajo,2022,N/A,08 Nov 2022,N/A,N/A,N/A,N/A,"Candela Peña, Antonio Resines, Marcos Grison",Buen Trabajo,Spanish,Spain,N/A,https://m.media-amazon.com/images/M/MV5BMDk3ODQxZWMtY2UzZC00MmIyLWEwNzQtYTVlMWQwZDllYzY3XkEyXkFqcGdeQXVyMTA0MjU0Ng@@._V1_SX300.jpg,[],N/A,N/A,N/A,tt23025204,series,,,,,True,CINE.pdf,N/A
Bugambilia,1945,N/A,02 Nov 1945,105 min,"Drama, Romance",Emilio Fernández,"Emilio Fernández, Mauricio Magdaleno","Dolores Del Río, Pedro Armendáriz, Julio Villarreal","A tragic love story between the daughter of a rich miner and a humble cockfight owner/trainer (gallero) puts filial love, defense of honour, and loyalty to the test.",Spanish,Mexico,1 win & 1 nomination,https://m.media-amazon.com/images/M/MV5BMjE1ODMyOTk2NF5BMl5BanBnXkFtZTcwMjM5MTk2MQ@@._V1_SX300.jpg,"[{'Source': 'Internet Movie Database', 'Value': '7.4/10'}]",N/A,7.4,137,tt0036678,movie,N/A,N/A,N/A,N/A,True,CINE.pdf,
The Fabulous Baker Boys,1989,R,13 Oct 1989,114 min,"Comedy, Drama, Music",Steve Kloves,Steve Kloves,"Jeff Bridges, Michelle Pfeiffer, Beau Bridges","The Fabulous Baker Boys, a Seattle-based duo piano lounge act performing cheesy jazz renditions of pop standards, is comprised of thirty-something brothers Frank and Jack Baker. Older Frank, married with two children, is the controlling business manager, front man and sole programmer of the playlist. Younger Jack is the carefree one without commitments to anything or anyone, including women, he who has had a long string of one night stands, most specifically with cocktail waitresses. Jack's strongest commitments are to his aging dog, Eddie, and to Nina, the lonely adolescent who lives in the apartment above his with her single, constantly dating mother. Jack's commitment to Nina is because of her unwavering commitment to him. The Baker Boys' act is becoming stale and outdated, and as such their ability to hold onto what gigs they are able to get is getting more difficult. So Frank comes up with the idea of hiring a singer to beef up the act. After thirty-seven failed auditions, they finally hire the last, the thirty-eighth auditioner, Susie Diamond, a woman one step above white trash. Despite Susie having no formal singing experience, she has just a strong enough vocal talent of the music they perform, and can sell a song largely on her stage presence and sex appeal. She is able to turn off her outward tough girl demeanor once she's on stage. Susie is initially an uneasy addition to the act, but becomes an integral part of it as the act begins getting more gigs, more lucrative ones at that. But Susie's presence not only threatens the new act, but threatens the interrelationships between all three. Frank believes the biggest threat is any sexual tension, perceived or real, between Jack and Susie. However, the biggest threat is how Susie is able to expose the fundamental rifts between the brothers, Frank whose primary goal is to put food on his family's table, while Jack's is his true musical dreams which are being stifled by the act.",English,"United States, West Germany",Nominated for 4 Oscars. 14 wins & 17 nominations total,https://m.media-amazon.com/images/M/MV5BZDFlYjBkOTMtM2I4Yi00ZmUyLTg0YjctY2RhZmI0NTk0ZmE0XkEyXkFqcGc@._V1_SX300.jpg,"[{'Source': 'Internet Movie Database', 'Value': '6.9/10'}, {'Source': 'Rotten Tomatoes', 'Value': '97%'}, {'Source': 'Metacritic', 'Value': '85/100'}]",85,6.9,"26,169",tt0097322,movie,N/A,"$18,428,904",N/A,N/A,True,CINE.pdf,
Bulletproof Monk,2003,PG-13,16 Apr 2003,104 min,"Action, Comedy, Fantasy",Paul Hunter,"Ethan Reiff, Cyrus Voris","Chow Yun-Fat, Seann William Scott, Jaime King","For 60 years a mysterious monk with no name has zigzagged the globe to protect an ancient scroll - a scroll that holds the key to unlimited power. Now the Monk must look for a new scrollkeeper. Kar is an unlikely candidate, a streetwise young man whose only interest is himself. But when he inadvertently saves the Bulletproof Monk from capture, the two become partners in a scheme to save the world from the scroll's most avid pursuer. Packed with spectacular special effects and martial arts action, the Monk, Kar, and a sexy Russian mob princess called Bad Girl must struggle to find, face, and fight the ultimate enemy.","English, Tibetan, Punjabi, German","United States, Canada",1 nomination total,https://m.media-amazon.com/images/M/MV5BMTEwODkxNzE4NzVeQTJeQWpwZ15BbWU3MDY5NDYwMzQ@._V1_SX300.jpg,"[{'Source': 'Internet Movie Database', 'Value': '5.5/10'}, {'Source': 'Rotten Tomatoes', 'Value': '22%'}, {'Source': 'Metacritic', 'Value': '40/100'}]",40,5.5,"53,676",tt0245803,movie,N/A,"$23,358,708",N/A,N/A,True,CINE.pdf,
La Cabaña,2023–,N/A,18 Nov 2023,N/A,Reality-TV,N/A,N/A,"Karen Doggenweiler, Katyna Huberman, Fernanda Finsterbusch",N/A,Spanish,Chile,N/A,N/A,[],N/A,N/A,N/A,tt31974224,series,,,,,True,CINE.pdf,N/A
Cabaret,1972,PG,13 Feb 1972,124 min,"Drama, Music, Musical",Bob Fosse,"Joe Masteroff, John Van Druten, Christopher Isherwood","Liza Minnelli, Michael York, Helmut Griem","Cambridge University student Brian Roberts arrives in Berlin in 1931 to complete his German studies. Without much money, he plans on making a living teaching English while living in an inexpensive rooming house, where he befriends another of the tenants, American Sally Bowles. She is outwardly a flamboyant, perpetually happy person who works as a singer at the decadent Kit Kat Klub, a cabaret styled venue. Sally's outward façade is matched by that of the Klub, overseen by the omnipresent Master of Ceremonies. Sally draws Brian into her world, and initially wants him to be one of her many lovers, until she learns that he is a homosexual, albeit a celibate one. Among their other friends are his students, the poor Fritz Wendel, who wants to be a gigolo to live a comfortable life, and the straight-laced and beautiful Natalia Landauer, a Jewish heiress. Fritz initially sees Natalia as his money ticket, but eventually falls for her. However Natalia is suspect of his motives and cannot overcome their religious differences. Also into Sally and Brian's life comes the wealthy Baron Maximilian von Heune, who has the same outlook on life as Sally, but who has the money to support it. Max is willing to lavish his new friends with gifts and his favors. Around them all is the Nazi uprising, to which they seem to pay little attention or care. But they ultimately learn that life in all its good and particularly bad continues to happen to them and around them.","English, German, Hebrew, French",United States,Won 8 Oscars. 35 wins & 17 nominations total,https://m.media-amazon.com/images/M/MV5BZGExNGNlNmQtZTlmNy00MmZkLWE1MjgtZGYwODY0ZDI1YzMwXkEyXkFqcGc@._V1_SX300.jpg,"[{'Source': 'Internet Movie Database', 'Value': '7.8/10'}, {'Source': 'Rotten Tomatoes', 'Value': '92%'}, {'Source': 'Metacritic', 'Value': '80/100'}]",80,7.8,"63,304",tt0068327,movie,N/A,N/A,N/A,N/A,True,CINE.pdf,
Cabeza de Vaca,1991,R,17 Apr 1992,111 min,"Adventure, Biography, Drama",Nicolás Echevarría,"Nicolás Echevarría, Alvar Nunez Cabeza de Vaca, Xavier Robles","Juan Diego, Daniel Giménez Cacho, Roberto Sosa","An international award winning saga of old Mexico. In 1528, a Spanish expedition founders off the coast of Florida with 600 lives lost. One survivor, Alvar Nunez Cabeza de Vaca, roams across the American continent searching for his Spanish comrades. Instead, he discovers the Iguase, an ancient Indian tribe. Over the next eight years, Cabeza de Vaca learns their mystical and mysterious culture, becoming a healer and a leader. But soon this New World collides with the Old World as Spanish conquistadors seek to enslave the Indians, and Cabeza de Vaca must confront his own people and his past.","Spanish, Latin","Mexico, Spain, United States, United Kingdom",2 wins & 5 nominations,https://m.media-amazon.com/images/M/MV5BMjA4MzQ5MDkwM15BMl5BanBnXkFtZTcwMjc1NTIyMQ@@._V1_SX300.jpg,"[{'Source': 'Internet Movie Database', 'Value': '6.9/10'}]",N/A,6.9,"1,219",tt0101529,movie,N/A,"$789,127",N/A,N/A,True,CINE.pdf,
Cachorro,2004,R,27 Feb 2004,99 min,"Comedy, Drama",Miguel Albaladejo,"Salvador García Ruiz, Miguel Albaladejo","José Luis García-Pérez, David Castillo, Empar Ferrer","Pedro, a gay man with an active social life and big circle of friends, takes in his nephew Bernardo for a couple weeks. When it appears as though it might become a permanent arrangement, however, Pedro turns to his friends for guidance as he and 9-year-old Bernardo begin to forge a household together.","Spanish, French",Spain,3 wins & 2 nominations,https://m.media-amazon.com/images/M/MV5BYzc5Y2IwZDktZTZhYi00NDY4LWEyZDMtMGIzZTY1YzAzMzE4XkEyXkFqcGdeQXVyMTY5Nzc4MDY@._V1_SX300.jpg,"[{'Source': 'Internet Movie Database', 'Value': '7.1/10'}, {'Source': 'Rotten Tomatoes', 'Value': '74%'}, {'Source': 'Metacritic', 'Value': '63/100'}]",63,7.1,"3,704",tt0359045,movie,N/A,"$100,133",N/A,N/A,True,CINE.pdf,
Los cachorros,1973,N/A,10 May 1973,110 min,Drama,Jorge Fons,"Jorge Fons, Eduardo Luján, José Emilio Pacheco","José Alonso, Helena Rojo, Carmen Montejo",A man who has been mutilated in boyhood encounters numerous difficulties because of it. His frustration at being unable to culminate his relationships with women eventually drives him to drastic actions.,Spanish,Mexico,3 wins & 2 nominations,https://m.media-amazon.com/images/M/MV5BM2Q2OGNjZDItNzMyNC00NzE4LTg4M2EtZGI4OTI4NGJkNWRjXkEyXkFqcGdeQXVyMzU0NzkwMDg@._V1_SX300.jpg,"[{'Source': 'Internet Movie Database', 'Value': '6.4/10'}]",N/A,6.4,113,tt0066877,movie,N/A,N/A,N/A,N/A,True,CINE.pdf,
JK5022 Una cadena de errores,2012,N/A,20 Nov 2012,75 min,Documentary,Ione Hernández,N/A,N/A,N/A,Spanish,Spain,N/A,N/A,[],N/A,N/A,N/A,tt3555136,movie,N/A,N/A,N/A,N/A,True,CINE.pdf,
Born to Be Blue,2015,R,30 Mar 2016,97 min,"Biography, Drama, Music",Robert Budreau,"Robert Budreau, James Luscombe","Ethan Hawke, Carmen Ejogo, Callum Keith Rennie","Born to be Blue starring Ethan Hawke is a re-imagining of jazz trumpeter Chet Baker's life in the 60's. When Chet stars in a film about himself, a romance heats up with his costar, the enigmatic Jane (Carmen Ejogo). Production is shelved when Chet's past comes back to haunt him and it appears he may never play music again but Jane challenges him to mount a musical comeback against all the odds.","English, Italian","Canada, United Kingdom",4 wins & 8 nominations total,https://m.media-amazon.com/images/M/MV5BMjI3NTk0OTM5OF5BMl5BanBnXkFtZTgwOTMxMTE5NzE@._V1_SX300.jpg,"[{'Source': 'Internet Movie Database', 'Value': '6.8/10'}, {'Source': 'Rotten Tomatoes', 'Value': '88%'}, {'Source': 'Metacritic', 'Value': '64/100'}]",64,6.8,"9,438",tt2133196,movie,N/A,"$830,129",N/A,N/A,True,CINE.pdf,
Cadena Perpetua,2015,N/A,N/A,27 min,"Short, Crime, Drama",Jesús Alarcón-Castellanos,Alfredo Huereca,"Alfredo Huereca, Moises González, Julio Bracho",A psychoanalyst is called to interview a young man accused of molesting a minor.,Spanish,"Mexico, United States",2 wins & 1 nomination,https://m.media-amazon.com/images/M/MV5BMjE1YzQwZTAtYTU0NC00MTJmLWJlYmUtMzk0ZWZmZmM0Y2FlXkEyXkFqcGdeQXVyNDg4MjExNzY@._V1_SX300.jpg,[],N/A,N/A,N/A,tt5428688,movie,N/A,N/A,N/A,N/A,True,CINE.pdf,
Calabacitas tiernas,1949,N/A,24 Feb 1949,101 min,"Comedy, Musical",Gilberto Martínez Solares,"Juan García, Gilberto Martínez Solares, Eduardo Ugarte","Germán Valdés, Rosita Quintana, Nelly Montiel","In this movie ""Tin Tan"" plays a broke man harassed by his creditors, so he comes up with a plan to put on an international musical show with four beautiful women, matters get complicated when all of the women want the lead role in the show, and all of the women fall in love with him.",Spanish,Mexico,N/A,https://m.media-amazon.com/images/M/MV5BY2MxZWQ3NDUtZGIwNy00ZmQ3LTg4MzQtZDI5OTU1ZjQ1MGMyXkEyXkFqcGc@._V1_SX300.jpg,"[{'Source': 'Internet Movie Database', 'Value': '7.2/10'}]",N/A,7.2,322,tt0040197,movie,N/A,N/A,N/A,N/A,True,CINE.pdf,
Cambio de vida,2007–,N/A,10 Dec 2007,60 min,"Drama, Romance",N/A,N/A,"Augusto Di Paolo, Hugo Catalán, Elba Jiménez",N/A,Spanish,Mexico,N/A,https://m.media-amazon.com/images/M/MV5BNjJjZWY4OGItODExNC00NzUzLWFkZTEtZDFjMmRiNzMxZTBmXkEyXkFqcGc@._V1_SX300.jpg,"[{'Source': 'Internet Movie Database', 'Value': '7.3/10'}]",N/A,7.3,12,tt1220268,series,,,,,True,CINE.pdf,1
Camino de la venganza,1922,N/A,22 Jul 1922,N/A,Drama,"Narciso Rada, Luis Ugarte",Narciso Rada,"Teresita Arce, Gloria Cisneros, Enrique Guido Spano",N/A,None,Peru,N/A,N/A,[],N/A,N/A,N/A,tt0012996,movie,N/A,N/A,N/A,N/A,True,CINE.pdf,
Buenos Aires 100 Km,2004,Not Rated,10 Feb 2005,93 min,Drama,Pablo José Meza,Pablo José Meza,"Juan Ignacio Pérez Roca, Emiliano Fernández, Hernán Wainstein","A group of five friends around thirteen years old begin to understand that life is not simply about riding bicycles, playing soccer games, or, if they can, enjoying the summer. Guido works under his father's orders and is sometimes rewarded with a beating. Damian is an adopted child and, as such, suffers from an identity crisis that typically marks the teenage years. Matias is left outside his own house every night by his hateful parents. Alejo discovers that his mother has a lover and that women have desires and men have their failures. Esteban is the goal-keeper of the football team and, as such, has the central role among his friends. Esteban draws his generosity from his family. With their hormones kicking in due to reaching puberty, the boys become curious about women and begin to have sexual desires, yet they still have to deal with their parents and families. They begin to spend time outside a women's hairdressing salon. The five boys yearn to grow older faster and dream about a place outside of their small town.",Spanish,"Argentina, France, Spain",5 wins & 4 nominations,https://m.media-amazon.com/images/M/MV5BMjExMTA2NDg2OF5BMl5BanBnXkFtZTgwMDY4NzgwMzE@._V1_SX300.jpg,"[{'Source': 'Internet Movie Database', 'Value': '6.5/10'}]",N/A,6.5,356,tt0356446,movie,N/A,N/A,N/A,N/A,True,CINE.pdf,
"Bushido, El Camino del Guerrero",2025,N/A,N/A,65 min,Documentary,Alejandro Martos,Alejandro Martos,"Raquel Barrientos, Jorge Cano, Eduardo Carballeira",N/A,N/A,Spain,N/A,N/A,[],N/A,N/A,N/A,tt35615360,movie,N/A,N/A,N/A,N/A,True,CINE.pdf,
Calígula,1970–,N/A,N/A,N/A,Comedy,N/A,N/A,"Tristán, Mario Sapag, Calígula",N/A,Spanish,Argentina,N/A,N/A,[],N/A,N/A,N/A,tt4847350,series,,,,,True,CINE.pdf,1
Callejón Sin Salida,2015,N/A,25 Nov 2015,N/A,"Short, Crime",Manuel Humarán,Manuel Humarán,"Obed Amaya, Rosario Camacho Casasola, Alejandro Solís, Lilian Sephira Sánchez",N/A,Spanish,Mexico,N/A,https://m.media-amazon.com/images/M/MV5BZmJmOTY2MmUtZTk1Yi00ZjRhLWJjZDMtMmMwY2IzYzE1ZTczXkEyXkFqcGdeQXVyNTYzMzM5NzA@._V1_SX300.jpg,[],N/A,N/A,N/A,tt8027212,movie,N/A,N/A,N/A,N/A,True,CINE.pdf,
Canoa: A Shameful Memory,1976,Not Rated,04 Mar 1976,115 min,"Adventure, Crime, Drama",Felipe Cazals,Tomás Pérez Turrent,"Enrique Lucero, Salvador Sánchez, Ernesto Gómez Cruz","A group of local university employees arrives in a small town during a hiking expedition. Once there, the local priest accuses them of being communist agitators and rallies the townsfolk to lynch them. Based on true facts that occurred in the town of Canoa in 1968.","Spanish, Nahuatl",Mexico,3 wins & 6 nominations total,https://m.media-amazon.com/images/M/MV5BZTcyZTVmYTAtNGM1Zi00NDY1LTkzZWUtY2NlNjdmNzRjNWU1XkEyXkFqcGc@._V1_SX300.jpg,"[{'Source': 'Internet Movie Database', 'Value': '7.8/10'}, {'Source': 'Rotten Tomatoes', 'Value': '86%'}]",N/A,7.8,"2,154",tt0131335,movie,N/A,N/A,N/A,N/A,True,CINE.pdf,
Candilejas,1965–,N/A,01 Oct 1965,N/A,Comedy,N/A,N/A,"Lolita Torres, Carlos Muñoz, Juan Carlos Altavista",N/A,Spanish,Argentina,N/A,https://m.media-amazon.com/images/M/MV5BZWI2ZDNmMDctNDIzZi00OTQyLTg2M2YtMTkzZDQ2OTQwODk0XkEyXkFqcGdeQXVyODcyNTYzMTA@._V1_SX300.jpg,[],N/A,N/A,N/A,tt1979458,series,,,,,True,CINE.pdf,1
Rain,1932,Approved,12 Oct 1932,94 min,Drama,Lewis Milestone,"John Colton, Clemence Randolph, W. Somerset Maugham","Joan Crawford, Walter Huston, Fred Howard","For residents on the idyllic South Seas island of Pago Pago, life is simple until a boat arrives carrying two couples, the Davidsons (who are missionaries), the MacPhails and a prostitute named Sadie Thompson. Davidson is more than just a religious zealot; he's a mad man. When the boat, which was en route to another port, is temporarily stranded on the island due to a possible Cholera outbreak on-board, Sadie spends her time ""partying"" with the American soldiers stationed on the island. Her behavior, however, is more than the Davidsons can stand and soon Mr. Davidson confronts Sadie about her evil ways and offers salvation. When Sadie rebels and the attempted redemption does not go as planned, Davidson arranges to have her sent back to San Francisco, where she fled some years ago due to mysterious personal issues. Davidson soon becomes unhinged and thus begins a series of surprising events which culminate in disaster.",English,United States,N/A,https://m.media-amazon.com/images/M/MV5BMTg1ODk3NDE0MF5BMl5BanBnXkFtZTgwMTc0MjUzMjE@._V1_SX300.jpg,"[{'Source': 'Internet Movie Database', 'Value': '6.9/10'}, {'Source': 'Rotten Tomatoes', 'Value': '90%'}]",N/A,6.9,"3,111",tt0023369,movie,N/A,"$1,172,840",N/A,N/A,True,CINE.pdf,
Camino Hacia el terror silencio el despertar del mal,2025,N/A,28 Apr 2025,61 min,Horror,Josue E. Rodriguez,N/A,"Emmanuel De Leon, Luis Aaron Gonzalez, Salvador Grimaldo",N/A,N/A,Mexico,N/A,N/A,[],N/A,N/A,N/A,tt39496233,movie,N/A,N/A,N/A,N/A,True,CINE.pdf,
Demasiado viejo para morir joven,1989,N/A,13 Jan 1989,103 min,Drama,Isabel Coixet,Isabel Coixet,"Gerardo Arenas, Emma Suárez, Emilio Lain","Barcelona: two friends just find any temporary jobs to get by. One of them quits his job as a waiter to move to work as a messenger; the other is working as a taxi driver. The messenger, in his comings and goings at night, go through many offices, private homes and bars and will be in the most varied situations: some of them dark, sometimes sinister and pathetic and some even pleasant.",Spanish,Spain,1 nomination,https://m.media-amazon.com/images/M/MV5BYzEwOTIwMTktZjIzMS00ZDVmLTg5MTYtZWQ2MzU3MjY5OGExXkEyXkFqcGdeQXVyMzEwMDM2NDE@._V1_SX300.jpg,"[{'Source': 'Internet Movie Database', 'Value': '5.4/10'}]",N/A,5.4,134,tt0094994,movie,N/A,N/A,N/A,N/A,True,CINE.pdf,
Invierno,2015,N/A,18 Mar 2015,291 min,Drama,Alberto Fuguet,"Alberto Fuguet, Rene Martin","Matías Oviedo, Pablo Cerda, Kathy Salosny",The film deals with the unforeseen effects generated by a young writer's suicide.,Spanish,Chile,N/A,https://m.media-amazon.com/images/M/MV5BODU0OTQ2NTg5M15BMl5BanBnXkFtZTgwOTUyMTM3NTE@._V1_SX300.jpg,"[{'Source': 'Internet Movie Database', 'Value': '6.7/10'}]",N/A,6.7,92,tt3099616,movie,N/A,N/A,N/A,N/A,True,CINE.pdf,
Placer sangriento,1967,R,01 Oct 1967,78 min,Horror,Emilio Vieyra,"Jack Curtis, Antonio Rosso, Emilio Vieyra","Alberto Candeau, Eduardo Muñoz, Ricardo Bauleo","A masked killer prowls the beaches of Argentina, injecting beautiful girls with heroin, and then using weird organ music to make them his zombie slaves.",Spanish,Argentina,N/A,https://m.media-amazon.com/images/M/MV5BNmQ3NjFiZDktMzdiMy00MzhlLTgyNTUtNDg3NzE2MDZmZmY3XkEyXkFqcGc@._V1_SX300.jpg,"[{'Source': 'Internet Movie Database', 'Value': '4.2/10'}]",N/A,4.2,198,tt0062132,movie,N/A,N/A,N/A,N/A,True,CINE.pdf,
Capote,2005,R,03 Feb 2006,114 min,"Biography, Crime, Drama",Bennett Miller,"Dan Futterman, Gerald Clarke","Philip Seymour Hoffman, Clifton Collins Jr., Catherine Keener","Famed writer Truman Capote, southern born and bred but now part of the New York City social circle, is growing weary of his current assignment of writing autobiographical type pieces for the New Yorker. After reading a newspaper article about the just occurred November 14, 1959 cold blooded murders of the Clutter family in their rural Kansas home, Truman feels compelled to write about that event as his next article. So he and his personal assistant Nelle Harper Lee, also a southern born New Yorker and an aspiring writer of her own, head to Kansas to research the story first-hand. Truman hopes to use his celebrity status to gain access to whomever he needs, such as to Laura Kinney, a friend of the Clutter daughter she who discovered the bodies, and to Alvin Dewey, the lead police investigator and also a Clutter family friend. If his celebrity doesn't work, Truman will grease the wheels by whatever means necessary. When the police eventually charge suspects, two young men named Dick Hickcock and Perry Smith, Truman uses those same tactics to gain access to them. Truman's fascination with the story makes him believe that he can revolutionize writing by expanding the germ of the article into what he calls a non-fiction novel. His personal involvement also changes as he grows emotionally attached to Perry, the seemingly sensitive and thus probable submissive in the criminal pairing, thus Truman becoming part of the story itself. Article or non-fiction novel, Truman knows that he has to take it to its natural conclusion, something which he cannot force. But also missing are the details of the November 14, 1959 event itself, something that neither Dick or Perry have divulged even in testimony.",English,"United States, Canada",Won 1 Oscar. 59 wins & 89 nominations total,https://m.media-amazon.com/images/M/MV5BMTczMzU0MjM1MV5BMl5BanBnXkFtZTcwMjczNzgyNA@@._V1_SX300.jpg,"[{'Source': 'Internet Movie Database', 'Value': '7.3/10'}, {'Source': 'Rotten Tomatoes', 'Value': '89%'}, {'Source': 'Metacritic', 'Value': '88/100'}]",88,7.3,"148,094",tt0379725,movie,N/A,"$28,750,530",N/A,N/A,True,CINE.pdf,
Carácter,2022,N/A,N/A,4 min,"Short, Musical",Jaime Dezcallar,"Jaime Dezcallar, Arbi El Harti",María Pagés,N/A,Spanish,Spain,N/A,https://m.media-amazon.com/images/M/MV5BZmQ3NmVlYWItNGYxMy00ODEzLWI4NDAtMGMxMGZjZTg5M2ZmXkEyXkFqcGc@._V1_SX300.jpg,[],N/A,N/A,N/A,tt22782020,movie,N/A,N/A,N/A,N/A,True,CINE.pdf,
Carol,2015,R,15 Jan 2016,118 min,"Drama, Romance",Todd Haynes,"Patricia Highsmith, Phyllis Nagy","Cate Blanchett, Rooney Mara, Sarah Paulson","In an adaptation of Patricia Highsmith's seminal novel The Price of Salt, CAROL follows two women from very different backgrounds who find themselves in an unexpected love affair in 1950s New York. As conventional norms of the time challenge their undeniable attraction, an honest story emerges to reveal the resilience of the heart in the face of change. A young woman in her 20s, Therese Belivet (Rooney Mara), is a clerk working in a Manhattan department store and dreaming of a more fulfilling life when she meets Carol (Cate Blanchett), an alluring woman trapped in a loveless, convenient marriage. As an immediate connection sparks between them, the innocence of their first encounter dims and their connection deepens. While Carol breaks free from the confines of marriage, her husband (Kyle Chandler) begins to question her competence as a mother as her involvement with Therese and close relationship with her best friend Abby (Sarah Paulson) come to light.",English,"United Kingdom, France, Australia, United States",Nominated for 6 Oscars. 76 wins & 255 nominations total,https://m.media-amazon.com/images/M/MV5BMTczNTQ4OTEyNV5BMl5BanBnXkFtZTgwNDgyMDI3NjE@._V1_SX300.jpg,"[{'Source': 'Internet Movie Database', 'Value': '7.3/10'}, {'Source': 'Rotten Tomatoes', 'Value': '94%'}, {'Source': 'Metacritic', 'Value': '94/100'}]",94,7.3,"152,897",tt2402927,movie,N/A,"$12,711,491",N/A,N/A,True,CINE.pdf,
Veracruz,1989,N/A,N/A,18 min,"Short, Drama",Takis Spyridakis,Takis Spyridakis,"Maria Tzobanaki, Katerina Baka, Giorgos Kleidonas",N/A,Greek,Greece,N/A,https://m.media-amazon.com/images/M/MV5BMDFmZjg4NzctZjk2MC00N2ZiLWJhNjgtNWYyY2Q0ZDQxM2VhXkEyXkFqcGdeQXVyNzg5OTk2OA@@._V1_SX300.jpg,"[{'Source': 'Internet Movie Database', 'Value': '6.4/10'}]",N/A,6.4,9,tt1433354,movie,N/A,N/A,N/A,N/A,True,CINE.pdf,
Death Race,2008,R,22 Aug 2008,105 min,"Action, Sci-Fi, Thriller",Paul W.S. Anderson,"Paul W.S. Anderson, Robert Thom, Charles B. Griffith","Jason Statham, Joan Allen, Tyrese Gibson","In 2012, amid economic chaos and high unemployment, Americans watch by the millions as criminals with life sentences race armored cars on Terminal Island. Two-thirds of the combatants die but the winner may earn his freedom. On the day he loses his job, steelworker Jensen Ames is arrested for his wife's murder. Sent to Terminal Island, he's offered an out by the steely and manipulative Warden Hennessey - race as the popular mask-wearing (but now dead) champion, Frankenstein, or rot in prison. Jensen makes the bargain. As the three-stage race approaches, he realizes that the whole thing may be a set up - can an anonymous man behind a mask get revenge and win his release?",English,"United Kingdom, Germany, United States",1 win & 5 nominations total,https://m.media-amazon.com/images/M/MV5BZjdlNmJjM2ItYjkwOS00NDMxLWFjM2QtNzcyZjJkYzEzYzQ5XkEyXkFqcGc@._V1_SX300.jpg,"[{'Source': 'Internet Movie Database', 'Value': '6.4/10'}, {'Source': 'Rotten Tomatoes', 'Value': '41%'}, {'Source': 'Metacritic', 'Value': '43/100'}]",43,6.4,"227,737",tt0452608,movie,N/A,"$36,316,032",N/A,N/A,True,CINE.pdf,
Carrie,1976,R,16 Nov 1976,98 min,Horror,Brian De Palma,"Stephen King, Lawrence D. Cohen","Sissy Spacek, Piper Laurie, Amy Irving","It's nearing the end of the school year. High school senior Carrie White is a social outcast, largely due to being unwise to the ways of the world based on her upbringing. Her mother, Margaret White, is a religious fanatic, her extreme views primarily targeted against sex, which she believes is a sin. She even believes natural associated processes such as menstruation are a sin, about which she has refused to mention to Carrie. Mrs. White's beliefs were taken to that extreme largely because of her own failed marriage and her husband Ralph long ago having run off with another woman. The only adult authority figure who tries to help Carrie with her life is her phys ed teacher, Miss Collins, who is nonetheless warned not to get too close to go against how Mrs. White chooses to raise Carrie, Mrs. White whose beliefs are well known in the community. An impromptu event that happens among Carrie's phys ed classmates against her leads to her classmates being punished. One of those students, self absorbed Chris Hargensen, vows revenge against Carrie for that punishment, the method of the revenge associated to the phys ed class incident. Another student however, the popular Sue Snell, begins to feel sorry for Carrie. In wanting to help her get out of her shell, Sue asks her boyfriend, the equally popular Tommy Ross, to take Carrie to the senior prom instead of her. This move does not sit well with Mrs. White, who in her extreme view believes Carrie will fall prey to sin. All these competing issues lead to Carrie deciding on an impulse to use a newfound skill to free herself from the figurative chains that have long been placed around her, with tragic consequences.",English,United States,Nominated for 2 Oscars. 6 wins & 9 nominations total,https://m.media-amazon.com/images/M/MV5BNjMwMDVlZjYtMWRlZS00OTU1LTlmYTQtOGViNTdmYTE0ZjRlXkEyXkFqcGc@._V1_SX300.jpg,"[{'Source': 'Internet Movie Database', 'Value': '7.4/10'}, {'Source': 'Rotten Tomatoes', 'Value': '94%'}, {'Source': 'Metacritic', 'Value': '86/100'}]",86,7.4,"226,591",tt0074285,movie,N/A,"$33,800,000",N/A,N/A,True,CINE.pdf,
El cartero,1954,N/A,N/A,N/A,N/A,Homero Cárpena,"Eric Della Valle, Miguel Petruccelli","Jorge Casal, Eduardo Cobas, Homero Cárpena",A postman province shares with the inhabitants of a small town the joys and sorrows that causes the correspondence deals.,Spanish,Argentina,N/A,https://m.media-amazon.com/images/M/MV5BY2UyOTgwYjUtNzgxMi00ZDQ4LTllZmEtMTM1OTNlZDIxMWZhXkEyXkFqcGdeQXVyNjU0ODkwMTU@._V1_SX300.jpg,"[{'Source': 'Internet Movie Database', 'Value': '7.2/10'}]",N/A,7.2,6,tt0182874,movie,N/A,N/A,N/A,N/A,True,CINE.pdf,
La Carta,2011,N/A,17 Mar 2011,9 min,"Short, Drama",Angel Manuel Soto,Angel Manuel Soto,"Aleck Bianchi, Leonardo Castro, Marisé Álvarez",An unusually common love story about a boy's search for inspiration to write a love letter.,Spanish,Puerto Rico,3 wins,N/A,"[{'Source': 'Internet Movie Database', 'Value': '6.4/10'}]",N/A,6.4,16,tt1838584,movie,N/A,N/A,N/A,N/A,True,CINE.pdf,
La casa de los cuchillos,1992,N/A,N/A,N/A,Drama,Alfonso Perez de Alba,Alfonso Perez de Alba,"Tomás Alcázar, Susana Alexander, Barbara Carral, César Castro",N/A,Spanish,Mexico,N/A,N/A,[],N/A,N/A,N/A,tt0427040,movie,N/A,N/A,N/A,N/A,True,CINE.pdf,
La Casa de los Espíritus,2026–,N/A,N/A,N/A,Drama,N/A,N/A,"Alfonso Herrera, Nicole Wallace, Maribel Verdú","Spanning a century, the Trueba family faces secret loves, revolution, and generational conflict between the tyrannical patriarch and his granddaughter, set against violent social upheaval.",Spanish,Chile,N/A,N/A,[],N/A,N/A,N/A,tt33022938,series,,,,,True,CINE.pdf,1
La casa del lago,2011,N/A,11 Nov 2011,12 min,"Short, Action, Horror",Galder Gaztelu-Urrutia,Egoitz Moreno,"Joseba Apaolaza, Ana Caleya, Mikel Martín",N/A,N/A,Spain,3 wins,https://m.media-amazon.com/images/M/MV5BOTcwMDUxMTM1Ml5BMl5BanBnXkFtZTcwMzc0Mjg4Ng@@._V1_SX300.jpg,"[{'Source': 'Internet Movie Database', 'Value': '6.6/10'}]",N/A,6.6,255,tt2066904,movie,N/A,N/A,N/A,N/A,True,CINE.pdf,
Casablanca,1942,PG,23 Jan 1943,102 min,"Drama, Romance, War",Michael Curtiz,"Philip G. Epstein, Julius J. Epstein, Howard Koch","Humphrey Bogart, Ingrid Bergman, Paul Henreid","The story of Rick Blaine, a cynical world-weary ex-patriate who runs a nightclub in Casablanca, Morocco during the early stages of WWII. Despite the pressure he constantly receives from the local authorities, Rick's cafe has become a kind of haven for refugees seeking to obtain illicit letters that will help them escape to America. But when Ilsa, a former lover of Rick's, and her husband, show up to his cafe one day, Rick faces a tough challenge which will bring up unforeseen complications, heartbreak and ultimately an excruciating decision to make.","English, French, German, Italian, Russian",United States,Won 3 Oscars. 18 wins & 12 nominations total,https://m.media-amazon.com/images/M/MV5BNWEzN2U1YTYtYTQyMS00NTVkLWE2NGQtZWFlMmM0MDNjMmRiXkEyXkFqcGc@._V1_SX300.jpg,"[{'Source': 'Internet Movie Database', 'Value': '8.5/10'}, {'Source': 'Rotten Tomatoes', 'Value': '99%'}, {'Source': 'Metacritic', 'Value': '100/100'}]",100,8.5,"650,928",tt0034583,movie,N/A,"$4,219,709",N/A,N/A,True,CINE.pdf,
Caramelo,2025,TV-14,08 Oct 2025,101 min,"Comedy, Drama, Family",Diego Freitas,"Diego Freitas, Rod Azevedo, Vitor Brandt","Rafael Vitti, Arianne Botelho, Kelzy Ecard","After a life-changing diagnosis, a promising chef finds hope and humor with the help of a fur-midable dog friend.",Portuguese,Brazil,2 nominations total,https://m.media-amazon.com/images/M/MV5BNTRlMzI4MDItZDJiNS00YmNmLWE1MmQtNjZjYTVhNDdmYjQ1XkEyXkFqcGc@._V1_SX300.jpg,"[{'Source': 'Internet Movie Database', 'Value': '7.1/10'}]",N/A,7.1,"8,247",tt32549601,movie,N/A,N/A,N/A,N/A,True,CINE.pdf,
Cilantro y perejil,1996,PG-13,12 Sep 1998,90 min,"Comedy, Romance",Rafael Montero,"Cecilia Pérez Grovas, Carolina Rivera","Arcelia Ramírez, Demián Bichir, Germán Dehesa","This is a comedy about couples within the same family, striken by crisis, leading to the philosophical and practical question: is it worthwhile to stay together? Susana and Carlos have been married for ten years. He works all day to survive the economic crisis, and she leaves him. Her younger sister, Nora, films the separation for a school project, and tries to save her own relationship with Jorge, a young rock and roll musician. Even the children of Susana and Carlos are not spared the conflicts. And Adela, Susana's grandmother, finds love with Genaro, an antiques aficionado. The answers and conclusions in the film are fun, unpredictable, and very human.",Spanish,Mexico,9 wins & 7 nominations total,https://m.media-amazon.com/images/M/MV5BM2MzY2NkYjctZTY1ZC00MDViLWJhMWItYzkwZTFkZTcxNjg3XkEyXkFqcGc@._V1_SX300.jpg,"[{'Source': 'Internet Movie Database', 'Value': '6.3/10'}]",N/A,6.3,498,tt0112675,movie,N/A,N/A,N/A,N/A,True,CINE.pdf,
La science des rêves - Film B,2007,N/A,20 Mar 2007,70 min,"Comedy, Drama, Fantasy, Romance",Michel Gondry,N/A,"Sacha Bourdo, Emma de Caunes, Alain Chabat, Charlotte Gainsbourg","Presentation of the ""Film B"" of ""The Science of Sleep"" Max Linder cinema in Paris. In the presence of its director, Michel Gondry, and some people from the film crew.",English,France,N/A,https://m.media-amazon.com/images/M/MV5BNmViMzE0ZjUtODMwMi00ZmNhLWI4NGItYjVhOTRlYWY4ODJjXkEyXkFqcGdeQXVyMTkzNjM5NjY@._V1_SX300.jpg,"[{'Source': 'Internet Movie Database', 'Value': '7.7/10'}]",N/A,7.7,793,tt1395066,movie,N/A,N/A,N/A,N/A,True,CINE.pdf,
Mais Forte que o Mundo: A História de José Aldo,2016,N/A,23 Jun 2016,107 min,"Action, Biography, Drama",Afonso Poyart,"Afonso Poyart, Marcelo Rubens Paiva, Marcelo Aleixo Machado","José Loreto, Cleo, Jackson Antunes",The Story of longtime UFC Featherweight champion and the struggles facing him on the road to the top.,Portuguese,Brazil,5 wins & 8 nominations,https://m.media-amazon.com/images/M/MV5BNjNhYTI4Y2EtMjJjZS00NjUwLThlNDgtNDRhOTU1YjUwOWJhXkEyXkFqcGc@._V1_SX300.jpg,"[{'Source': 'Internet Movie Database', 'Value': '7.1/10'}]",N/A,7.1,"2,133",tt3918584,movie,N/A,N/A,N/A,N/A,True,CINE.pdf,
Trailers,2016,N/A,13 Nov 2016,180 min,"Fantasy, Horror, Mystery",Rouzbeh Rashidi,Rouzbeh Rashidi,"Alicja Ayres, Martin Berridge, Jann Clavadetscher","""Pictures Of A Far-Off World""",English,"Ireland, Iran, Portugal, Switzerland, United Kingdom",N/A,https://m.media-amazon.com/images/M/MV5BYzdjOWE0MGMtMDdjZS00Mjg3LTk3YmEtNmVmZDE0YWFjNjkwXkEyXkFqcGc@._V1_SX300.jpg,"[{'Source': 'Internet Movie Database', 'Value': '6.8/10'}]",N/A,6.8,27,tt5461496,movie,N/A,N/A,N/A,N/A,True,CINE.pdf,
Cananea,1978,N/A,17 Aug 1978,123 min,"Drama, History, Western",Marcela Fernández Violante,"Marcela Fernández Violante, Pedro F. Miret","Yolanda Ciani, Carlos Bracho, Milton Rodríguez",The Cananea strike took place in June 1906. This is the true story of strikers in the American owned mine. Cananea is a city in the northern Mexican state of Sonora.,"Spanish, English",Mexico,1 win & 2 nominations,https://m.media-amazon.com/images/M/MV5BMjM3ODYyMTk1MV5BMl5BanBnXkFtZTgwMjg1OTA2MTE@._V1_SX300.jpg,"[{'Source': 'Internet Movie Database', 'Value': '6.1/10'}]",N/A,6.1,49,tt0075804,movie,N/A,N/A,N/A,N/A,True,CINE.pdf,
La Casa del Demonio,2009,N/A,N/A,N/A,"Short, Horror",Daniel Díez Ginestar,Daniel Díez Ginestar,"Daniel Díez Ginestar, Iván Barambones",N/A,N/A,N/A,N/A,N/A,[],N/A,N/A,N/A,tt2672712,movie,N/A,N/A,N/A,N/A,True,CINE.pdf,
Barney's Version,2010,R,18 Feb 2011,134 min,"Comedy, Drama",Richard J. Lewis,"Mordecai Richler, Michael Konyves","Paul Giamatti, Rosamund Pike, Jake Hoffman","Take a ride through the life and memories of Barney Panofsky, a hard-drinking, cigar-smoking, foulmouthed 65-year old hockey fanatic and television producer, as he reflects on his life's successes and (numerous) gaffes and failures as the final chapters of his own existence come sharply into focus.","English, French","Italy, Canada",Nominated for 1 Oscar. 18 wins & 19 nominations total,https://m.media-amazon.com/images/M/MV5BMTM4MTUwNDg0OF5BMl5BanBnXkFtZTcwMjUyODYxNA@@._V1_SX300.jpg,"[{'Source': 'Internet Movie Database', 'Value': '7.3/10'}, {'Source': 'Rotten Tomatoes', 'Value': '77%'}, {'Source': 'Metacritic', 'Value': '67/100'}]",67,7.3,"26,784",tt1423894,movie,N/A,"$4,439,201",N/A,N/A,True,CINE.pdf,
El circo,1943,N/A,11 Mar 1943,90 min,Comedy,Miguel M. Delgado,"Miguel M. Delgado, Jaime Salvador","Cantinflas, Gloria Lynch, Estanislao Schillinsky","In this version of Chaplin's The Circus (1928), Cantinflas is a cobbler who gets a job in a Circus as a janitor, recommended by the beautiful girl rider of the show. But later, Cantinflas gets in trouble when he involves in dangerous acts, such as the trapeze. Obviously, our friend will risk his life by the love of his new girlfriend.",Spanish,Mexico,N/A,https://m.media-amazon.com/images/M/MV5BMzQxNWNkNTgtYjlmNi00Y2Q1LWFmMWUtOWM5MDJhMGRlMzA5XkEyXkFqcGc@._V1_SX300.jpg,"[{'Source': 'Internet Movie Database', 'Value': '6.9/10'}]",N/A,6.9,234,tt0034597,movie,N/A,N/A,N/A,N/A,True,CINE.pdf,
Miss Daisy,2015,N/A,05 May 2015,N/A,"Short, Comedy",N/A,N/A,Valentino Lercher,Miss Daisy is a comic short movie recorded in real-time in the Unreal Engine 4.,English,Canada,N/A,N/A,[],N/A,N/A,N/A,tt4665590,movie,N/A,N/A,N/A,N/A,True,CINE.pdf,
City of Joy,1992,PG-13,17 Apr 1992,132 min,"Crime, Drama",Roland Joffé,"Dominique Lapierre, Mark Medoff","Patrick Swayze, Pauline Collins, Om Puri","Independent of each other, the Pal family - parents Hazari and Kamla, and their three offspring Amrita, Shambu and Manooj - and Max Lowe arrive in Calcutta, their initial dealings there being less than positive. After losing their farm in the nearby countryside to the ""money lender"", the Pals are in the city in search of a better life, especially in wanting to build a dowry for Amrita who is now of marrying age. Max, a Houston based surgeon who fell into the career as a matter of family obligation, quit his job unable to cope with the emotional toll especially of losing patients, and has come to Calcutta in search of spiritual enlightenment. Their lives converge by chance in the slum neighborhood nicknamed the City of Joy, most specifically at the makeshift City of Joy Clinic and School opened and operated by Irishwoman Joy Bethel who came to Calcutta on a whim and never left. While the Pals eventual settle in the City of Joy, Joy herself tries to convince Max to provide his much needed medical services to the clinic, which he eventually but reluctantly agrees for as long as he is in Calcutta, which is longer than he may have originally planned if only in having troubles trying to get back to the US. In addition to some seeing Max as having no long term commitment to the neighborhood like the Pals who are now residents, two others issues in combination threaten the lives of those in the City of Joy, including Max, Joy and the Pals, and the livelihood of the clinic: the broadening of the services to include a nearby leper colony, some in the neighborhood who do not want to associate with them; and the control of the neighborhood by the corrupt Ghatak family - the patriarchal Godfather as he is referred to and his more violent son Ashok - who own much of the neighborhood property, own many of the neighborhood services (such as the rickshaw services, Hazari who has gotten a job as one of their rickshaw drivers) and who require ""protection money"" from other neighborhood businesses such as from the clinic to maintain the peace.",English,"France, United Kingdom",1 nomination,https://m.media-amazon.com/images/M/MV5BMDU5Nzc2YWMtNzY1Mi00NmUxLTlmZTMtN2NjZDY5MzU4ZWY4XkEyXkFqcGc@._V1_SX300.jpg,"[{'Source': 'Internet Movie Database', 'Value': '6.5/10'}, {'Source': 'Rotten Tomatoes', 'Value': '56%'}]",N/A,6.5,"5,733",tt0103976,movie,N/A,"$14,683,921",N/A,N/A,True,CINE.pdf,
Claroscuro,2021,N/A,13 Oct 2021,N/A,Crime,Emiliano Ravenna,Emiliano Ravenna,"Sajid Gongora, Delia De la Peña Orta",N/A,Spanish,Argentina,1 nomination,https://m.media-amazon.com/images/M/MV5BMjIwYzZjOGItYTA2NS00ZDlkLWIyYzQtODNjMjBjMjVmMWIxXkEyXkFqcGdeQXVyNDgxNjU2OTE@._V1_SX300.jpg,[],N/A,N/A,N/A,tt15719340,movie,N/A,N/A,N/A,N/A,True,CINE.pdf,
Bicicletas,2013,N/A,N/A,9 min,"Short, Comedy, Romance",Raymond O'Brien,Raymond O'Brien,"Fernando Guzman, Luz Diaz, Carlos Santiago",Boris is determined to find the girl of his dreams and let her know there is nothing like a simple bicycle ride.,Spanish,Puerto Rico,N/A,N/A,[],N/A,N/A,N/A,tt2849430,movie,N/A,N/A,N/A,N/A,True,CINE.pdf,
Cleopatra,1963,Approved,31 Jul 1963,320 min,"Biography, Drama, History","Joseph L. Mankiewicz, Rouben Mamoulian","Joseph L. Mankiewicz, Ranald MacDougall, Sidney Buchman","Elizabeth Taylor, Richard Burton, Rex Harrison","In 48 B.C., Julius Caesar (Sir Rex Harrison) pursues Pompey from Pharsalia to Egypt. Pharaoh Ptolemy XIII (Richard O'Sullivan), now supreme ruler after deposing his older sister, Cleopatra VII (Dame Elizabeth Taylor), attempts to gain favor with Caesar by presenting the conquerer with the head of Pompey, borne by his governors, Pothinus (Grégoire Aslan) and Achillas (John Doucette). To win Caesar's support from her brother, Cleopatra hides herself in a rug, which Apollodorus (Cesare Danova), her servant, presents to Caesar. The Roman is immediately infatuated. Banishing Ptolemy, he declares Cleopatra Egypt's sole ruler and takes her as his mistress. A son, Caesarion (Loris Loddi), is born of their union. Caesar, however, must return to Italy. Although he is briefly reunited with Cleopatra during a magnificent reception for the Queen in Rome, Caesar is assassinated shortly thereafter, and Cleopatra returns to Egypt. When Mark Antony (Richard Burton), Caesar's protégé, beholds Cleopatra aboard her elaborate barge at Tarsus some years later, he is smitten and becomes both her lover and military ally. Their liaison notwithstanding, Antony, to consolidate his position in Rome, marries Octavia (Jean Marsh), sister of the ambitious Octavian (Roddy McDowall). The marriage satisfies no one. Cleopatra is infuriated, and Antony, tiring of his Roman wife, returns to Egypt. There he flaunts his liaison by marrying Cleopatra in a public ceremony. Sensing Antony's weakness, Octavian attacks and defeats his forces at Actium. Alarmed, Cleopatra withdraws her fleet and seeks refuge in her tomb.",English,"Switzerland, United Kingdom, United States",Won 4 Oscars. 7 wins & 13 nominations total,https://m.media-amazon.com/images/M/MV5BNDM0NzA2MTUtZTVhOC00MDYxLTk2MWMtNTY2ZjkyN2U5ZjM0XkEyXkFqcGc@._V1_SX300.jpg,"[{'Source': 'Internet Movie Database', 'Value': '7.0/10'}, {'Source': 'Rotten Tomatoes', 'Value': '56%'}, {'Source': 'Metacritic', 'Value': '60/100'}]",60,7.0,"40,521",tt0056937,movie,N/A,"$57,777,778",N/A,N/A,True,CINE.pdf,
Club Sandwich,2013,R,21 Nov 2014,82 min,Comedy,Fernando Eimbcke,Fernando Eimbcke,"María Renée Prudencio, Lucio Giménez Cacho, Danae Reynaud",Hector and his young mother Paloma go on vacation. Out of season their hotel is deserted. They spend their days sitting on the edge of the swimming pool. Then attractive Jazmin arrives and we see how Paloma loses her son to a summer fling.,Spanish,"Mexico, France",3 wins & 11 nominations,https://m.media-amazon.com/images/M/MV5BMWFlMDM2OTMtNGYyNi00OTFiLTkxMzAtMWY4MTc4ODhlNjcxXkEyXkFqcGc@._V1_SX300.jpg,"[{'Source': 'Internet Movie Database', 'Value': '6.3/10'}, {'Source': 'Rotten Tomatoes', 'Value': '100%'}]",N/A,6.3,997,tt3118696,movie,N/A,N/A,N/A,N/A,True,CINE.pdf,
Caravaggio,1986,N/A,29 Aug 1986,93 min,"Biography, Drama, History",Derek Jarman,"Derek Jarman, Nicholas Ward Jackson, Suso Cecchi D'Amico","Noam Almaz, Dexter Fletcher, Nigel Terry","Fictionalized biopic of famed 17th century Italian painter Michelangelo Merisi de Caravaggio. As a young man, he gained the support of Cardinal Del Monte and Caravaggio proceeded to develop a new style of painting giving a more realistic view of the world in which he lived. He also begins love affairs with one of his models, Ranuccio as well as with Ranuccio's girlfriend Lena. Their relationship leads to murder and deceit.","English, Italian",United Kingdom,3 wins & 3 nominations total,https://m.media-amazon.com/images/M/MV5BZmE1Nzk2NjMtNGEzMi00MTA0LWEzZGUtYTNjNDY4NmI1NDhhXkEyXkFqcGc@._V1_SX300.jpg,"[{'Source': 'Internet Movie Database', 'Value': '6.5/10'}, {'Source': 'Rotten Tomatoes', 'Value': '82%'}, {'Source': 'Metacritic', 'Value': '55/100'}]",55,6.5,"7,452",tt0090798,movie,N/A,"$3,774",N/A,N/A,True,CINE.pdf,
Cobra Verde,1987,Not Rated,03 Dec 1987,111 min,"Adventure, Drama",Werner Herzog,"Bruce Chatwin, Werner Herzog","Klaus Kinski, King Ampaw, José Lewgoy","The feared bandit Cobra Verde (Klaus Kinski) is hired by a plantation owner to supervise his slaves. After the owner suspects Cobra Verde of consorting with his young daughters, the owner wishes him gone. Rather than kill him,the owner sends Cobra Verde to Africa. The only white man in the area, Cobra Verde finds himself the victim of torture and humiliation. Later, he trains soldiers in a rebel army. Far from home, Cobra Verde is on the edge of madness.","English, German, Ewe, Portuguese","West Germany, Ghana",2 wins,https://m.media-amazon.com/images/M/MV5BOWFhODY5MjItMmUyMC00YThlLWE1NzktMjdiMjE4NDU1MzBmXkEyXkFqcGc@._V1_SX300.jpg,"[{'Source': 'Internet Movie Database', 'Value': '6.9/10'}, {'Source': 'Rotten Tomatoes', 'Value': '83%'}, {'Source': 'Metacritic', 'Value': '55/100'}]",55,6.9,"8,627",tt0094888,movie,N/A,"$12,702",N/A,N/A,True,CINE.pdf,
Cobra,1986,R,23 May 1986,87 min,"Action, Crime, Thriller",George P. Cosmatos,"Paula Gosling, Sylvester Stallone","Sylvester Stallone, Brigitte Nielsen, Reni Santoni","As crime runs rampant in the United States, the hard-as-nails LAPD Lieutenant, Marion ""Cobra"" Cobretti, is the only cure for the crime-infested urban jungle of Los Angeles. In the meantime, a string of seemingly unconnected and unmotivated random assaults on civilians will soon drag the hardened officer into a violent war against the psychopaths of the secret organisation named ""The New World"". With the criminal society's sole purpose to weed out the weak, Cobra will escort an important witness--the young model, Ingrid--out of town to protect her; however, the movement's delusional killers will stop at nothing to track her down. Now, the only one who stands in their way is the one-man-army Lieutenant. Are they prepared for Cobra's nasty bite?","English, Spanish","United States, Israel",6 nominations total,https://m.media-amazon.com/images/M/MV5BODczYzNiMjgtZGU4Yi00ZmM2LWFiNzMtMjcyMTA1YzMwNTk3XkEyXkFqcGc@._V1_SX300.jpg,"[{'Source': 'Internet Movie Database', 'Value': '5.8/10'}, {'Source': 'Rotten Tomatoes', 'Value': '17%'}, {'Source': 'Metacritic', 'Value': '25/100'}]",25,5.8,"84,842",tt0090859,movie,N/A,"$49,042,224",N/A,N/A,True,CINE.pdf,
Cobrador: In God We Trust,2006,N/A,15 Nov 2007,92 min,Drama,Paul Leduc,"Rubem Fonseca, Paul Leduc","Peter Fonda, Lázaro Ramos, Antonella Costa","1) globalization of violence, violence of globalization? 2) serial killers, social killers? 3) a mine in brazil some murders in new york others in miami how are they connected? 4) ""who's putting dynamite at the head of the century"" asks tom zé -singing- at the end of the film 5) ""cobrador - in god we trust"" is an invitation to search the answers to these questions. ""cobrador - in god we trust"" is an attempt to find the answers to these questions.","English, Spanish, Portuguese","Mexico, Spain, Argentina, France, Brazil, United Kingdom",3 wins & 10 nominations,https://m.media-amazon.com/images/M/MV5BMjE4OTkzNTc0N15BMl5BanBnXkFtZTcwMzY2MDg5MQ@@._V1_SX300.jpg,"[{'Source': 'Internet Movie Database', 'Value': '5.8/10'}]",N/A,5.8,229,tt0462230,movie,N/A,N/A,N/A,N/A,True,CINE.pdf,
Cocktail,1988,R,29 Jul 1988,104 min,"Comedy, Drama, Romance",Roger Donaldson,Heywood Gould,"Tom Cruise, Bryan Brown, Elisabeth Shue","Intent on becoming a successful businessman, and even a millionaire, the ex-military man, Brian Flanagan, waits for his big break while serving drinks at a New York City tavern, and studying for his degree. However, when the charismatic cynic and veteran bartender, Doug Coughlin, becomes the ambitious Brian's sage mentor, their chemistry, combined with the flamboyant tricks behind the bar, will soon yield fame and money until they decide to split ways. Now, as Flanagan struggles to raise money in Jamaica to open his dream bar someday, he falls hard for the striving waitress, Jordan Mooney, while a wealthy fashion executive wants to take him back to Manhattan to live with her. Is there a future between Brian and Jordan?","English, Spanish Sign , Portuguese",United States,5 wins & 6 nominations total,https://m.media-amazon.com/images/M/MV5BOTgxNjg5MWUtNzRjNi00MDg0LTk1NzAtMTY1NzllMWNkZjYzXkEyXkFqcGc@._V1_SX300.jpg,"[{'Source': 'Internet Movie Database', 'Value': '5.9/10'}, {'Source': 'Rotten Tomatoes', 'Value': '9%'}, {'Source': 'Metacritic', 'Value': '12/100'}]",12,5.9,"97,474",tt0094889,movie,N/A,"$78,222,753",N/A,N/A,True,CINE.pdf,
Colateral,2024,N/A,15 Jan 2024,14 min,"Short, Drama",Sonja Wolf,Sonja Wolf,"Cecilia de los Santos Vargas, Josue Guerra, Aaron Hernández Farfán","In drug-war-torn Mexico, a military veteran is struggling to overcome his trauma when he meets a mother who searches for her disappeared son.",Spanish,Mexico,1 win & 1 nomination,https://m.media-amazon.com/images/M/MV5BODk5Yzk1YTktZGUwMy00NDM4LThmM2ItZDU1NTUxNjgyYzMxXkEyXkFqcGc@._V1_SX300.jpg,[],N/A,N/A,N/A,tt30954919,movie,N/A,N/A,N/A,N/A,True,CINE.pdf,
Notting Hill,1999,PG-13,28 May 1999,124 min,"Comedy, Drama, Romance",Roger Michell,Richard Curtis,"Hugh Grant, Julia Roberts, Richard McCabe","Every man's dream comes true for William Thacker, an unsuccessful Notting Hill bookstore owner, when Anna Scott, the world's most beautiful woman and best-liked actress, enters his shop. A little later, he still can't believe it himself, William runs into her again - this time spilling orange juice over her. Anna accepts his offer to change in his nearby apartment, and thanks him with a kiss, which seems to surprise her even more than him. Eventually, Anna and William get to know each other better over the months, but being together with the world's most wanted woman is not easy - neither around your closest friends, nor in front of the all-devouring press.","English, Spanish, French","United Kingdom, United States",Won 1 BAFTA Award11 wins & 17 nominations total,https://m.media-amazon.com/images/M/MV5BZjY3YWI5OTMtYTdlNy00ZTZiLWEwYjItN2M1MGVkMDM4ZDExXkEyXkFqcGc@._V1_SX300.jpg,"[{'Source': 'Internet Movie Database', 'Value': '7.2/10'}, {'Source': 'Rotten Tomatoes', 'Value': '84%'}, {'Source': 'Metacritic', 'Value': '68/100'}]",68,7.2,"380,809",tt0125439,movie,N/A,"$116,089,678",N/A,N/A,True,CINE.pdf,
Mi colonia la esperanza,1983–,N/A,N/A,N/A,"Comedy, Drama",N/A,N/A,"Arturo Alegro, Alejandra Meyer, Guillermo Orea",N/A,Spanish,Mexico,N/A,N/A,[],N/A,N/A,N/A,tt0885314,series,,,,,True,CINE.pdf,N/A
Cocoon,1985,PG-13,21 Jun 1985,117 min,"Comedy, Drama, Sci-Fi",Ron Howard,"Tom Benedek, David Saperstein","Don Ameche, Wilford Brimley, Hume Cronyn","A group of aliens return to earth to retrieve cocoons containing the people they'd left behind from an earlier trip. These cocoons had been resting at the bottom of the ocean. Once retrieved, they stored these recovered cocoons in the swimming pool of a house they'd rented in a small Florida town. Their mission is hampered by a number of elderly people from a nearby retirement community who had been secretly using the pool, and who discover unusual powers from within these cocoons.",English,United States,Won 2 Oscars. 7 wins & 11 nominations total,https://m.media-amazon.com/images/M/MV5BY2VkNzdkMTktODZlYi00NzMzLWEzZDQtZTJmYmFkOGQyMWU4XkEyXkFqcGc@._V1_SX300.jpg,"[{'Source': 'Internet Movie Database', 'Value': '6.7/10'}, {'Source': 'Rotten Tomatoes', 'Value': '82%'}, {'Source': 'Metacritic', 'Value': '65/100'}]",65,6.7,"72,076",tt0088933,movie,N/A,"$76,113,124",N/A,N/A,True,CINE.pdf,
Femmes,1983,N/A,22 Jun 1983,86 min,Drama,Tana Kaleya,"Jaime Jesús Balcázar, Tana Kaleya","Helmut Berger, Alexandra Stewart, Eva Cobo","Helmut is fed up traveling around he world. Coming back from Asia, he decides to stay some time in Alenxandra's house, a long time friend. She is living on a beautiful island where she is doing art. From his travels, Helmut brought back some old manuscript about secret rites that he decides to share with Alexandra after restarting a sexual relationship with her.",French,"Spain, France",N/A,https://m.media-amazon.com/images/M/MV5BNTkwYWI3NWEtNjQxOC00MzdmLThjOGItNmJkZjliMjM5ZDI2XkEyXkFqcGc@._V1_SX300.jpg,"[{'Source': 'Internet Movie Database', 'Value': '4.3/10'}]",N/A,4.3,189,tt0084365,movie,N/A,N/A,N/A,N/A,True,CINE.pdf,
El color del paraíso,2007,N/A,N/A,28 min,Documentary,Emilio Castillo Díaz,Emilio Castillo Díaz,José Mata,N/A,Spanish,Mexico,N/A,N/A,[],N/A,N/A,N/A,tt1102189,movie,N/A,N/A,N/A,N/A,True,CINE.pdf,
Cómo no te voy a querer,2008,N/A,26 Jun 2009,82 min,Drama,Victor Avelar,Victor Avelar,"Alejandro Belmonte, Natalia Esperón, Tatiana Martinez",N/A,Spanish,Mexico,N/A,https://m.media-amazon.com/images/M/MV5BN2EwYzg1ZDItM2VjMy00NWMwLWI5MTItYWYzMWJlOGM2NjgzXkEyXkFqcGdeQXVyMjExMTIxOTg@._V1_SX300.jpg,"[{'Source': 'Internet Movie Database', 'Value': '6.0/10'}]",N/A,6.0,34,tt1204363,movie,23 Mar 2010,N/A,N/A,N/A,True,CINE.pdf,
Con el amor no se juega,1991,N/A,19 Apr 1996,82 min,"Drama, Romance","Carlos García Agraz, José Luis García Agraz, Tomás Gutiérrez Alea","Gabriel García Márquez, Susana Cato, Consuelo Garrido","Arcelia Ramírez, Daniel Giménez Cacho, María Rubio","Susana, a beautiful young girl living in 1990, is happily looking forward to her forthcoming marriage - and has bought an antique mirror to grace her future home. Three weeks before the wedding, the mirror is delivered to her Grandmother's home and taken to Susana's room. Later that day, when looking into the glass, Susana is startled to see the image of a handsome soldier, Nicolas (from 1863), instead of her own reflection. It soon becomes obvious that he can see Susana as clearly as she can see him - and life, for them both, is never quite the same again.",Spanish,Mexico,N/A,https://m.media-amazon.com/images/M/MV5BMTIxODkzMjg2Nl5BMl5BanBnXkFtZTcwMjUxNzA3MQ@@._V1_SX300.jpg,"[{'Source': 'Internet Movie Database', 'Value': '7.1/10'}]",N/A,7.1,35,tt0100829,movie,N/A,N/A,N/A,N/A,True,CINE.pdf,
Conejo en la luna,2004,N/A,01 Oct 2004,112 min,"Crime, Thriller",Jorge Ramírez Suárez,Jorge Ramírez Suárez,"Bruno Bichir, Lorraine Pilkington, Jesús Ochoa","Though around them a criminal world seethes, Julie and Antonio are a young and loving couple with a new baby and a solid, white-collar sense of stability. But when a loose social connection suddenly ties them to a major political assassination, the two become innocents desperately trying to adapt to a world of murderous politicians and police that, moment to moment, threatens their lives.","English, Spanish","Mexico, United Kingdom",3 wins & 11 nominations,https://m.media-amazon.com/images/M/MV5BYzE3ZmY0OTctMDM0ZS00MTQ4LWE5ZmMtNDYzMzg4NzgxOWY1XkEyXkFqcGc@._V1_SX300.jpg,"[{'Source': 'Internet Movie Database', 'Value': '6.3/10'}]",N/A,6.3,569,tt0401740,movie,N/A,N/A,N/A,N/A,True,CINE.pdf,
Una Conexión Fatal,2021,N/A,N/A,N/A,Drama,Domenico Natella,N/A,"Diana Escobar, Claudia Cassera, Grace Chirife",N/A,Spanish,Paraguay,N/A,N/A,[],N/A,N/A,N/A,tt14472826,movie,N/A,N/A,N/A,N/A,True,CINE.pdf,
Confesiones de un asesino en serie,1997,N/A,N/A,85 min,"Horror, Thriller",Christian González,Christian González,"Irene Arcila, Eduardo López Rojas, Rebeca Morales, Claudio Obregón",N/A,Spanish,Mexico,N/A,N/A,[],N/A,N/A,N/A,tt0441157,movie,N/A,N/A,N/A,N/A,True,CINE.pdf,
Colosio,2012,N/A,08 Jun 2012,100 min,Thriller,Carlos Bolado,"Hugo Rodríguez, Carlos Bolado, Miguel Necoechea","José María Yazpik, Emiliano Carrillo, Kate del Castillo","It's 1994 in Mexico, the nation was witnessing a turbulent year since its beginnings. An indigenous rebellion shakes the country. Three months later, the ruling party's presidential candidate is brutally murdered during a rally in Tijuana. The country is concerned. Nobody knows who's behind this event, it all points to a conspiracy. Andrés Vázquez, an intelligence expert, is commissioned to lead a secret investigation parallel to the official government issued one. But another expert agent, el Seco, has received orders to wipe out all witnesses and get rid of the evidence surrounding the candidate's murder. As Andrés begins putting the pieces of this intricate puzzle together and comes closer to the truth, he realizes he's also putting his life and that of his loved ones in peril.",Spanish,"Mexico, Spain, France, Colombia",3 wins & 5 nominations,https://m.media-amazon.com/images/M/MV5BMTM5NTY4Mjg4OV5BMl5BanBnXkFtZTcwMjYyMDg4Nw@@._V1_SX300.jpg,"[{'Source': 'Internet Movie Database', 'Value': '7.3/10'}]",N/A,7.3,"1,319",tt2398143,movie,N/A,N/A,N/A,N/A,True,CINE.pdf,
Cómicos de la Legua,1957,N/A,26 Jul 1957,91 min,"Comedy, Musical",Fernando Cortés,"Óscar J. Brooks, Fernando Cortés, Fernando Galiana","Adalberto Martínez, Martha Valdés, Delia Magaña",N/A,Spanish,Mexico,N/A,https://m.media-amazon.com/images/M/MV5BYzhlOGI4YzMtYTE5OS00YjI2LTg4MGMtNjZmMDdkMmIyNDAxXkEyXkFqcGdeQXVyNzA4ODc3ODU@._V1_SX300.jpg,"[{'Source': 'Internet Movie Database', 'Value': '5.6/10'}]",N/A,5.6,11,tt0056973,movie,N/A,N/A,N/A,N/A,True,CINE.pdf,
Confía en mí,2013,N/A,01 May 2013,4 min,"Short, Drama, Romance",Victoria Monsó,Victoria Monsó (screenplay),"Gerard Oms, Marina Durán, Txema Lorente, Ramón Bosch",N/A,Spanish,Spain,N/A,https://m.media-amazon.com/images/M/MV5BMGY2ZjQxYWItZjkxYS00ZGI4LTlkYjUtODQxMTE3YWRjNTY2XkEyXkFqcGdeQXVyOTgxMjk2NzE@._V1_SX300.jpg,[],N/A,N/A,N/A,tt2915654,movie,N/A,N/A,N/A,N/A,True,CINE.pdf,
Los confines,1987,N/A,N/A,79 min,Drama,Mitl Valdez,"Juan Rulfo, Mitl Valdez","Rigoberto Carmona, Carlos Esteban Chávez, Uriel Chávez","Different characters and situations taken from the narrative work of Mexican writer Juan Rulfo come together in this film. After arriving in Comala, Juan Preciado stays at the home of a couple of incestuous brothers; Juvencio Nava...",Spanish,Mexico,4 nominations,https://m.media-amazon.com/images/M/MV5BMWQwMzJlZGItNmQ1MS00Y2IwLWExYjUtZGU1MjMzOTBlMTY1XkEyXkFqcGc@._V1_SX300.jpg,"[{'Source': 'Internet Movie Database', 'Value': '6.8/10'}]",N/A,6.8,71,tt0092778,movie,N/A,N/A,N/A,N/A,True,CINE.pdf,
Corazón de Dragón,2015,N/A,07 Jul 2015,89 min,Documentary,Paolo Agazzi,Paolo Agazzi,N/A,Eight bolivian children struggling against a fierce dragon: cancer.,Spanish,Bolivia,N/A,https://m.media-amazon.com/images/M/MV5BNGViMDY3ZWYtOGU2ZS00MmI0LTgxYTItYTMxYmFlNDg4MTM3XkEyXkFqcGdeQXVyMzk5NTk4NzQ@._V1_SX300.jpg,"[{'Source': 'Internet Movie Database', 'Value': '7.2/10'}]",N/A,7.2,13,tt4861316,movie,N/A,N/A,N/A,N/A,True,CINE.pdf,
Corazón de melón,2003,N/A,08 Aug 2003,N/A,"Comedy, Romance",Luis Vélez,José Ignacio Valenzuela,"Christina Pastor, Daniel Martínez, Ludwika Paleta","It is expected for a movie to have a minimal level of story, characters, acting, technical aspects or even a point. This one fails to comply all of these. It was good to know that ""Corazon de Melón"" was classified under COMEDY because I knew then I was supposed to laugh. When you are watching it you are not sure if this is supposed to be a drama, a fantasy, a comedy (far too lame, anyway). I've seen these actors doing much better in other stories.Movies like these are the reason why Mexican cinema was dead for so many years. But this makes me appreciate more to del Toro, Iñarritu and Cuaron (and others still rising) who are REALLY trying (and succeeding) to make movies.",Spanish,Mexico,3 nominations,https://m.media-amazon.com/images/M/MV5BNDkyOGI0YTEtYTZlNi00NDBiLWFiZTktNzA0MDY3NzBmYzA4XkEyXkFqcGdeQXVyMzQxNzU3NA@@._V1_SX300.jpg,"[{'Source': 'Internet Movie Database', 'Value': '5.7/10'}]",N/A,5.7,82,tt0386388,movie,N/A,N/A,N/A,N/A,True,CINE.pdf,
Mockingbird,2014,Not Rated,07 Oct 2014,81 min,"Horror, Thriller",Bryan Bertino,"Bryan Bertino, Sam Esmail","Alexandra Lydon, Todd Stashwick, Audrey Marie Anderson","The middle class Emmy receives a video camera at home and her husband Tom starts filming. They believe they won a prize from the mall. The college student Beth is alone and bored in the empty campus and also receives a camera. Out of the blue, they are instructed to film and not call the police; otherwise they will die. Meanwhile the unemployed Leonard that lives with his mother receives a clown outfit and make-up and instructions to receive ten thousand dollars. After moments of tension, their lives are tragically entwined. Who is the stranger behind the prank?",English,United States,N/A,https://m.media-amazon.com/images/M/MV5BN2MxMTI4NTQtYzhkMy00NGY1LTljNzktMjQzOTViYjRkZDdkXkEyXkFqcGc@._V1_SX300.jpg,"[{'Source': 'Internet Movie Database', 'Value': '4.1/10'}]",N/A,4.1,"2,680",tt2125685,movie,N/A,N/A,N/A,N/A,True,CINE.pdf,
¿Cómo ves?,1986,N/A,01 Aug 1986,70 min,Drama,Paul Leduc,N/A,"Roberto Sosa, Blanca Guerra, Cecilia Toussaint","During the early 80's in Mexico emerged a new Rock culture, which was mainly focused on singing the day-to-day life in most of Mexican Cities.¿Como ves? is a film that tries to show this new movement on the Mexican musical scene mixing unclear and surrealist stories of that time rejected youth and the musical videos shoot life of some of the most representative bands of the aforementioned movement.As the story remains unclear and seems not to have a well established story line the only valuable thing about this movie is the chance to see the life footage of underground presentations of Mexico's rock bands at the 80's.",Spanish,Mexico,1 nomination,https://m.media-amazon.com/images/M/MV5BNGQ2NTUzMmEtMzg5OS00MTEyLTg2Y2UtZGFlZjI1ZWY1ZDU5XkEyXkFqcGdeQXVyMTk4MDgwNA@@._V1_SX300.jpg,"[{'Source': 'Internet Movie Database', 'Value': '7.5/10'}]",N/A,7.5,61,tt0278835,movie,N/A,N/A,N/A,N/A,True,CINE.pdf,
Cosas de mujeres,1978,N/A,N/A,45 min,Drama,Rosa Martha Fernandez,Rosa Martha Fernandez,"Patricia Luke, Angeles Necoechea, Martin LaSalle",N/A,Spanish,Mexico,1 nomination,N/A,[],N/A,N/A,7,tt0333272,movie,N/A,N/A,N/A,N/A,True,CINE.pdf,
El corazón de la noche,1984,N/A,15 Mar 1984,108 min,"Crime, Drama, Horror",Jaime Humberto Hermosillo,"José de la Colina, Jaime Humberto Hermosillo","Pedro Armendáriz Jr., Jorge Balzaretti, Marcela Camacho","A young deaf-mute woman who lives and has intercourse with a blind man many years her senior inevitably attracts a shy driving instructor into her strange, hallucinatory underworld populated by those beings whose mutilation and impaired physical differences have caused society to reject them.","Spanish, Spanish Sign ",Mexico,1 win & 2 nominations,https://m.media-amazon.com/images/M/MV5BYjRkODI0MDQtNjk3Mi00ZjM2LTk0NzItM2M3ZGUxNTM1ZGRiXkEyXkFqcGdeQXVyOTAyNjAwMDE@._V1_SX300.jpg,"[{'Source': 'Internet Movie Database', 'Value': '7.0/10'}]",N/A,7.0,107,tt0085364,movie,N/A,N/A,N/A,N/A,True,CINE.pdf,
Cosas insignificantes,2008,R,17 Apr 2009,98 min,Drama,Andrea Martínez Crowther,Andrea Martínez Crowther,"Paulina Gaitan, Bárbara Mori, Fernando Luján",Esmeralda is a lonely teenager with a strange obsession : she gathers lost or left behind objects and keeps them in a box underneath her bed. This story tells the backgrounds of these objects.,Spanish,"Mexico, Spain",1 win & 2 nominations total,https://m.media-amazon.com/images/M/MV5BZjc1N2IzZjYtYTkzMy00ZTU5LThmMjAtZjI4NWIwYjRlZTI3XkEyXkFqcGc@._V1_SX300.jpg,"[{'Source': 'Internet Movie Database', 'Value': '6.6/10'}]",N/A,6.6,607,tt0910855,movie,N/A,N/A,N/A,N/A,True,CINE.pdf,
Cordero de Dios,2008,N/A,07 May 2008,90 min,"Crime, Drama",Lucía Cedrón,"Lucía Cedrón, Santiago Giralt, Thomas Philippon Aginski","Mercedes Morán, Jorge Marrale, Leonora Balcarce",The kidnapping 77-year-old man in Argentina forces his daughter to return to Buenos Aires after years of exile abroad.,Spanish,"Argentina, France",13 wins & 10 nominations,https://m.media-amazon.com/images/M/MV5BZTJjNjJlNDAtYThhMC00OWE0LTkwMTYtODAyMzk3YTIzNzA1XkEyXkFqcGdeQXVyMTcxNTYyMjM@._V1_SX300.jpg,"[{'Source': 'Internet Movie Database', 'Value': '6.7/10'}]",N/A,6.7,386,tt1064926,movie,N/A,N/A,N/A,N/A,True,CINE.pdf,
Coriolanus,2011,R,20 Jan 2012,123 min,"Drama, Thriller, War",Ralph Fiennes,"John Logan, William Shakespeare","Ralph Fiennes, Gerard Butler, Brian Cox","The citizens of Rome are hungry. Coriolanus, the hero of Rome, a great soldier and a man of inflexible self-belief despises the people. His extreme views ignite a mass riot. Rome is bloody. Manipulated and out-maneuvered by politicians and even his own mother Volumnia, Coriolanus is banished from Rome. He offers his life or his services to his sworn enemy Tullus Aufidius.",English,"United Kingdom, United States, Serbia",Nominated for 1 BAFTA Award10 wins & 18 nominations total,https://m.media-amazon.com/images/M/MV5BMTcyMjAwMjA2N15BMl5BanBnXkFtZTcwOTI0MjA0Ng@@._V1_SX300.jpg,"[{'Source': 'Internet Movie Database', 'Value': '6.1/10'}, {'Source': 'Rotten Tomatoes', 'Value': '92%'}, {'Source': 'Metacritic', 'Value': '79/100'}]",79,6.1,"34,834",tt1372686,movie,N/A,"$757,195",N/A,N/A,True,CINE.pdf,
El corazón del guerrero,1999,N/A,21 Jan 2000,110 min,"Adventure, Drama, Fantasy",Daniel Monzón,Daniel Monzón,"Fernando Ramallo, Neus Asensi, Joel Joan","Beldar and Sonja, a couple of thieves belonging to the legendary world of sword and sorcery, steal a precious stone shaped like a human heart in the gloomy crypt of the Order of the Thousand Eyes, an evil sect of powerful wizards. When fleeing the scene they realize the gem is cursed. After losing consciousness, Beldar awakens in another world, into the body of a sixteen year old teenager in Madrid eaten by acne.",Spanish,Spain,4 wins & 4 nominations,https://m.media-amazon.com/images/M/MV5BOTBkNGI0NWEtZjczYy00YmRkLTk3MGMtMmNjZDE3YmIxMDU2XkEyXkFqcGc@._V1_SX300.jpg,"[{'Source': 'Internet Movie Database', 'Value': '5.5/10'}]",N/A,5.5,"1,057",tt0205843,movie,N/A,N/A,N/A,N/A,True,CINE.pdf,
Cosmopolis,2012,R,25 May 2012,109 min,"Crime, Drama, Mystery",David Cronenberg,"David Cronenberg, Don DeLillo","Robert Pattinson, Juliette Binoche, Sarah Gadon","On the spur of the moment, twenty-eight year old Manhattan self-made multi-billionaire Eric Packer decides he wants to get a haircut from his regular and longtime barber across town, a difficult journey today if only because of the traffic gridlock from three high profile but vastly different events taking place in the borough, including a wandering anarchist protest, they who largely use dead rats as their symbol of protest. Through his trek, Eric, most taking place in his stretch limousine, meets with several business associates - some with as esoteric job titles as Head of Theory - and personal acquaintances, including his several week bride, Elise, a wealthy woman in her own right with who he still has a somewhat distant relationship if only because they don't really know each other. The start of Eric's day ends much differently than the end as his personal fortune largely hinges on external forces in relation to a speculative currency transaction, and as he learns that someone is trying to kill him, who and for what reason he does not know.",English,"Canada, France, Portugal, Italy",3 wins & 14 nominations total,https://m.media-amazon.com/images/M/MV5BMTY1NjI0MDYyNV5BMl5BanBnXkFtZTcwNDIzMDEyOA@@._V1_SX300.jpg,"[{'Source': 'Internet Movie Database', 'Value': '5.1/10'}, {'Source': 'Rotten Tomatoes', 'Value': '67%'}, {'Source': 'Metacritic', 'Value': '58/100'}]",58,5.1,"51,690",tt1480656,movie,N/A,"$763,556",N/A,N/A,True,CINE.pdf,
For Greater Glory: The True Story of Cristiada,2012,R,01 Jun 2012,145 min,"Drama, History, War",Dean Wright,Michael Love,"Adrian Alonso, Rubén Blades, Catalina Sandino Moreno","What price would you pay for freedom? In the exhilarating action epic FOR GREATER GLORY, an impassioned group of men and women make the decision to risk it all for family, faith and country. This film unfolds the (hidden) true story of 1920's Cristeros War.","Spanish, English",Mexico,3 wins & 9 nominations total,https://m.media-amazon.com/images/M/MV5BMWUwODlmZjYtNDRiNC00ZmRkLWE2MjUtNDE5OTg2M2JiNjRmXkEyXkFqcGc@._V1_SX300.jpg,"[{'Source': 'Internet Movie Database', 'Value': '6.6/10'}, {'Source': 'Rotten Tomatoes', 'Value': '21%'}, {'Source': 'Metacritic', 'Value': '35/100'}]",35,6.6,"5,548",tt1566501,movie,N/A,"$5,672,846",N/A,N/A,True,CINE.pdf,
Cruzada,2015,N/A,03 Dec 2015,12 min,"Documentary, Short",Pedro Branco,Pedro Branco,N/A,N/A,Portuguese,Portugal,N/A,https://m.media-amazon.com/images/M/MV5BOTk5YTA4NjUtOWFiZS00OTcxLTk2MWYtZmExMGNmYWYyMjdhL2ltYWdlL2ltYWdlXkEyXkFqcGdeQXVyNjIwMjE0MzA@._V1_SX300.jpg,[],N/A,N/A,N/A,tt6271678,movie,N/A,N/A,N/A,N/A,True,CINE.pdf,
Cuando quiere un mexicano,1944,N/A,10 Aug 1944,N/A,"Comedy, Drama, Romance",Juan Bustillo Oro,"Juan Bustillo Oro, Humberto Gómez Landero, Enrique Uthoff","Jorge Negrete, Amanda Ledesma, Enrique Herrera","Mercedes, daughter of a banker, rejects all suitors, so his father decides she must marry to inherit his fortune. A forced landing brings her and her faithful maid to Guillermo's hacienda. He hates women, and she despises men.",Spanish,Mexico,N/A,https://m.media-amazon.com/images/M/MV5BNGNiYTU3MmYtN2UyOC00ZWVjLWFkY2QtZDgyY2VjM2I4YjU2XkEyXkFqcGdeQXVyMTk4MDgwNA@@._V1_SX300.jpg,"[{'Source': 'Internet Movie Database', 'Value': '6.2/10'}]",N/A,6.2,21,tt0219626,movie,N/A,N/A,N/A,N/A,True,CINE.pdf,
Crepúsculo,2015,N/A,12 Mar 2015,37 min,"Short, Drama, Family",Juan Pablo Daranas Molina,Juan Pablo Daranas Molina,"Annieye Cárdenas, Waldo Franco, Mónica Molinet","Alicia is a young girl who dreams of being an actress, but works as a clown in a mediocre traveling circus. Going on circuit through a remote mountain community where there isn't even electricity, she meets Abelito, a child with a skin illness that doesn't allow him to expose at sunlight...",Spanish,Cuba,N/A,https://m.media-amazon.com/images/M/MV5BMzZkNTU1MzktYjhlNy00YmFiLWJkNDgtYTAxYWY4OWQ5M2FhXkEyXkFqcGc@._V1_SX300.jpg,[],N/A,N/A,7,tt4076300,movie,N/A,N/A,N/A,N/A,True,CINE.pdf,
Cuando viajan las estrellas,1942,N/A,05 Jun 1942,108 min,"Comedy, Drama, Romance",Alberto Gout,"Alberto Gout, Paulino Masip","Jorge Negrete, Ángel Garasa, Domingo Soler","A Hollywood star travels to Mexico to take flamenco dancing lessons for her next movie. In the airport she mets a Mexican rancher, and while both dislike each other at first, things may change.",Spanish,Mexico,N/A,https://m.media-amazon.com/images/M/MV5BMjIzNjYxNzUxNF5BMl5BanBnXkFtZTcwNDc0ODc4Mw@@._V1_SX300.jpg,"[{'Source': 'Internet Movie Database', 'Value': '7.3/10'}]",N/A,7.3,35,tt0046886,movie,N/A,N/A,N/A,N/A,True,CINE.pdf,
Criminal,2016,R,15 Apr 2016,113 min,"Action, Sci-Fi, Thriller",Ariel Vromen,"Douglas Cook, David Weisberg","Kevin Costner, Ryan Reynolds, Gal Gadot","Bill Pope (Ryan Reynolds) is a CIA agent on a mission in London tracking down a shadowy hacker nicknamed ""The Dutchman"" (Michael Pitt). When he gets mysteriously ambushed and killed, an experimental procedure is used to transfer his memories into dangerous convict Jerico Stewart (Kevin Costner). When he wakes up with the CIA agent's memories, his mission is to find The Dutchman and make the deal with him before the hacker launches ICBM's and starts World War III. But complications soon arise and the mission turns personal.","English, Russian, French","United States, United Kingdom, Bulgaria",N/A,https://m.media-amazon.com/images/M/MV5BMTg0ODc4Mzk2OF5BMl5BanBnXkFtZTgwNDk2MDkyODE@._V1_SX300.jpg,"[{'Source': 'Internet Movie Database', 'Value': '6.3/10'}, {'Source': 'Rotten Tomatoes', 'Value': '30%'}, {'Source': 'Metacritic', 'Value': '36/100'}]",36,6.3,"74,542",tt3014866,movie,N/A,"$14,708,696",N/A,N/A,True,CINE.pdf,
El Cristo del Océano,1971,N/A,24 Feb 1972,74 min,Drama,Ramón Fernández,"Keith Luger, Federico De Urrutia, Alfredo Mañas","Nino del Arco, Paolo Gozlino, Pilar Velázquez","A boy whose mother is in an institution is protected by a happy-go-lucky sailor until he has to leave for a fishing job, encountering unexpected events while at sea. The kid feels alone in the world, but he finds a mysterious, wise and friendly character in a cave and an image of Christ in the beach, from a shipwreck. The town priest wants to take the Christ from the boy and put it in the parish church. The gossip among the people makes things difficult for the boy. The authorities want to decide his destiny. Then miracles begin to happen.",Spanish,"Spain, Italy",1 nomination,https://m.media-amazon.com/images/M/MV5BMWUzZDEwZGMtZjI5Ny00ZTQ2LTgxYTctNWJkYmUzYzhjODhhXkEyXkFqcGdeQXVyMzU0NzkwMDg@._V1_SX300.jpg,"[{'Source': 'Internet Movie Database', 'Value': '6.4/10'}]",N/A,6.4,111,tt0066956,movie,N/A,N/A,N/A,N/A,True,CINE.pdf,
Les temps morts,1965,N/A,01 Jun 1965,10 min,"Animation, Short",René Laloux,"René Laloux, Jacques Sternberg, Roland Topor",Roland Dubillard,"In this small blue planet called Earth, its weird inhabitants live and die for one principal reason: to kill. As a result, behind humanity's repugnant hypocrisy, death, destruction, wickedness, fatal societal contradictions and moral absurdity are hidden in plain sight; man seems to be inextricably linked with violence, trapped in a vicious cycle of blood and war. And in between, the amorphous boundless void of dead time.",French,France,N/A,https://m.media-amazon.com/images/M/MV5BNDRjM2IyYzctZjkyNi00MzgzLWJlMTAtYjFkNGE4YjgxNTYxXkEyXkFqcGc@._V1_SX300.jpg,"[{'Source': 'Internet Movie Database', 'Value': '6.7/10'}]",N/A,6.7,905,tt0294959,movie,N/A,N/A,N/A,N/A,True,CINE.pdf,
Cuentos de hadas para dormir cocodrilos,2002,N/A,21 Mar 2003,108 min,Drama,Ignacio Ortiz,Ignacio Ortiz,"Arturo Ríos, Luisa Huertas, Miguel Santana","A man who travels back to the house of his father, grandfather and backwards. He is in search for his salvation and his son salvation from a family curse. The movie mixes the personal life of the ancestors of this man as well as historical moments for México such as The Reform War, the Mexican Revolution, etc.",Spanish,Mexico,8 wins & 9 nominations,https://m.media-amazon.com/images/M/MV5BZWIxMDMyZGYtYTYxZi00ZjAzLWIwZjMtMWIzODljYjY5Mjg1XkEyXkFqcGdeQXVyODA5NTA2NjA@._V1_SX300.jpg,"[{'Source': 'Internet Movie Database', 'Value': '7.0/10'}]",N/A,7.0,224,tt0318380,movie,N/A,N/A,N/A,N/A,True,CINE.pdf,
El,1953,Approved,09 Jul 1953,82 min,"Drama, Romance",Luis Buñuel,"Luis Buñuel, Luis Alcoriza, Mercedes Pinto","Arturo de Córdova, Delia Garcés, Aurora Walker","Francisco is rich, rather strict on principles, and still a bachelor. After meeting Gloria by accident, he is suddenly intent on her becoming his wife and courts her until she agrees to marry him. Francisco is a dedicated husband, but little by little his passion starts to exhibit disturbing traits. Nevertheless, Gloria meets with scepticism as she expresses her worries to their acquaintances.",Spanish,Mexico,1 nomination,https://m.media-amazon.com/images/M/MV5BMGY4Yjg5Y2MtYzM2OC00ZWU3LWEzNGUtYjY3NGM2MTliMGQ0XkEyXkFqcGc@._V1_SX300.jpg,"[{'Source': 'Internet Movie Database', 'Value': '7.9/10'}, {'Source': 'Rotten Tomatoes', 'Value': '100%'}]",N/A,7.9,"6,666",tt0045361,movie,N/A,N/A,N/A,N/A,True,CINE.pdf,
Cuentos de hadas para dormir cocodrilos,2002,N/A,21 Mar 2003,108 min,Drama,Ignacio Ortiz,Ignacio Ortiz,"Arturo Ríos, Luisa Huertas, Miguel Santana","A man who travels back to the house of his father, grandfather and backwards. He is in search for his salvation and his son salvation from a family curse. The movie mixes the personal life of the ancestors of this man as well as historical moments for México such as The Reform War, the Mexican Revolution, etc.",Spanish,Mexico,8 wins & 9 nominations,https://m.media-amazon.com/images/M/MV5BZWIxMDMyZGYtYTYxZi00ZjAzLWIwZjMtMWIzODljYjY5Mjg1XkEyXkFqcGdeQXVyODA5NTA2NjA@._V1_SX300.jpg,"[{'Source': 'Internet Movie Database', 'Value': '7.0/10'}]",N/A,7.0,224,tt0318380,movie,N/A,N/A,N/A,N/A,True,CINE.pdf,
Crossing Over,2009,R,26 Feb 2009,113 min,"Crime, Drama",Wayne Kramer,Wayne Kramer,"Harrison Ford, Ashley Judd, Ray Liotta","Crossing Over is a multi-character canvas about immigrants of different nationalities struggling to achieve legal status in Los Angeles. The film deals with the border, document fraud, the asylum and green card process, work-site enforcement, naturalization, the office of counter terrorism and the clash of cultures.","English, Korean, Persian, Spanish, Arabic",United States,1 win total,https://m.media-amazon.com/images/M/MV5BMjAyMDQ3ODU4NV5BMl5BanBnXkFtZTcwNzU2MTAzMg@@._V1_SX300.jpg,"[{'Source': 'Internet Movie Database', 'Value': '6.7/10'}, {'Source': 'Rotten Tomatoes', 'Value': '15%'}, {'Source': 'Metacritic', 'Value': '38/100'}]",38,6.7,"25,196",tt0924129,movie,N/A,"$455,654",N/A,N/A,True,CINE.pdf,
Dama de noche,1998,N/A,22 Jul 1998,98 min,Drama,Lore Reyes,N/A,"Ynez Veneracion, Mark Gil, Jaclyn Jose",A woman (Ynez Veneracion) who was maltreated during her younger years (Aiza Marquez played the young role) gets revenge on the people who abused her.,"Tagalog, Filipino",Philippines,N/A,https://m.media-amazon.com/images/M/MV5BOTJmYmQ0MjgtYWI4YS00ZDRkLWIyMDQtNTA2Yzk4Y2IwNjI2L2ltYWdlL2ltYWdlXkEyXkFqcGdeQXVyNDYzMDMxOTc@._V1_SX300.jpg,"[{'Source': 'Internet Movie Database', 'Value': '6.2/10'}]",N/A,6.2,35,tt0289144,movie,N/A,N/A,N/A,N/A,True,CINE.pdf,
El Cubo,2012,N/A,08 Feb 2012,N/A,Game-Show,N/A,N/A,Raquel Sánchez-Silva,N/A,Spanish,Spain,N/A,N/A,[],N/A,N/A,N/A,tt13130256,series,,,,,True,CINE.pdf,N/A
Danton,1983,PG,12 Jan 1983,136 min,"Biography, Drama, History",Andrzej Wajda,"Jean-Claude Carrière, Stanislawa Przybyszewska, Andrzej Wajda","Gérard Depardieu, Wojciech Pszoniak, Anne Alvaro","Action opens in November of 1793, with Danton returning to Paris from his country retreat upon learning that the Committee for Public Safety, under Robespierre's incitement, has begun a series of massive executions, The Terror. Confident in the people's support, Danton clashes with his former ally, but calculating Robespierre soon rounds up Danton and his followers, tries them before a revolutionary tribunal and dipatches them to the guillotine.",French,"France, Poland",Won 1 BAFTA Award7 wins & 7 nominations total,https://m.media-amazon.com/images/M/MV5BZDA3ZDBhZGMtYTkzNS00ODBhLWJkOGYtNWM1ZjI1ZTg3MDdlXkEyXkFqcGc@._V1_SX300.jpg,"[{'Source': 'Internet Movie Database', 'Value': '7.4/10'}, {'Source': 'Rotten Tomatoes', 'Value': '85%'}]",N/A,7.4,"8,261",tt0083789,movie,N/A,N/A,N/A,N/A,True,CINE.pdf,
Dark Blue,2002,R,21 Feb 2003,118 min,"Crime, Drama, Thriller",Ron Shelton,"James Ellroy, David Ayer","Kurt Russell, Ving Rhames, Scott Speedman","Set in the Los Angeles Police Department in April 1992, Dark Blue is a dramatic thriller that takes place just days before the acquittal of four white officers in the beating of black motorist Rodney King and the subsequent L.A. riots. In this racially-charged climate,the LAPD's elite Special Investigations Squad (SIS) is assigned a high-profile quadruple homicide. As they work the case, veteran detective Eldon Perry, known for his tough street tactics and fiery temper, tutors SIS rookie Bobby Keough in the grim realities of police intimidation and corruption. Meanwhile, Assistant Chief Holland, the only man in the department willing to stand up to the SIS, threatens to end Perry's brand of singlehanded ""justice"" on the Los Angeles streets. While navigating through the tumultuous neighborhoods of South Central L.A., Perry and Keough must track down cold-blooded killers and face their own demons, which prove to be more ruthless than the criminals they pursue.",English,"United Kingdom, Germany, United States",4 nominations total,https://m.media-amazon.com/images/M/MV5BMTE2YzU4MmMtZGE0Ny00NGU4LTkwNjAtNWM2YTM5MzM5ZjczXkEyXkFqcGc@._V1_SX300.jpg,"[{'Source': 'Internet Movie Database', 'Value': '6.6/10'}, {'Source': 'Rotten Tomatoes', 'Value': '58%'}, {'Source': 'Metacritic', 'Value': '57/100'}]",57,6.6,"25,500",tt0279331,movie,N/A,"$9,250,301",N/A,N/A,True,CINE.pdf,
Daybreakers,2009,R,08 Jan 2010,98 min,"Action, Horror, Sci-Fi","Michael Spierig, Peter Spierig","Michael Spierig, Peter Spierig","Ethan Hawke, Willem Dafoe, Sam Neill","10 years from now, vampires make up the vast majority of the population with only 5% of the human race remaining. This presents particular challenges as the vampires' food supply - human blood - is dwindling and rationing is now the norm. There is growing evidence that vampires deprived of an adequate blood supply are themselves evolving into wild, vile creatures that attack anyone and anything in order to survive. Dr. Edward Dalton, a vampire and hematologist who works for a pharmaceutical firm, has been working on finding an artificial blood supply that will meet the vampire society's needs. He is sympathetic to humans and sees his work as a way of alleviating their suffering but his views on finding a solution change considerably when he meets someone who found a way to transform himself from being a vampire to again take human form.",English,"Australia, United States",3 wins & 6 nominations total,https://m.media-amazon.com/images/M/MV5BNzg3NDYyMDU4Nl5BMl5BanBnXkFtZTcwODA5NzA5Mg@@._V1_SX300.jpg,"[{'Source': 'Internet Movie Database', 'Value': '6.4/10'}, {'Source': 'Rotten Tomatoes', 'Value': '69%'}, {'Source': 'Metacritic', 'Value': '57/100'}]",57,6.4,"140,415",tt0433362,movie,N/A,"$30,101,577",N/A,N/A,True,CINE.pdf,
Los de abajo,1940,TV-PG,01 Jun 1940,89 min,"Drama, War",Chano Urueta,"Mariano Azuela, Aurelio Manrique, Chano Urueta","Miguel Ángel Ferriz, Esther Fernández, Isabela Corona","Liderados por el capitán Anastasio Montañez, el recién formado ejército de campesinos -hartos de las injusticias de los federales-, toma como código de honor saquear las casas para repartir las riquezas.",Spanish,Mexico,N/A,https://m.media-amazon.com/images/M/MV5BNjJkZGIzNzctZDE4OC00NmQyLTlkNmYtNGYyOWUyNDljZThkL2ltYWdlL2ltYWdlXkEyXkFqcGdeQXVyMjgzOTY3NTM@._V1_SX300.jpg,"[{'Source': 'Internet Movie Database', 'Value': '7.2/10'}]",N/A,7.2,54,tt0031591,movie,N/A,N/A,N/A,N/A,True,CINE.pdf,
"Rebeca Jiménez, ¿De qué lado estás?",2012,N/A,10 Feb 2012,N/A,"Short, Musical",Jesús Plaza,Jesús Plaza,"Marta Belenguer, Ingrid García Jonsson, Rebeca Jiménez, Carlos Martín",N/A,Spanish,Spain,N/A,N/A,[],N/A,N/A,N/A,tt2290611,movie,N/A,N/A,N/A,N/A,True,CINE.pdf,
DOA: Dead or Alive,2006,PG-13,15 Jun 2007,87 min,"Action, Adventure, Mystery",Corey Yuen,"J.F. Lawton, Adam Gross, Seth Gross","Jaime Pressly, Devon Aoki, Sarah Carter","A number of fighters are invited to DOA, an invitational martial arts contest. They travel to the tournament island by plane, until they have to jump out mid-flight with parachutes, and then have until sundown to reach the main island to be entered into the tournament. Fighters are then pooled against one another in a knock-out style tournament, with the loser of a battle sent home, and the winner progressing to the subsequent round. The plot revolves around four female fighters who begin as rivals, but subsequently find themselves teaming up against another force.","English, German, Japanese","United Kingdom, Germany, Japan, Canada, United States, Australia",1 nomination total,https://m.media-amazon.com/images/M/MV5BMTIyNDQ0NDExMl5BMl5BanBnXkFtZTcwODAxMTk0MQ@@._V1_SX300.jpg,"[{'Source': 'Internet Movie Database', 'Value': '4.8/10'}, {'Source': 'Rotten Tomatoes', 'Value': '32%'}, {'Source': 'Metacritic', 'Value': '38/100'}]",38,4.8,"47,686",tt0398913,movie,N/A,"$480,813",N/A,N/A,True,CINE.pdf,
Son,2021,Not Rated,05 Mar 2021,98 min,"Horror, Thriller",Ivan Kavanagh,Ivan Kavanagh,"Andi Matichak, Emile Hirsch, Luke David Blumm","Having escaped from a cult as a child, a mother must face her past when its sinister members break into her home and attempt to steal her eight year old son, David. Now the two are on the run pursued by a detective determined to save them both. Since his aborted kidnapping something has changed in David and the boy has succumbed to a mysterious illness. Following her maternal instincts to save him, his mother commits unspeakable acts to keep him alive but is losing the battle. Soon, she has to decide how far she is willing to go to save her son.",English,"Ireland, United States, United Kingdom",4 wins & 4 nominations total,https://m.media-amazon.com/images/M/MV5BNzI5NzlmYWYtMzIxOS00NWZiLWEwYjEtYzBlOWY4N2IzNTQ0XkEyXkFqcGc@._V1_SX300.jpg,"[{'Source': 'Internet Movie Database', 'Value': '5.6/10'}, {'Source': 'Rotten Tomatoes', 'Value': '79%'}, {'Source': 'Metacritic', 'Value': '54/100'}]",54,5.6,"6,826",tt5624466,movie,N/A,"$55,068",N/A,N/A,True,CINE.pdf,
Deadpool,2016,R,12 Feb 2016,108 min,"Action, Comedy, Sci-Fi",Tim Miller,"Rhett Reese, Paul Wernick","Ryan Reynolds, Morena Baccarin, T.J. Miller","This is the origin story of former Special Forces operative turned mercenary Wade Wilson, who after being subjected to a rogue experiment that leaves him with accelerated healing powers, adopts the alter ego Deadpool. Armed with his new abilities and a dark, twisted sense of humor, Deadpool hunts down the man who nearly destroyed his life.",English,United States,29 wins & 78 nominations total,https://m.media-amazon.com/images/M/MV5BNzY3ZWU5NGQtOTViNC00ZWVmLTliNjAtNzViNzlkZWQ4YzQ4XkEyXkFqcGc@._V1_SX300.jpg,"[{'Source': 'Internet Movie Database', 'Value': '8.0/10'}, {'Source': 'Rotten Tomatoes', 'Value': '85%'}, {'Source': 'Metacritic', 'Value': '65/100'}]",65,8.0,"1,240,356",tt1431045,movie,N/A,"$363,070,709",N/A,N/A,True,CINE.pdf,
Chapo: el escape del siglo,2016,N/A,15 Jan 2016,86 min,Crime,Axel Uriegas,N/A,"Irineo Alvarez, José Sefami, Kristoff Raczynski","Crime drama inspired by real events recounts the sensational prison escape of Mexican drug kingpin Joaquin Guzmân Loera, aka El Chapo.",Spanish,Mexico,N/A,https://m.media-amazon.com/images/M/MV5BYjgxNTM5ZWItNjE1OC00NWRmLWExNjQtOTQwM2I3MzRkNzVhXkEyXkFqcGc@._V1_SX300.jpg,"[{'Source': 'Internet Movie Database', 'Value': '3.2/10'}]",N/A,3.2,336,tt5344086,movie,N/A,N/A,N/A,N/A,True,CINE.pdf,
Deconstruyendo 'Déjame entrar',2009,N/A,30 Sep 2009,33 min,"Documentary, Short",N/A,N/A,"J.A. Bayona, Ricardo Almazán, Pau Brunet, Carlos Boyero",N/A,Spanish,Spain,N/A,N/A,[],N/A,N/A,N/A,tt1994512,movie,N/A,N/A,N/A,N/A,True,CINE.pdf,
Danzón,1991,PG-13,27 Jun 1991,120 min,Drama,María Novaro,"Beatriz Novaro, María Novaro","María Rojo, Carmen Salinas, Tito Vasconcelos","Julia (Rojo) is a phone operator in Mexico City who divides her time between her job, her daughter and the danzon: a cuban dance very popular in Mexico and Central America. Every wednesday Julia does the danzon with Carmelo (Rergis) in the old ""Salon Colonia"". They've danced for years but barely know each other. One night Carmelo disappears without a trace. Feeling lonely and sad, Julia takes a train to Veracruz, where she knows Carmelo has a brother. That sudden trip will change Julia's life forever.",Spanish,"Mexico, Spain",6 wins & 6 nominations,https://m.media-amazon.com/images/M/MV5BN2NlMzg3NGYtZDA4OC00ODM2LWFlZDctNDhhMTM3NGM2NmIxXkEyXkFqcGdeQXVyMTcwOTQzOTYy._V1_SX300.jpg,"[{'Source': 'Internet Movie Database', 'Value': '6.8/10'}, {'Source': 'Rotten Tomatoes', 'Value': '67%'}]",N/A,6.8,685,tt0101658,movie,N/A,"$450,501",N/A,N/A,True,CINE.pdf,
Déjame Vivir,2014,N/A,27 Mar 2014,62 min,"Documentary, Adventure",Sèbastien Montaz-Rosset,"Sèbastien Montaz-Rosset, Katie Moore","Kilian Jornet, Bruno Brunod, Matteo Jacquemoud","From Mont Blanc to Mount Elbrus, experience the peaks from the breathtaking perspective of sky runner Kilian Jornet and his friends.","Spanish, French, English, Catalan, Italian",Spain,N/A,https://m.media-amazon.com/images/M/MV5BNWEwYzFjOWQtZTYxYS00ODBkLWFlNGUtYWRkODgwZWQ1ZDc4XkEyXkFqcGdeQXVyMzYwNTQ4NjQ@._V1_SX300.jpg,"[{'Source': 'Internet Movie Database', 'Value': '8.1/10'}]",N/A,8.1,299,tt3658642,movie,N/A,N/A,N/A,N/A,True,CINE.pdf,
La La Land,2016,PG-13,25 Dec 2016,128 min,"Comedy, Drama, Music",Damien Chazelle,Damien Chazelle,"Ryan Gosling, Emma Stone, Rosemarie DeWitt","Aspiring actress serves lattes to movie stars in between auditions and jazz musician Sebastian scrapes by playing cocktail-party gigs in dingy bars. But as success mounts, they are faced with decisions that fray the fragile fabric of their love affair, and the dreams they worked so hard to maintain in each other threaten to rip them apart.","English, Cantonese","United States, Hong Kong",Won 6 Oscars. 242 wins & 307 nominations total,https://m.media-amazon.com/images/M/MV5BMzUzNDM2NzM2MV5BMl5BanBnXkFtZTgwNTM3NTg4OTE@._V1_SX300.jpg,"[{'Source': 'Internet Movie Database', 'Value': '8.0/10'}, {'Source': 'Rotten Tomatoes', 'Value': '91%'}, {'Source': 'Metacritic', 'Value': '94/100'}]",94,8.0,"751,618",tt3783958,movie,N/A,"$151,101,803",N/A,N/A,True,CINE.pdf,
Demetrius and the Gladiators,1954,Approved,09 Sep 1954,101 min,"Action, Drama, History",Delmer Daves,"Philip Dunne, Lloyd C. Douglas","Victor Mature, Susan Hayward, Michael Rennie","The story picks up at the point where ""The Robe (1953)"" ends, following the martyrdom of Diana and Marcellus. Christ's robe is conveyed to Peter for safe-keeping, but the emperor Caligula wants it back to benefit from its powers. Marcellus' former slave Demetrius seeks to prevent this, and catches the eye of Messalina, wife to Caligula's uncle Claudius. Messalina tempts Demetrius, he winds up fighting in the arena, and wavers in his faith.",English,United States,N/A,https://m.media-amazon.com/images/M/MV5BMTJlOGM5OGQtYmQ2ZC00MzVlLWIyYTgtMTAyOGE3ODNkZGI2XkEyXkFqcGc@._V1_SX300.jpg,"[{'Source': 'Internet Movie Database', 'Value': '6.6/10'}, {'Source': 'Rotten Tomatoes', 'Value': '75%'}]",N/A,6.6,"4,376",tt0046899,movie,N/A,N/A,N/A,N/A,True,CINE.pdf,
Desafío,2005,N/A,01 Dec 2005,21 min,"Documentary, Short",Roberto Chile,Roberto Chile,N/A,N/A,Spanish,Cuba,N/A,N/A,[],N/A,N/A,N/A,tt0839778,movie,N/A,N/A,N/A,N/A,True,CINE.pdf,
Caught Between 2 Gigants,2011,N/A,01 Apr 2011,83 min,"Documentary, History, News","Mariel Alende O'Connell, Maj Vernell",N/A,"Mariel Alende O'Connell, Eduard Miró","Travelling to Perpignan, in the south of France, to collect a poetry prize, Mariel, who has lived in Catalonia for twenty years, invites people north and south of the Pyrenees to express their feelings about their cultural identity.",Catalan,"Spain, France",N/A,https://m.media-amazon.com/images/M/MV5BYjA1OTA0NTUtYjNlZi00M2Y1LTk0NDAtODYwMmI4YWM0ZTA4L2ltYWdlL2ltYWdlXkEyXkFqcGdeQXVyMTc5MTAyNDg@._V1_SX300.jpg,"[{'Source': 'Internet Movie Database', 'Value': '9.4/10'}]",N/A,9.4,15,tt2455454,movie,N/A,N/A,N/A,N/A,True,CINE.pdf,
Desaparecido,2003,N/A,18 Aug 2003,10 min,"Short, Drama",Fernando Montano Galvañ,Fernando Montano Galvañ,"David M. Antón, Rosana Ferreira, Verónica Lebron","Two women are of purchases, suddenly one of them remains complement alone, the whole world has disappeared and looks like the only inhabitant of the world, desperate and without understanding that it happens, looks for his friend or for some person.",Spanish,Spain,N/A,https://m.media-amazon.com/images/M/MV5BYjczMzU0ZTEtMjI5Yy00ZmNjLWEwZDAtNWI3YWE2MDk0YzYyXkEyXkFqcGdeQXVyMjExMDIwNzA@._V1_SX300.jpg,[],N/A,N/A,N/A,tt2210563,movie,N/A,N/A,N/A,N/A,True,CINE.pdf,
Delta,2008,N/A,12 Mar 2010,92 min,Drama,Kornél Mundruczó,"Yvette Bíró, Kornél Mundruczó","Félix Lajkó, Orsolya Tóth, Lili Monori","A man comes home to meet his mother and sister after many years away. He finds his mother living with a new boyfriend, and his sister to be grown-up. He begins to settle down in this new place by building a new home for himself on the delta. But when his sister moves in with him and the two begin a romance, there are tragic consequences.",Hungarian,"Hungary, Germany",7 wins & 7 nominations total,https://m.media-amazon.com/images/M/MV5BODgyNDE4MmEtZDM4Yy00OThlLWEwYTMtYjNmODA0ZDkxZDM5XkEyXkFqcGc@._V1_SX300.jpg,"[{'Source': 'Internet Movie Database', 'Value': '6.3/10'}, {'Source': 'Rotten Tomatoes', 'Value': '71%'}, {'Source': 'Metacritic', 'Value': '61/100'}]",61,6.3,"1,826",tt0910860,movie,N/A,N/A,N/A,N/A,True,CINE.pdf,
Demasiado amor,2001,N/A,30 Jan 2002,93 min,"Drama, Romance",Ernesto Rimoch,"Ernesto Rimoch, Eva Saraga, Sara Sefchovich","Juan Alonso, Martín Altomaro, Alma Rosa Añorve","Laura and Beatriz are two sisters in search of a dream in common: to run a guest house abroad and live off the rents. Laura travels to Spain to start off the project, and Beatriz remains alone in Mexico waiting for the right moment to catch up to her sister. While Beatriz nurtures the desire of moving away, she begins to feed off dreams and fantasies. In the midst of easy love affairs that earn her enough money to support Laura, Beatriz meets Carlos, a man with whom she travels throughout Mexico, discovering the unimaginable beauty of her country, her soul and her own body.",Spanish,"Spain, France, Mexico",1 win & 6 nominations,https://m.media-amazon.com/images/M/MV5BMTFiMGU3OWYtNzMwZS00ZDQ1LThiZTAtYjkwYmUyNGI0ZDEyL2ltYWdlL2ltYWdlXkEyXkFqcGdeQXVyMTk4MDgwNA@@._V1_SX300.jpg,"[{'Source': 'Internet Movie Database', 'Value': '6.3/10'}]",N/A,6.3,84,tt0243212,movie,N/A,N/A,N/A,N/A,True,CINE.pdf,
El descenso,2011,N/A,14 Apr 2011,15 min,"Short, Drama, Sci-Fi",Daniel Romero,Daniel Romero,"José Luis Alcobendas, Fernando Moreno, Bárbara Santa Cruz, Óscar Villalobos",N/A,Spanish,Spain,N/A,N/A,[],N/A,N/A,N/A,tt1864314,movie,N/A,N/A,N/A,N/A,True,CINE.pdf,
Walk the Line,2005,PG-13,18 Nov 2005,136 min,"Biography, Drama, Music",James Mangold,"Johnny Cash, Gill Dennis, James Mangold","Joaquin Phoenix, Reese Witherspoon, Ginnifer Goodwin","While growing up in the Great Depression era, Johnny Cash takes an interest in music and eventually moves out of his Arkansas town to join the air force in Germany. While there, he buys his first guitar and writes his own music, and proposes to Vivian. When they got married, they settled in Tennessee and with a daughter, he supported the family by being a salesman. He discovers a man who can pursue his dreams and ends up getting a record with the boys. Shortly after that, he was on a short tour, promoting his songs, and meets the already famous and beautiful June Carter. Then as they get on the long-term tours with June, the boys, and Jerry Lee Lewis, they have this unspoken relationship that grows. But when June leaves the tour because of his behavior, he was a drug addict. His marriage was also falling apart, and when he sees June years later at an awards show, he forces June to tour with them again, promising June to support her two kids and herself. While the tour goes on, the relationship between June and John grow more,and his marriage to his first wife ends. June finds out about the drugs, and help him overcome it. True love and care helped John eventually stop the drug usage, and finally proposes to her in front of an audience at a show.","English, Russian","Germany, United States",Won 1 Oscar. 45 wins & 48 nominations total,https://m.media-amazon.com/images/M/MV5BMjIyOTU3MjUxOF5BMl5BanBnXkFtZTcwMTQ0NjYzMw@@._V1_SX300.jpg,"[{'Source': 'Internet Movie Database', 'Value': '7.8/10'}, {'Source': 'Rotten Tomatoes', 'Value': '83%'}, {'Source': 'Metacritic', 'Value': '72/100'}]",72,7.8,"279,067",tt0358273,movie,N/A,"$119,519,402",N/A,N/A,True,CINE.pdf,
Desde El Infierno,2013–,N/A,01 Sep 2013,60 min,Talk-Show,N/A,N/A,Gilberto Perez Castillo,N/A,Spanish,Mexico,N/A,N/A,[],N/A,N/A,N/A,tt3594940,series,,,,,True,CINE.pdf,N/A
Desde el jardín. Ohno.,2012–2013,N/A,10 Oct 2012,24 min,Documentary,N/A,N/A,Takehiro Ohno,N/A,Spanish,Argentina,N/A,N/A,[],N/A,N/A,N/A,tt5341466,series,,,,,True,CINE.pdf,1
Despertares,2023,N/A,27 Jan 2023,N/A,N/A,Lucas Figueroa,Lucas Figueroa,N/A,The evolution of 'Renaceres' in the post-pandemic era: A hymn to human hope overcoming adversity. Shot in 8K over two years. Latin American voices reveal truths deeper than journalism can reach. A historical and poetic archive.,Spanish,Spain,N/A,https://m.media-amazon.com/images/M/MV5BMDk5YmFiZmQtN2I3ZC00Y2EwLTlmMjQtODIwZjQ0OGEyNmRhXkEyXkFqcGc@._V1_SX300.jpg,[],N/A,N/A,N/A,tt36413481,movie,N/A,N/A,N/A,N/A,True,CINE.pdf,
La Catrina - Detrás del espejo,2019,N/A,12 Mar 2019,11 min,"Short, Horror",Alfredo Leon,Alfredo Leon,"Cristy Leiro, Cesar Mijangos",N/A,Spanish,Mexico,N/A,https://m.media-amazon.com/images/M/MV5BZDg4MzQ1MGUtM2JjMy00NmNhLTk0N2EtMmQ5YTdkMDY1YmFjXkEyXkFqcGdeQXVyMTEzODEwNzI0._V1_SX300.jpg,[],N/A,N/A,N/A,tt11808926,movie,N/A,N/A,N/A,N/A,True,CINE.pdf,
La devoradora,1946,N/A,18 Apr 1946,117 min,Drama,Fernando de Fuentes,"Paulino Masip, Fernando de Fuentes","María Félix, Luis Aldás, Julio Villarreal","Diana è una ""devoradora (divoratrice)"" di uomini. Nessun uomo riesce a tenerle testa e finiscono malissimo anche quelli che hanno la sventura di innamorarsi di lei. E' l'amante del ricco ed anziano don Adolfo, ma quando conosce il giovane studente Pablo, decide che deve essere suo. Il giovane perde la testa per la donna e decide che deve essere soltanto sua. Medita perciò di ucciderla, ma finisce col suicidarsi. Per non essere incriminata, la donna convince Miguel, il nipote di don Adolfo, ad occultare il cadavere. Anche il giovane rimane colpito dal fascino della donna e cerca di convincere lo zio ad aprire gli occhi sulla donna, ma non vi riesce, anzi rischia di essere incriminato per la morte di Pablo. Alla fine, il dramma si trasforma in tragedia.",Spanish,Mexico,N/A,https://m.media-amazon.com/images/M/MV5BZmQ5MWFmYjAtOTQ2NS00NDQyLTk1Y2YtZTVhODcxOTI4OThjXkEyXkFqcGdeQXVyNjc2ODQ1OTM@._V1_SX300.jpg,"[{'Source': 'Internet Movie Database', 'Value': '6.8/10'}]",N/A,6.8,47,tt0038473,movie,19 Aug 2003,N/A,Producciónes Grovas,N/A,True,CINE.pdf,
El día de la boda,1968,N/A,31 Oct 1968,115 min,"Comedy, Drama, Romance",René Cardona Jr.,Mario A. Zacarías,"Enrique Rambal, Lucy Gallardo, Elsa Aguirre","In this 1968 film, Martha and Rubén get into trouble when she finds out she's pregnant without them being married. The couple tries to hide it at first from both their parents, but they will have to let them know eventually because it will start to show. They're afraid to do so because of what will other people think of them and they will try to get married as soon as possible to avoid people from gossiping.",Spanish,Mexico,N/A,https://m.media-amazon.com/images/M/MV5BODdmYWRjNWUtZmU0ZS00N2JmLTkwYmYtYjEzYzExOWQ0YTFhXkEyXkFqcGdeQXVyMjY2NzA2MDE@._V1_SX300.jpg,"[{'Source': 'Internet Movie Database', 'Value': '7.0/10'}]",N/A,7.0,36,tt0061606,movie,N/A,N/A,N/A,N/A,True,CINE.pdf,
Diabolique,1955,Not Rated,21 Nov 1955,117 min,"Crime, Drama, Horror",Henri-Georges Clouzot,"Pierre Boileau, Thomas Narcejac, Henri-Georges Clouzot","Simone Signoret, Véra Clouzot, Paul Meurisse","Christina Delassalle suffers greatly at the hands of her brutish husband Michel. She inherited the boys' boarding school they run but it's clearly Michel who is in charge. She and Nicole Horner, one of the teachers and Michel's former lover, decide to kill him. Christina, who has a serious condition, is terrified when, by chance, she meets a retired police inspector who decides to look into the case.","French, English",France,5 wins total,https://m.media-amazon.com/images/M/MV5BMDg5OTRmOTgtYzk0ZC00M2E5LWFmNzItMDc5NmNlMDM0MTdmXkEyXkFqcGc@._V1_SX300.jpg,"[{'Source': 'Internet Movie Database', 'Value': '8.1/10'}, {'Source': 'Rotten Tomatoes', 'Value': '95%'}]",N/A,8.1,"72,680",tt0046911,movie,N/A,N/A,N/A,N/A,True,CINE.pdf,
Después de la muerte,2005,N/A,22 Nov 2005,75 min,Drama,Roberto Ramos Perea,Roberto Ramos Perea,"Nelson Alvarado, Naymed Calzada, Melissa Reyes",N/A,Spanish,Puerto Rico,N/A,https://m.media-amazon.com/images/M/MV5BNWVjYjdkMWUtNzUyNS00MjY1LWE2NmYtZjQzNmZiZTAzODVhXkEyXkFqcGdeQXVyMjEyNDU1Mjk@._V1_SX300.jpg,[],N/A,N/A,N/A,tt32328582,movie,N/A,N/A,N/A,N/A,True,CINE.pdf,
Días de Santiago,2004,Not Rated,30 Sep 2004,83 min,Drama,Josué Méndez,Josué Méndez,"Pietro Sibille, Milagros Vidal, Marisela Puicón","Santiago, a retired soldier who fought for his country, Peru, find it hard to adjust back to society while dealing with PTSD and family problems.",Spanish,Peru,14 wins & 4 nominations,https://m.media-amazon.com/images/M/MV5BMTk3NzA2MDc4M15BMl5BanBnXkFtZTcwMzA1MzMzMQ@@._V1_SX300.jpg,"[{'Source': 'Internet Movie Database', 'Value': '7.2/10'}, {'Source': 'Rotten Tomatoes', 'Value': '100%'}, {'Source': 'Metacritic', 'Value': '61/100'}]",61,7.2,"1,025",tt0397405,movie,N/A,N/A,N/A,N/A,True,CINE.pdf,
Días difíciles,1988,N/A,07 Jul 1988,85 min,"Crime, Drama",Alejandro Pelayo,"Alejandro Pelayo, Víctor Hugo Rascón Banda","Alejandro Parodi, Blanca Guerra, Fernando Balzaretti",N/A,N/A,Mexico,2 wins & 5 nominations,https://m.media-amazon.com/images/M/MV5BZDYyMmZlNGMtYTkxNC00Y2I3LThmOTktZWNlZGE1NTU2OGZlXkEyXkFqcGdeQXVyNTY2MzY1MjA@._V1_SX300.jpg,"[{'Source': 'Internet Movie Database', 'Value': '7.3/10'}]",N/A,7.3,28,tt0092942,movie,N/A,N/A,N/A,N/A,True,CINE.pdf,
The Gods Must Be Crazy,1980,PG,26 Oct 1984,109 min,"Adventure, Comedy",Jamie Uys,Jamie Uys,"Marius Weyers, Sandra Prinsloo, N!xau","A Sho in the Kalahari desert encounters technology for the first time--in the shape of a Coke bottle. He takes it back to his people, and they use it for many tasks. The people start to fight over it, so he decides to return it to the God--where he thinks it came from. Meanwhile, we are introduced to a clumsy biologist, a schoolteacher assigned to a small village, and a despotic revolutionary.","English, Afrikaans, Ungwatsi","South Africa, Botswana",2 wins & 3 nominations total,https://m.media-amazon.com/images/M/MV5BMDUzNmJjOTEtMmNhZi00YTY1LTg0MTQtOTkwNjFkNjZjMDU5XkEyXkFqcGc@._V1_SX300.jpg,"[{'Source': 'Internet Movie Database', 'Value': '7.3/10'}, {'Source': 'Rotten Tomatoes', 'Value': '86%'}, {'Source': 'Metacritic', 'Value': '73/100'}]",73,7.3,"62,276",tt0080801,movie,N/A,"$30,031,783",N/A,N/A,True,CINE.pdf,
Divergente,2023,N/A,08 Nov 2023,N/A,"Documentary, Short","Michelle Ibaven, Andrea Paone",Michelle Ibaven,N/A,N/A,Spanish,Mexico,N/A,N/A,[],N/A,N/A,N/A,tt30216243,movie,N/A,N/A,N/A,N/A,True,CINE.pdf,
Puerto del distinto amanecer,1992,N/A,N/A,27 min,Short,Fernando Montaño,Fernando Montaño,Martha Papadimitriou,N/A,Spanish,Mexico,N/A,N/A,[],N/A,N/A,N/A,tt0475700,movie,N/A,N/A,N/A,N/A,True,CINE.pdf,
Dobermann,1997,R,18 Jun 1997,103 min,"Action, Comedy, Crime",Jan Kounen,Joël Houssin,"Vincent Cassel, Tchéky Karyo, Monica Bellucci","The charismatic criminal Dobermann, who got his first gun when he was christened, leads a gang of brutal robbers. After a complex and brutal bank robbery, they are being hunted by the Paris police. The hunt is led by the sadistic cop Christini, who only has one goal: to catch Dobermann at any cost.","French, English, Spanish",France,N/A,https://m.media-amazon.com/images/M/MV5BYzQwZDljMmMtYTk3Ny00OWYzLWI0OTItMWMzMTNjNTdhNWQ5XkEyXkFqcGc@._V1_SX300.jpg,"[{'Source': 'Internet Movie Database', 'Value': '6.5/10'}, {'Source': 'Rotten Tomatoes', 'Value': '63%'}]",N/A,6.5,"19,632",tt0118996,movie,N/A,N/A,N/A,N/A,True,CINE.pdf,
Unchained,1955,N/A,06 Jan 1956,75 min,"Crime, Drama, Film-Noir",Hall Bartlett,"Hall Bartlett, Kenyon J. Scudder","Elroy 'Crazylegs' Hirsch, Barbara Hale, Chester Morris","A convict in a medium-security prison is torn between his need to finish his sentence and get back to his wife and family, and his desire to escape the confines of prison.",English,United States,Nominated for 1 Oscar. 1 nomination total,https://m.media-amazon.com/images/M/MV5BY2E0ZDY5MTktNzg5Yi00ZDRhLWFjMjUtY2RlZjljNmMxOTEwXkEyXkFqcGc@._V1_SX300.jpg,"[{'Source': 'Internet Movie Database', 'Value': '6.1/10'}]",N/A,6.1,234,tt0048762,movie,N/A,N/A,N/A,N/A,True,CINE.pdf,
Doble juego,2004,Not Rated,08 Apr 2004,93 min,"Drama, Comedy",Alberto Durant,Alberto Durant,"Fabrizio Aguilar, Fernando Cayo, Katia Condos","Alberto Fujimori's corrupt government falls in the city of Lima. While seven unscrupulous people cross paths, fascinated by the charms of a skillfully conman and the chance this man gives them to fulfil their most urgent dreams. Rafo (a young film-maker) is desperate to sell his car and Gutierrez (who's supposed to be a Spanish businessman) appears out of the blue to buy it. This insignificant situation is the axis used to build a structure of situations and dangerous relationships. Gutierrez skillfully sets up a complex net of deceit in order to trap Rafo and the other character into becoming his allies in his dubious plans.",Spanish,"Peru, Argentina, Cuba, Spain",1 nomination,https://m.media-amazon.com/images/M/MV5BOWZlN2Q2ODYtY2U2ZC00ODVlLWJiYjUtYzM1ZDA0YmNlM2QyXkEyXkFqcGdeQXVyMjUxOTQ5MzA@._V1_SX300.jpg,"[{'Source': 'Internet Movie Database', 'Value': '6.7/10'}]",N/A,6.7,157,tt0389871,movie,N/A,N/A,N/A,N/A,True,CINE.pdf,
La diosa arrodillada,1947,PG,13 Aug 1947,107 min,"Crime, Drama, Mystery",Roberto Gavaldón,"Edmundo Báez, Alfredo B. Crevenna, Tito Davison","María Félix, Arturo de Córdova, Rosario Granados","A artist model who leads the ever hapless Arturo de Córdova away from the arms of his innocent, blue-eyed wife and down, down, down into the ecstatic depths of degradation which include a stop at seedy Panamanian nightclub.",Spanish,Mexico,N/A,https://m.media-amazon.com/images/M/MV5BYjkzZmI0ZjEtOWY4My00YzljLThkNzYtNTFlYjNlYWY0MmZmXkEyXkFqcGdeQXVyMTk4MDgwNA@@._V1_SX300.jpg,"[{'Source': 'Internet Movie Database', 'Value': '7.1/10'}]",N/A,7.1,364,tt0039323,movie,N/A,N/A,N/A,N/A,True,CINE.pdf,
Dirty Dancing,1987,PG-13,21 Aug 1987,100 min,"Drama, Music, Romance",Emile Ardolino,Eleanor Bergstein,"Patrick Swayze, Jennifer Grey, Jerry Orbach","In 1963, Frances ""Baby"" Houseman, a sweet daddy's girl, goes with her family to a resort in upstate New York's Catskill Mountains. Baby has grown up in privileged surroundings and all expect her to go on to college, join the Peace Corps and save the world before marrying a doctor, just like her father. Unexpectedly, Baby becomes infatuated with the camp's dance instructor, Johnny Castle, a man whose background is vastly different from her own. Baby lies to her father to get money to pay for an illegal abortion for Johnny's dance partner. She then fills in as Johnny's dance partner and it is as he is teaching her the dance routine that they fall in love. It all comes apart when Johnny's friend falls seriously ill after her abortion and Baby gets her father, who saves the girl's life. He then learns what Baby has been up to, who with and worse, that he funded the illegal abortion. He bans his daughter from any further association with ""those people"". In the first deliberately willful action of her life, Baby later sneaks out to see Johnny, ostensibly to apologize for her father's rudeness, and ends up consummating her relationship with Johnny. A jealous fellow vacationer sees Baby sneaking out of Johnny's bungalow the next morning, and in an act of retribution, tells management that he is responsible for a theft the evening before, knowing he would not furnish his real whereabouts.",English,United States,Won 1 Oscar. 15 wins & 9 nominations total,https://m.media-amazon.com/images/M/MV5BZmIwZjA1NzUtNTA0OS00OWMyLWE5MzctM2RjOWYxZjQyZDdmXkEyXkFqcGc@._V1_SX300.jpg,"[{'Source': 'Internet Movie Database', 'Value': '7.1/10'}, {'Source': 'Rotten Tomatoes', 'Value': '72%'}, {'Source': 'Metacritic', 'Value': '65/100'}]",65,7.1,"278,080",tt0092890,movie,N/A,"$64,577,242",N/A,N/A,True,CINE.pdf,
Dogville,2003,R,23 Apr 2004,171 min,"Crime, Drama",Lars von Trier,Lars von Trier,"Nicole Kidman, Paul Bettany, Lauren Bacall","Late one night, a beautiful and well-dressed young woman, Grace (Nicole Kidman), arrives in the mountainous old mining town of Dogville as a fugitive; following the sound of gunshots in the distance which have been heard by Tom (Paul Bettany), the self-appointed moral spokesman for the town. Persuaded by Tom, the town agree to hide Grace, and in return she freely helps the locals. However, when the Sheriff from a neighbouring town posts a Missing notice, advertising a reward for revealing her whereabouts, the townsfolk require a better deal from Grace, in return for their silence; and when the Sheriff returns some weeks later with a Wanted poster, even though the citizens know her to be innocent of the false charges against her, the town's sense of goodness takes a sinister turn and the price of Grace's freedom becomes a workload and treatment akin to that of a slave. But Grace has a deadly secret that the townsfolk will eventually encounter.","English, French","Denmark, Netherlands, Sweden, Germany, United Kingdom, France, Finland, Norway, Italy",21 wins & 33 nominations total,https://m.media-amazon.com/images/M/MV5BMThkZDEzYWEtMDZhMC00NWQwLTlmMWYtNTEwYjMzY2UxMDRjXkEyXkFqcGc@._V1_SX300.jpg,"[{'Source': 'Internet Movie Database', 'Value': '8.0/10'}, {'Source': 'Rotten Tomatoes', 'Value': '70%'}, {'Source': 'Metacritic', 'Value': '61/100'}]",61,8.0,"167,066",tt0276919,movie,N/A,"$1,535,286",N/A,N/A,True,CINE.pdf,
La Dolce Vita,1960,TV-14,19 Apr 1961,174 min,"Comedy, Drama",Federico Fellini,"Federico Fellini, Ennio Flaiano, Tullio Pinelli","Marcello Mastroianni, Anita Ekberg, Anouk Aimée","In 1959/1960 Rome, Marcello Rubini (Marcello Mastroianni) is a writer and journalist, the worst kind of journalist--a tabloid journalist. His job is to try to catch celebrities in compromising or embarrassing situations. He tends to get quite close to his subjects--especially when they're beautiful women. Two such subjects are local heiress Maddalena (Anouk Aimee), and Swedish superstar-actress Sylvia (Anita Ekberg), with both of whom he has affairs despite being engaged to Emma (Yvonne Furneaux), a clingy, insecure, nagging, melodramatic woman. Despite his extravagant, pleasure-filled lifestyle, he is wondering if maybe a simpler life wouldn't be better.","Italian, English, French, German","Italy, France",Won 1 Oscar. 11 wins & 12 nominations total,https://m.media-amazon.com/images/M/MV5BMTkxMjQ4NzU5N15BMl5BanBnXkFtZTgwMTkwODkzMTE@._V1_SX300.jpg,"[{'Source': 'Internet Movie Database', 'Value': '8.0/10'}, {'Source': 'Rotten Tomatoes', 'Value': '95%'}, {'Source': 'Metacritic', 'Value': '95/100'}]",95,8.0,"84,821",tt0053779,movie,N/A,N/A,N/A,N/A,True,CINE.pdf,
Dos fantasmas y una muchacha,1959,N/A,N/A,80 min,"Comedy, Fantasy, Mystery",Rogelio A. González,"Fernando Galiana, Rogelio A. González, Alfredo Tato","Germán Valdés, Ana Luisa Peluffo, Manuel 'Loco' Valdés","At the beginning of the 20th century, two men fight a duel in a theater over a beautiful young performer. They are both killed in the duel, and after their death their ghosts haunt the theater. Many years later the ghosts run into a beautiful young girl who they believe is a descendant of the woman they fought the duel over, and they discover that she is in danger from a gang of bank robbers.",Spanish,Mexico,N/A,https://m.media-amazon.com/images/M/MV5BMTQwNjYxNDMzMl5BMl5BanBnXkFtZTcwMDQ5MTk2MQ@@._V1_SX300.jpg,"[{'Source': 'Internet Movie Database', 'Value': '7.7/10'}]",N/A,7.7,79,tt0264555,movie,N/A,N/A,N/A,N/A,True,CINE.pdf,
Dos Hermanos,2021,N/A,N/A,N/A,"Short, Drama","George Luis Martinez, Dallas White",George Luis Martinez,"Dallas White, George Luis Martinez",Two brothers meet three years after their mom died.,Spanish,N/A,N/A,https://m.media-amazon.com/images/M/MV5BMmYyM2QwMzQtNzBkNS00MDJmLWE4YWYtNzIyOTczZTFlMjFiXkEyXkFqcGdeQXVyMzI5NzEzMDU@._V1_SX300.jpg,[],N/A,N/A,N/A,tt13333078,movie,N/A,N/A,N/A,N/A,True,CINE.pdf,
Espacio,2010,N/A,22 Mar 2010,N/A,Documentary,N/A,N/A,N/A,N/A,Spanish,Mexico,N/A,N/A,[],N/A,N/A,N/A,tt3170546,movie,N/A,N/A,N/A,N/A,True,CINE.pdf,
Dracula Untold,2014,PG-13,10 Oct 2014,92 min,"Action, Drama, Fantasy",Gary Shore,"Matt Sazama, Burk Sharpless, Bram Stoker","Luke Evans, Dominic Cooper, Sarah Gadon","At the turn of the century, the young lord Vlad and his family live a peaceful life ruling over their small kingdom, but when a Turk warlord demands from Vlad a thousand boys and his son to create an army Vlad seeks a terrible power that will allow him to protect his kingdom and family from the Turks at a terrible cost.","English, Turkish","United States, Japan",3 wins & 5 nominations total,https://m.media-amazon.com/images/M/MV5BMTkzNzI1OTI4N15BMl5BanBnXkFtZTgwNTQ2NzEwMjE@._V1_SX300.jpg,"[{'Source': 'Internet Movie Database', 'Value': '6.2/10'}, {'Source': 'Rotten Tomatoes', 'Value': '26%'}, {'Source': 'Metacritic', 'Value': '40/100'}]",40,6.2,"221,855",tt0829150,movie,N/A,"$56,280,355",N/A,N/A,True,CINE.pdf,
Dream House,2011,PG-13,30 Sep 2011,92 min,"Drama, Mystery, Thriller",Jim Sheridan,David Loucka,"Daniel Craig, Rachel Weisz, Naomi Watts","Some say that all houses have memories. For one man, his home is the place he would kill to forget. A family unknowingly moves into a home where several grisly murders were committed ... only to find themselves the killer's next target. Successful publisher Will Atenton (Craig) quit a job in New York City to relocate his wife, Libby (Weisz), and two girls to a quaint New England town. But as they settle into their new life, they discover their perfect home was the scene of the murder of a mother and her children. And the entire city believes it was at the hands of the husband who survived. When Will investigates the tragedy, his only lead comes from Ann Paterson (Watts), a neighbour who was close to the family that died. As Will and Ann piece together the disturbing puzzle, they discover that the story of the last man to leave Will's dream house will be just as horrifying to the one who came next.",English,"United States, Canada, Ireland",2 nominations total,https://m.media-amazon.com/images/M/MV5BYWNkYzBmODAtZGIxOC00MGQ1LWIyYmYtNjE1ZDIxOGEwZDE2XkEyXkFqcGc@._V1_SX300.jpg,"[{'Source': 'Internet Movie Database', 'Value': '6.0/10'}, {'Source': 'Rotten Tomatoes', 'Value': '7%'}, {'Source': 'Metacritic', 'Value': '35/100'}]",35,6.0,"71,050",tt1462041,movie,N/A,"$21,302,340",N/A,N/A,True,CINE.pdf,
Drive Angry,2011,R,25 Feb 2011,104 min,"Action, Comedy, Crime",Patrick Lussier,"Todd Farmer, Patrick Lussier","Nicolas Cage, Amber Heard, William Fichtner","John Milton is up against the clock: Jonah King, the leader of a Satanic cult, has murdered Milton's daughter and kidnapped her baby. In three days, King and his followers will sacrifice the child at midnight. Milton picks up the trail in Oklahoma as well as rescuing a waitress named Piper from her brutal, two-timing fiancé. There are odd things about Milton: his driver's license is out of date, he has a very strange gun, and he's being pursued by a man in a suit who carries FBI ID and calls himself the Accountant. Piper, who's lived a life on the sidelines, has to piece things together on the fly as they close in on King.",English,United States,1 win & 6 nominations total,https://m.media-amazon.com/images/M/MV5BMjIwNTM4Njg2NF5BMl5BanBnXkFtZTcwNDQwMTAwNA@@._V1_SX300.jpg,"[{'Source': 'Internet Movie Database', 'Value': '5.4/10'}, {'Source': 'Rotten Tomatoes', 'Value': '46%'}, {'Source': 'Metacritic', 'Value': '44/100'}]",44,5.4,"106,369",tt1502404,movie,N/A,"$10,721,033",N/A,N/A,True,CINE.pdf,
Dos tipos de cuidado,1953,TV-PG,05 Nov 1953,111 min,"Comedy, Musical, Romance",Ismael Rodríguez,"Ismael Rodríguez, Carlos Orellana","Jorge Negrete, Pedro Infante, Carmelita González","In a small town in rural Mexico during the 1950s, Jorge Bueno (Jorge Negrete) and Pedro Malo (Pedro Infante) are best friends, Pedro is in love with Jorge's sister María, and Jorge is dating Pedro's cousin Rosario. Jorge leaves town and returns the next year to discover that his best friend married his girlfriend. Jorge grows bitter and his friendship with Pedro is shattered.",Spanish,Mexico,N/A,https://m.media-amazon.com/images/M/MV5BNjVjOTQ2ZDktMDA2NS00NmFjLWFiMDYtNDQ2ZjJhMjBmNjc0XkEyXkFqcGdeQXVyMTk4MDgwNA@@._V1_SX300.jpg,"[{'Source': 'Internet Movie Database', 'Value': '8.0/10'}]",N/A,8.0,989,tt0044560,movie,N/A,N/A,N/A,N/A,True,CINE.pdf,
Contacto,2006–,N/A,16 Jan 2006,60 min,Talk-Show,N/A,N/A,"Nuno Graciano, Rita Ferro Rodrigues, Maya",N/A,Portuguese,Portugal,N/A,https://m.media-amazon.com/images/M/MV5BM2I5ZGNkMzktZmI5Ni00NTQ0LWI5MmEtNmNlMzUxOWNjZmIzXkEyXkFqcGdeQXVyNDg5MjMyMTM@._V1_SX300.jpg,"[{'Source': 'Internet Movie Database', 'Value': '3.4/10'}]",N/A,3.4,23,tt0876209,series,,,,,True,CINE.pdf,1
Dr. Jekyll and Mr. Hyde,1931,Approved,03 Jan 1932,98 min,"Horror, Sci-Fi",Rouben Mamoulian,"Samuel Hoffenstein, Percy Heath, Robert Louis Stevenson","Fredric March, Miriam Hopkins, Rose Hobart","Based on the story by Robert Louis Stevenson, Dr. Henry Jekyll believes that there are two distinct sides to men - a good and an evil side. He believes that by separating the two man can become liberated. He succeeds in his experiments with chemicals to accomplish this and transforms into Hyde to commit horrendous crimes. When he discontinues use of the drug it is already too late...",English,United States,Won 1 Oscar. 7 wins & 2 nominations total,https://m.media-amazon.com/images/M/MV5BY2RlMTY4ZGItM2ViMC00ZjYzLWE5ZTMtNGY1M2I0NGFjYTlkXkEyXkFqcGc@._V1_SX300.jpg,"[{'Source': 'Internet Movie Database', 'Value': '7.6/10'}, {'Source': 'Rotten Tomatoes', 'Value': '91%'}, {'Source': 'Metacritic', 'Value': '88/100'}]",88,7.6,"17,099",tt0022835,movie,N/A,N/A,N/A,N/A,True,CINE.pdf,
El Duelo,2018,N/A,04 May 2018,8 min,"Short, Adventure",Aritzeder Arregi,N/A,Sandra Aguirre,The story of two Knights confronted over time by the memories of a childhood in which they were friends.,Spanish,Spain,N/A,https://m.media-amazon.com/images/M/MV5BNGViZDgxMWEtMmExNS00NjZkLWFlOWItNzg4YjFiMjIxYjVlXkEyXkFqcGdeQXVyMzc3MzE3NDk@._V1_SX300.jpg,[],N/A,N/A,N/A,tt8362734,movie,N/A,N/A,N/A,N/A,True,CINE.pdf,
Dunas,2011,N/A,01 Aug 2012,8 min,"Short, Drama",Alexander Quezada,"Alexander Quezada, Carlos Vallejo","Juan Cely, Javier Gardeazábal, Andrea Gómez","Roads, different times and strange sensations, represent a sentimental separation.",Spanish,Colombia,N/A,N/A,[],N/A,N/A,N/A,tt2271307,movie,N/A,N/A,N/A,N/A,True,CINE.pdf,
Attempts for a F(l)ight,2006,N/A,07 Apr 2006,6 min,Short,Christos Netsos,N/A,N/A,N/A,None,Greece,N/A,N/A,[],N/A,N/A,N/A,tt21437598,movie,N/A,N/A,N/A,N/A,True,CINE.pdf,
Ecuación,2016,N/A,20 Oct 2016,86 min,"Horror, Mystery, Thriller",Sergio Mazurek,"Guillermo Barrantes, Christian Busquier","Diego Alfonso, Germán Baudino, Jorge Booth","The misfortunes pursue Dr. Hermes Vanth. And for him, that unfortunately has a face: a mysterious old man who is present in each of the fatalities around him.",Spanish,Argentina,N/A,https://m.media-amazon.com/images/M/MV5BMzg2NDY2ZjYtNTUwMi00NDE4LWIwM2MtMTFlMTc5NjU0ZTUyXkEyXkFqcGdeQXVyMjg1OTAzNTE@._V1_SX300.jpg,"[{'Source': 'Internet Movie Database', 'Value': '4.1/10'}]",N/A,4.1,19,tt5781226,movie,N/A,N/A,N/A,N/A,True,CINE.pdf,
Efecto Mariposa,2018,N/A,13 May 2018,N/A,Drama,N/A,N/A,"Margarita Llanos, Alex Rivera, Mauricio Roa",N/A,Spanish,Chile,N/A,https://m.media-amazon.com/images/M/MV5BNmM1NDkwMzMtZjFkMS00MWUyLTgzYTUtMGYzOGE3Y2M4NDE0XkEyXkFqcGdeQXVyMTcxNTYyMjM@._V1_SX300.jpg,[],N/A,N/A,N/A,tt8536926,series,,,,,True,CINE.pdf,1
Africa,2013,TV-PG,02 Jan 2013,360 min,Documentary,N/A,N/A,"David Attenborough, Simon Blakeney, Hugh Pearson","Africa, the world's wildest continent. David Attenborough takes us on an awe-inspiring journey through one of the most diverse places in the world. We visit deserts, savannas, and jungles and meet up with some of Africa's amazing wildlife.",English,United Kingdom,2 wins & 3 nominations total,https://m.media-amazon.com/images/M/MV5BNWIxM2MyYzItMzZkMC00YTI4LWI4M2UtNWNlYjk5MzU5YjY2XkEyXkFqcGc@._V1_SX300.jpg,"[{'Source': 'Internet Movie Database', 'Value': '8.9/10'}]",N/A,8.9,"23,395",tt2571774,series,,,,,True,CINE.pdf,1
Doctor Zhivago,1965,Approved,31 Dec 1965,197 min,"Drama, Romance, War",David Lean,"Boris Pasternak, Robert Bolt","Omar Sharif, Julie Christie, Geraldine Chaplin","During the Russian Revolution, Dr. Yuri Zhivago (Omar Sharif) is a young doctor who has been raised by his aunt and uncle following his father's suicide. Yuri falls in love with beautiful Lara Guishar (Julie Christie), who has been having an affair with her mother's lover, Victor Komarovsky (Rod Steiger), an unscrupulous businessman. Yuri, however, ends up marrying his cousin, Tonya (Geraldine Chaplin). But when he and Lara meet again years later, the spark of love reignites.","English, Russian, French","Italy, United Kingdom, United States",Won 5 Oscars. 22 wins & 13 nominations total,https://m.media-amazon.com/images/M/MV5BNWQyZGNmZWItNjc0OS00M2YyLWJkZmYtZWNlNDE2MzMwYzUzXkEyXkFqcGc@._V1_SX300.jpg,"[{'Source': 'Internet Movie Database', 'Value': '7.9/10'}, {'Source': 'Rotten Tomatoes', 'Value': '82%'}, {'Source': 'Metacritic', 'Value': '69/100'}]",69,7.9,"86,506",tt0059113,movie,N/A,"$111,721,910",N/A,N/A,True,CINE.pdf,
Morir,2017,N/A,26 Sep 2017,104 min,Drama,Fernando Franco,"Coral Cruz, Fernando Franco, Arthur Schnitzler","Marian Álvarez, Andrés Gertrúdix, César Sarachu","The film revolves around Luis and Marta, whose lives are paralyzed by the outbreak of a disease that is accompanied by guilt, lies and fear, thus testing the stability and love of the couple.",Spanish,Spain,1 win & 12 nominations,https://m.media-amazon.com/images/M/MV5BNjUxNDAzNGEtZmQ0Mi00ZjM3LWFmYzYtYjBiYjQ4MGU3MmRmXkEyXkFqcGc@._V1_SX300.jpg,"[{'Source': 'Internet Movie Database', 'Value': '6.5/10'}]",N/A,6.5,557,tt6069668,movie,N/A,N/A,N/A,N/A,True,CINE.pdf,
Sisters,2015,R,18 Dec 2015,118 min,Comedy,Jason Moore,Paula Pell,"Amy Poehler, Tina Fey, Maya Rudolph","Sisters Kate and Maura Ellis are summoned home to clean out their childhood bedroom before their parents sell the family house, much to their dismay. Looking to recapture their glory days, they throw one final high-school-style party for their classmates, which turns into the cathartic rager that a bunch of ground-down adults really need.",English,United States,4 nominations total,https://m.media-amazon.com/images/M/MV5BMjM3MzQ5NDE5MF5BMl5BanBnXkFtZTgwODE5OTQyNzE@._V1_SX300.jpg,"[{'Source': 'Internet Movie Database', 'Value': '6.0/10'}, {'Source': 'Rotten Tomatoes', 'Value': '60%'}, {'Source': 'Metacritic', 'Value': '58/100'}]",58,6.0,"72,716",tt1850457,movie,N/A,"$87,044,645",N/A,N/A,True,CINE.pdf,
Charm School,2007–2009,N/A,10 Apr 2007,N/A,Reality-TV,N/A,"Cris Abrego, Mark Cronin","Sharon Osbourne, Riki Rachtman, Brandi Mahon",This 'Flavor Of Love' Spin-Off puts the ladies to be trained in proper etiquette and having their social skills put to the test.,English,United States,N/A,https://m.media-amazon.com/images/M/MV5BOTU3MDc2NWMtMzE4ZS00NGUyLWI4ZTEtNDE4NzdjMDg4ODM5XkEyXkFqcGc@._V1_SX300.jpg,"[{'Source': 'Internet Movie Database', 'Value': '5.5/10'}]",N/A,5.5,"1,129",tt0896084,series,,,,,True,CINE.pdf,2
Eros una vez María,2007,R,09 Nov 2007,88 min,"Drama, Romance",Jesús Magaña Vázquez,Jesús Magaña Vázquez,"Diana Bracho, Julio Bracho, Bianca Calderón","María is Tonatiuh's big love, but he loses her. He tries to keep her essence, seeking restlessly in every woman he meet, trying to get so many experiences about them as he can, so he is able to find something wich remembers him about his lost love. All that women have a peculiarity: they are called María.",Spanish,Mexico,1 nomination,https://m.media-amazon.com/images/M/MV5BMzIxNDUxY2YtMjM5ZS00NTQ2LWI5ODktYTU3NTNlMjlkZTYyL2ltYWdlXkEyXkFqcGdeQXVyMTk4MDgwNA@@._V1_SX300.jpg,"[{'Source': 'Internet Movie Database', 'Value': '5.3/10'}]",N/A,5.3,79,tt0996389,movie,N/A,N/A,N/A,N/A,True,CINE.pdf,
El Quinto Escalón,2012–2017,N/A,11 Mar 2012,N/A,"Game-Show, Music, Reality-TV",N/A,N/A,"Alejo, Muphasa, MKS","The battle in which new, aspiring and talented rappers, artists, freestyles and music talents, grow and show their true selves in a battle that will not only determine their lyrical power, but their flow, rhythm and, their rivals.",Spanish,Argentina,N/A,N/A,[],N/A,N/A,N/A,tt35435054,series,,,,,True,CINE.pdf,N/A
Escuela de música,1955,N/A,N/A,86 min,"Comedy, Musical",Miguel Zacarías,"Edmundo Báez, Miguel Zacarías","Libertad Lamarque, Pedro Infante, Luis Aldás","About an industrialist with lots of money and a singing teacher forced to leave school because she lacks financial resources. Thanks to their singing skills, they will join in a tour through different countries of Latin America.",Spanish,Mexico,N/A,https://m.media-amazon.com/images/M/MV5BMTQwNjUxNzUwMl5BMl5BanBnXkFtZTcwMzQ5MTk2MQ@@._V1_SX300.jpg,"[{'Source': 'Internet Movie Database', 'Value': '7.0/10'}]",N/A,7.0,105,tt0048046,movie,02 Sep 2003,N/A,N/A,N/A,True,CINE.pdf,
Escuela de rateros,1958,G,N/A,95 min,"Comedy, Crime",Rogelio A. González,"Luis Alcoriza, Carlos Llopis","Pedro Infante, Yolanda Varela, Rosita Arenas","Victor (Pedro Infante), is blackmailed by an old associate, Eduardo (Eduardo Fajardo), who is a jewel thief. Victor decides to denounce him to the police but gets murdered. Then the police uses Raul (also Pedro Infante), a naive bread delivery guy who happens to look exactly like Victor, to catch Eduardo. Finally Raul helps capture the jewel thief, receives the reward, and marries Victor's girlfriend.",Spanish,Mexico,N/A,https://m.media-amazon.com/images/M/MV5BNzAwMTYwNTMyN15BMl5BanBnXkFtZTcwMTgxMDU1MQ@@._V1_SX300.jpg,"[{'Source': 'Internet Movie Database', 'Value': '6.8/10'}]",N/A,6.8,179,tt0049185,movie,N/A,N/A,N/A,N/A,True,CINE.pdf,
Eso,1996,N/A,06 Jun 1997,100 min,Comedy,Fernando Colomo,"José Ángel Esteban, Carlos López","Daniel Guzmán, Diana Gálvez, Antonio Molero","Fernando Colomo keeps using the same comedy pattern in practically every film he does; this isn't necessarily a bad thing, because sometimes it works perfectly and the lack of originality isn't noticed. In this case the results are simply decent, the usual mix of romance and bitterness with funny moments that worked so well in ""Bajarse al moro"", but that here never gets to fascinate like it did in that movie.The film follows a plot structure already seen and done a thousand times and frankly, sometimes it gets boring and tiresome. The movie works because of some really good moments, excellent secondary characters (like Cámara) and a very good cast. But obviously the film won't make history.",Spanish,Spain,1 win,https://m.media-amazon.com/images/M/MV5BMjE1MTQ1NzU0N15BMl5BanBnXkFtZTcwMzkzMzMzMQ@@._V1_SX300.jpg,"[{'Source': 'Internet Movie Database', 'Value': '5.5/10'}]",N/A,5.5,123,tt0172402,movie,N/A,N/A,N/A,N/A,True,CINE.pdf,
Espartaco (Informe confidencial),2003,N/A,N/A,30 min,"Documentary, Short",Jorge Ortiz de Landázuri Yzarduy,Tony Partearroyo,N/A,N/A,"English, Spanish",Spain,N/A,N/A,[],N/A,N/A,N/A,tt0395528,movie,N/A,N/A,N/A,N/A,True,CINE.pdf,
Eros,2004,R,03 Dec 2004,104 min,"Drama, Romance","Michelangelo Antonioni, Wong Kar-Wai, Steven Soderbergh","Wong Kar-Wai, Steven Soderbergh, Michelangelo Antonioni","Robert Downey Jr., Alan Arkin, Gong Li","Three separate stories of love, desire and/or obsession are presented. ""The Hand"" tells of the desire that builds in the several years long largely professional relationship (his profession) between Xiao Zhang, the apprentice to tailor Mr. Jin, and Ms. Hua, a prostitute, the two who meet when he is first sent to take her measurements for a new dress. Sexually inexperienced, that meeting awakens Zhang's sexual desires. The story takes place during a phase of Ms. Hua's life when she becomes ill, making her unable to work and thus live to the style to which she is accustomed. In ""Equilibrium"", Nick Penrose is having his first session with Dr. Pearl, a therapist, Nick's anxiety and thus want to see a therapist probably due to a combination of starting a new project with his colleague Hal in their job as advertising executives, and a recurring dream he is having about a woman who he doesn't know but knows in the dream, that woman who is not his wife, Cecelia. These issues may be at play but not quite in the way he expects as shown after this therapy session. And in ""The Dangerous Thread of Things"", Christopher and Cloe are probably coming to the end of their relationship. They still seem to love each other but don't seem to be able to be with each other in always arguing. Their relationship is affected by each individually encountering Linda, the girl who lives in the tower across the way from their house.","Mandarin, English, Italian","United Kingdom, France, Italy, Hong Kong, Luxembourg, United States",1 win & 1 nomination total,https://m.media-amazon.com/images/M/MV5BMTk2MjQ2NTAzOV5BMl5BanBnXkFtZTcwMTg5NzgyMQ@@._V1_SX300.jpg,"[{'Source': 'Internet Movie Database', 'Value': '5.9/10'}, {'Source': 'Rotten Tomatoes', 'Value': '33%'}, {'Source': 'Metacritic', 'Value': '51/100'}]",51,5.9,"7,574",tt0343663,movie,N/A,"$188,392",N/A,N/A,True,CINE.pdf,
Sermon del escandalo,1975,N/A,N/A,60 min,Documentary,Ciro Robles Berumen,N/A,N/A,N/A,Spanish,Mexico,N/A,N/A,[],N/A,N/A,N/A,tt0393722,movie,N/A,N/A,N/A,N/A,True,CINE.pdf,
El Espiritu de la Colmena,2018,N/A,N/A,50 min,Documentary,Charles de Ville,Charles de Ville,N/A,"The scarce population of Duva-Yoo, in Mexico, has grown fast, powered by illegal immigration's american dream. Some villagers quit dependence and develop a local economy : beehives business.",Spanish,"Belgium, Mexico",N/A,https://m.media-amazon.com/images/M/MV5BMWYxNzhlOGYtMTc5Ny00MTU1LWJlNTktMTFiY2Q0YjBjMDFmXkEyXkFqcGdeQXVyODY4NDU2ODQ@._V1_SX300.jpg,[],N/A,N/A,N/A,tt7974832,movie,N/A,N/A,N/A,N/A,True,CINE.pdf,
Catch Me If You Can,2002,PG-13,25 Dec 2002,141 min,"Biography, Crime, Drama",Steven Spielberg,"Frank Abagnale Jr., Stan Redding, Jeff Nathanson","Leonardo DiCaprio, Tom Hanks, Christopher Walken","A true story about Frank Abagnale Jr. who, before his 19th birthday, successfully conned millions of dollars worth of checks as a Pan Am pilot, doctor, and legal prosecutor. An FBI agent makes it his mission to put him behind bars. But Frank not only eludes capture, he revels in the pursuit.","English, French","United States, Canada",Nominated for 2 Oscars. 16 wins & 46 nominations total,https://m.media-amazon.com/images/M/MV5BMTY5MzYzNjc5NV5BMl5BanBnXkFtZTYwNTUyNTc2._V1_SX300.jpg,"[{'Source': 'Internet Movie Database', 'Value': '8.1/10'}, {'Source': 'Rotten Tomatoes', 'Value': '96%'}, {'Source': 'Metacritic', 'Value': '75/100'}]",75,8.1,"1,221,144",tt0264464,movie,N/A,"$164,615,351",N/A,N/A,True,CINE.pdf,
Hitler está vivo,2006,N/A,N/A,2 min,"Short, Comedy",Álex de la Iglesia,"Manuel Tallafé, Álex de la Iglesia, Amaya Díez","Manuel Tallafé, Claudia de la Iglesia, Rebeca",Hitler lives. A secret interview in 1970.,Spanish,Spain,N/A,N/A,"[{'Source': 'Internet Movie Database', 'Value': '3.0/10'}]",N/A,3.0,62,tt2713178,movie,N/A,N/A,N/A,N/A,True,CINE.pdf,
Esquizofrenia,2004,N/A,N/A,15 min,Short,Simón Delacre,Simón Delacre,N/A,N/A,Spanish,Argentina,N/A,N/A,"[{'Source': 'Internet Movie Database', 'Value': '7.8/10'}]",N/A,7.8,5,tt0485208,movie,N/A,N/A,N/A,N/A,True,CINE.pdf,
El Estudiante,2009,N/A,08 Oct 2010,95 min,Drama,Roberto Girault,"Roberto Girault, Olivia Núñez, Gastón Pavlovich","Jorge Lavat, Norma Lazareno, José Carlos Ruiz","Chano (Jorge Lavat), a retiree in his seventies, enrolls at a university to follow his long-deferred dream of studying literature and in the process he tears down the generational gap with a group of youngsters. In a clash of diverse customs and traditions, they share their hopes and dreams, overcoming the challenges of life, romance and friendship.",Spanish,Mexico,4 wins & 1 nomination,https://m.media-amazon.com/images/M/MV5BNWIzNDc1NTktMjEyOS00MWViLTkzOWItOTRlMjAwNWNlNTYyXkEyXkFqcGdeQXVyNjUwMTQ4NjE@._V1_SX300.jpg,"[{'Source': 'Internet Movie Database', 'Value': '7.1/10'}]",N/A,7.1,"1,232",tt1261393,movie,N/A,N/A,N/A,N/A,True,CINE.pdf,
Recuerdos,2003,N/A,24 Apr 2004,86 min,Documentary,Marcela Arteaga,Marcela Arteaga,"Genoveva Arteaga, José Borrás, Roberto de Hacha",N/A,N/A,Mexico,1 win & 1 nomination,https://m.media-amazon.com/images/M/MV5BMTEwMzc4NjgxODFeQTJeQWpwZ15BbWU3MDgzNDE4MjE@._V1_SX300.jpg,"[{'Source': 'Internet Movie Database', 'Value': '8.0/10'}]",N/A,8.0,17,tt0374162,movie,N/A,N/A,N/A,N/A,True,CINE.pdf,
Every Day,2018,PG-13,23 Feb 2018,97 min,"Drama, Fantasy, Romance",Michael Sucsy,"Jesse Andrews, David Levithan","Angourie Rice, Justice Smith, Debby Ryan","Based on David Levithan's acclaimed New York Times bestseller, Every Day tells the story of Rhiannon (Angourie Rice), a 16-year old girl who falls in love with a mysterious soul named ""A"" who inhabits a different body every day. Feeling an unmatched connection, Rhiannon and A work each day to find each other, not knowing what or who the next day will bring. The more the two fall in love, the more the realities of loving someone who is a different person every 24 hours takes a toll, leaving Rhiannon and ""A"" to face the hardest decision either has ever had to make.",English,"United Kingdom, United States",1 nomination total,https://m.media-amazon.com/images/M/MV5BMjlkN2I3MzItYzNlMC00ZjMzLTkxZDctZTU5ZTgzMDg2Y2EzXkEyXkFqcGc@._V1_SX300.jpg,"[{'Source': 'Internet Movie Database', 'Value': '6.4/10'}, {'Source': 'Rotten Tomatoes', 'Value': '64%'}, {'Source': 'Metacritic', 'Value': '52/100'}]",52,6.4,"24,856",tt7026672,movie,N/A,"$6,102,076",N/A,N/A,True,CINE.pdf,
Examen Final,2017,N/A,N/A,N/A,Horror,Alexmir Dordelly,Alexmir Dordelly,N/A,N/A,Spanish,Venezuela,N/A,N/A,[],N/A,N/A,N/A,tt5935058,movie,N/A,N/A,N/A,N/A,True,CINE.pdf,
Operación Mantis (El exterminio del macho),1985,N/A,21 Jul 1986,103 min,Comedy,Paul Naschy,"Paul Naschy, Joaquín Oristrell","Paul Naschy, Julia Saly, Fedra Lorente",A beautiful woman is killed while skiing in Candanchú. But she is more than a beautiful model.,Spanish,Spain,N/A,https://m.media-amazon.com/images/M/MV5BNmM1ODc1ZGYtMDhiOC00Y2RjLWJmNjAtYzMyYjE2YmMzOWM4XkEyXkFqcGdeQXVyMTYzNTE3NDA@._V1_SX300.jpg,"[{'Source': 'Internet Movie Database', 'Value': '4.1/10'}]",N/A,4.1,41,tt0087848,movie,N/A,N/A,N/A,N/A,True,CINE.pdf,
Fábrica de Sueños,2017,N/A,N/A,5 min,"Short, Romance",Edgar de Los Santos,"Pablo L. Morán, Edgar de Los Santos","Raúl Andrade, David Rodvel",N/A,Spanish,Mexico,N/A,https://m.media-amazon.com/images/M/MV5BNjgzZjhmYWQtZTlmNC00YjAwLThmNTktYjcyOTk5NzU3ZjE1XkEyXkFqcGdeQXVyMjY5NjMyMzg@._V1_SX300.jpg,[],N/A,N/A,N/A,tt31170373,movie,N/A,N/A,N/A,N/A,True,CINE.pdf,
Falsa identidad,2015,N/A,N/A,11 min,"Documentary, Short",Marta Foncilla,Paloma Soto,"Patricia Montero, Vanesa López Agrelo, Alonso Ramos",N/A,Spanish,Spain,N/A,https://m.media-amazon.com/images/M/MV5BZWFlOWZkNDEtZGRiNS00MGI0LTlhYjctYWNkNDAyNGUyNjc2XkEyXkFqcGdeQXVyNTk2MzA3MDE@._V1_SX300.jpg,[],N/A,N/A,N/A,tt14480020,movie,N/A,N/A,N/A,N/A,True,CINE.pdf,
The Hillside Strangler,2004,R,12 Nov 2004,97 min,"Crime, Drama, Thriller",Chuck Parello,"Stephen Johnston, Chuck Parello","C. Thomas Howell, Nicholas Turturro, Allison Lange","In the end of the 70's, the dysfunctional Kenneth Bianchi lives with his mother and is obsessed with joining the police force. When his application is refused, his mother sends him to Los Angeles to live with his sadistic cousin Angelo Buono. Kenneth unsuccessfully tries to join LAPD, and Angelo convinces him to start a prostitution business with him. They force two girls from Tucson to work for them, but their competitors destroy their business and steals their money. The frustrated Kenneth and Angelo decide on revenge against a prostitute, and Kenneth strangles her, feeling a great pleasure with her death. The two cousins become addicted to death, initially killing prostitutes and then attacking single women, dumping their bodies on the hill.",English,United States,1 nomination,https://m.media-amazon.com/images/M/MV5BODcyZWI1YzItNjM1Yy00MzdhLWExNTItMjZlMDM2NjlhZjVhXkEyXkFqcGc@._V1_SX300.jpg,"[{'Source': 'Internet Movie Database', 'Value': '5.3/10'}, {'Source': 'Rotten Tomatoes', 'Value': '9%'}, {'Source': 'Metacritic', 'Value': '19/100'}]",19,5.3,"2,022",tt0376649,movie,N/A,"$4,143",N/A,N/A,True,CINE.pdf,
La familia de mi novia,2010,N/A,29 Oct 2010,12 min,Short,Guillermo Chapa,Jordi Farga,"Mercè Llorens, Dafnis Balduz, Luisa Gavasa",N/A,Spanish,Spain,N/A,N/A,"[{'Source': 'Internet Movie Database', 'Value': '6.3/10'}]",N/A,6.3,13,tt1754057,movie,N/A,N/A,N/A,N/A,True,CINE.pdf,
Have You Ever Seen Fireflies?,2021,TV-14,09 Apr 2021,113 min,"Comedy, Drama",Andaç Haznedaroglu,Yilmaz Erdogan,"Ecem Erkek, Devrim Yakut, Engin Alkan","Rebellious, irreverent wunderkind Gülseren navigates loneliness, love and loss against the current of political turmoil and social change.",Turkish,Turkey,3 nominations,https://m.media-amazon.com/images/M/MV5BYzgzZDgwYTUtYmVhZi00NmFkLWJlMzUtZTYxNjU4NDgyNDU1XkEyXkFqcGc@._V1_SX300.jpg,"[{'Source': 'Internet Movie Database', 'Value': '6.2/10'}]",N/A,6.2,"5,701",tt13317694,movie,N/A,N/A,N/A,N/A,True,CINE.pdf,
El fantasma de la opereta,1960,N/A,N/A,90 min,"Comedy, Fantasy, Musical",Fernando Cortés,"Juan García, Gaston Leroux, Gilberto Martínez Solares","Germán Valdés, Ana Luisa Peluffo, Luis Aldás","Aldo (Tin-Tan) and his girlfriend Lucy reopen an abandoned opera house, but find out that the place is inhabited by a group of Phantoms wearing the Claude Rains' 1943 ""Phantom of the Opera"" costume.",Spanish,Mexico,N/A,https://m.media-amazon.com/images/M/MV5BODZlM2Q5MjctZTBhNC00MzI1LWEwMGEtNDQwNTEzMWRlZDEyXkEyXkFqcGdeQXVyMTk4MDgwNA@@._V1_SX300.jpg,"[{'Source': 'Internet Movie Database', 'Value': '6.8/10'}]",N/A,6.8,77,tt0053813,movie,N/A,N/A,N/A,N/A,True,CINE.pdf,
Farinelli,1994,R,17 Mar 1995,111 min,"Biography, Drama, Music",Gérard Corbiau,"Andrée Corbiau, Gérard Corbiau, Marcel Beaulieu","Stefano Dionisi, Enrico Lo Verso, Elsa Zylberstein","Farinelli is the artistic name of Carlo Broschi, a young singer in Handel's time. He was castrated in his childhood in order to preserve his voice. During his life he becomes a very famous opera singer, managed by his mediocre brother (Riccardo).","French, Italian","France, Italy, Belgium, United Kingdom",Nominated for 1 Oscar. 6 wins & 4 nominations total,https://m.media-amazon.com/images/M/MV5BYmI2NmUzN2UtMTRiOS00ODBhLTlkN2QtNTcwYjgxMDZmMjY4XkEyXkFqcGc@._V1_SX300.jpg,"[{'Source': 'Internet Movie Database', 'Value': '6.8/10'}, {'Source': 'Rotten Tomatoes', 'Value': '60%'}]",N/A,6.8,"7,494",tt0109771,movie,N/A,"$1,573,411",N/A,N/A,True,CINE.pdf,
El Faro,2013,N/A,07 Aug 2014,83 min,"Drama, Mystery, Romance",Luis Fernando Bottia,"Luis Fernando Bottia, Carlos Alberto Franco Esguerra","Andrés Castañeda, Yuldor Gutiérrez, Karent Hinestroza","At the top of a solitary stone island, called Morro of Santa Marta, is a lighthouse that with its light sets the times and illuminates the story of our four characters: Angel, the old lighthouse keeper whose days are numbered and has still a promise pending to fulfill; Dolores, the woman who abandoned him twenty years ago vowing never to watch him again, and Genaro and Ophelia, two castaways forced to choose between a dream of love in a distant land and the duty to safeguard the dignity of this lonely place forgotten by the world. Is the story of men who do not want to resign to their duties and women who do not want to quit their dreams.",Spanish,Colombia,N/A,https://m.media-amazon.com/images/M/MV5BMTNkMjdjMzgtNjkzYy00NGUzLTk4N2UtNWViMDVhNTEyM2MxXkEyXkFqcGc@._V1_SX300.jpg,"[{'Source': 'Internet Movie Database', 'Value': '6.9/10'}]",N/A,6.9,17,tt2827420,movie,N/A,N/A,N/A,N/A,True,CINE.pdf,
El favor,2004,N/A,22 Apr 2004,90 min,Comedy,Pablo Sofovich,Martín Greco,"Javier Lombardo, Victoria Onetto, Bernarda Pagés","Mora (Bernarda Pagés) and Roberta (Victoria Onetto), a lesbian couple, want a child. But who will be the donor? The two decide that Mora's brother Felipe, Argentina's top turkey-inseminator, should be the lucky provider. Poor Felipe gets more than he bargained for when he flies in from the country. He wants to visit his girlfriend, to visit his sister, and to meet with a business partner. The ladies have another plan, a plan to extract their desire. Their hope is that Roberta will easily seduce Felipe after he consumes the buffet of oysters, Viagra, and other assorted snake-oil aphrodisiacs. Poor Felipe has a lot to digest in his one night in the city. He finds out that Faustina, his devoutly Catholic fiance, is pregnant. He learns that his sister is gay (and that she wants more from him than a visit). On top of all of this, his (hopeful) future business partner is poisoned. Nothing goes as planned during Felipe's hilarious night in town.",Spanish,Argentina,N/A,https://m.media-amazon.com/images/M/MV5BZmQwOWZlZjctNzI1OC00ODllLTljNDAtNzQyM2Y4OGI0NmMzXkEyXkFqcGdeQXVyMjA3NDY1MzQ@._V1_SX300.jpg,"[{'Source': 'Internet Movie Database', 'Value': '5.5/10'}]",N/A,5.5,148,tt0397419,movie,N/A,N/A,N/A,N/A,True,CINE.pdf,
Fear and Loathing in Las Vegas (1998),1998,N/A,02 Sep 2020,N/A,Talk-Show,N/A,N/A,N/A,N/A,N/A,N/A,N/A,https://m.media-amazon.com/images/M/MV5BYjMxN2EwMjMtMmM5Yy00MjkyLWJjN2EtMGRiZmFlOWJkNzEwXkEyXkFqcGdeQXVyMTUyMTUzNjQ0._V1_SX300.jpg,"[{'Source': 'Rotten Tomatoes', 'Value': '51%'}]",N/A,N/A,N/A,tt26094512,movie,N/A,N/A,N/A,N/A,True,CINE.pdf,
Executive Suite,1954,Approved,30 Apr 1954,104 min,"Drama, Romance",Robert Wise,"Ernest Lehman, Cameron Hawley","William Holden, Barbara Stanwyck, June Allyson","Avery Bullard, President of the Tredway Corporation has died. But he never named a clear successor, so the Board members must choose a replacement. The most likely is Loren Shaw, a skilled businessman, but some of the others don't like his calculating ways. But to stop him, they'll have to find someone else they can back. Will it be the engineer Don Walling? That will take convincing, they don't trust his youth and idealism. And he isn't even sure he wants the job, he might be happier creating rather than politicking.",English,United States,Nominated for 4 Oscars. 3 wins & 9 nominations total,https://m.media-amazon.com/images/M/MV5BZGY1Yzk0N2MtMmZlYS00OGIyLWFiODAtYTNmYzkzYzczYzhhXkEyXkFqcGc@._V1_SX300.jpg,"[{'Source': 'Internet Movie Database', 'Value': '7.4/10'}, {'Source': 'Rotten Tomatoes', 'Value': '100%'}]",N/A,7.4,"4,722",tt0046963,movie,N/A,N/A,N/A,N/A,True,CINE.pdf,
Fanny & Alexander,2012,N/A,20 Dec 2012,N/A,Reality-TV,Tobias Hansson,Anders Häger Jönson,"Alexander Ferrer, Fanny Lyckman",N/A,Swedish,Sweden,N/A,N/A,[],N/A,N/A,N/A,tt2659456,movie,N/A,N/A,N/A,N/A,True,CINE.pdf,
Los Fernández de Peralvillo,1954,N/A,15 Sep 1954,115 min,"Drama, Crime, Thriller",Alejandro Galindo,"Juan H. Durán y Casahonda, Alejandro Galindo, Marco Aurelio Galindo","David Silva, Víctor Parra, Sara García","Desperate for improving his quality of life, a young failed door-to-door salesman ends up accepting a dubious job from a mysterious old friend.",Spanish,Mexico,6 wins & 3 nominations,https://m.media-amazon.com/images/M/MV5BYWUzNzZkNTktNTBjNy00ZmM0LWFiMmUtNDZhYzg3NjlkMmIzXkEyXkFqcGdeQXVyMzY2MDk0MTk@._V1_SX300.jpg,"[{'Source': 'Internet Movie Database', 'Value': '7.3/10'}]",N/A,7.3,63,tt0045762,movie,N/A,N/A,N/A,N/A,True,CINE.pdf,
Las fieras,1969,N/A,17 Jul 1969,105 min,"Comedy, Drama, Crime",René Cardona Jr.,"René Cardona Jr., Mario A. Zacarías","Mauricio Garcés, Enrique Rambal, Lucy Gallardo",N/A,Spanish,Mexico,N/A,https://m.media-amazon.com/images/M/MV5BZWRlMWE1NTAtMDVmMS00N2E3LWJhMTItODFmMjQwOTVlYWEyXkEyXkFqcGdeQXVyMTk4MDgwNA@@._V1_SX300.jpg,"[{'Source': 'Internet Movie Database', 'Value': '7.5/10'}]",N/A,7.5,34,tt0067096,movie,N/A,N/A,N/A,N/A,True,CINE.pdf,
Fanny Hill,2007,N/A,22 Oct 2007,60 min,"Drama, Romance",N/A,N/A,"Rebecca Night, Alison Steadman, Emma Stansfield","Orphaned by smallpox, young Lancashire country lady Fanny Hill cheerfully accepts her friend Esther Davies's offer to join the London 'working girls' with Mrs. Brown, a madam who recruits her as charmingly fresh enough to wait, in-living, on gentlemen. The first night, her room- and bed-mate Phoebe starts her sexual 'education', next she revels in being fitted her first-ever fancy frock. Her first 'client', Mr. Crofts, is neither naive nor attractive, rather a paying old rapist who isn't satisfied. Then the party scene, where men are younger and more charming. Handsome merchant's son Charles Standing declares love at first sight and offers to take Fanny away. After a few heavenly days of young love, they intend to demands Sir's blessing for their marriage, but as the ogre actually was her unsatisfied customer, Charles is made to choose between her and his future and leaves for colonial India. Being destitute, Fanny accepts becoming the kept woman of Mr. H., an earl's wealthy brother, in a fine London home with domestic staff, but since she won't give her heart he finally bangs her maid - Fanny seduces as 'revenge' her footman William. Both are dismissed. Fanny goes to Mrs. Cole's hat-shop, only to find it's a front for an upper-class whorehouse, a place where fathers even bring their sons to shed virginity with a virgin girl, a part Fanny plays well even though it breaks young Percy's heart. When she arrogantly scorns Mr. H, he has the whorehouse closed down; Fanny barely escapes, but without a dime. Alone on the street, her single act of kindness wins her a sick old rich man's favor, graduating from guest over house maid to companion and sole heir when he dies a few months later. Just then Charles returns...",English,United Kingdom,Nominated for 1 BAFTA Award1 nomination total,https://m.media-amazon.com/images/M/MV5BMTIyMTkzNjg1Nl5BMl5BanBnXkFtZTcwMzYzNTU4MQ@@._V1_SX300.jpg,"[{'Source': 'Internet Movie Database', 'Value': '6.6/10'}]",N/A,6.6,"1,159",tt1054675,series,,,,,True,CINE.pdf,1
La fiesta del Chivo,2005,Not Rated,03 Mar 2006,132 min,Drama,Luis Llosa,"Luis Llosa, Augusto Cabada, Zachary Sklar","Tomas Milian, Isabella Rossellini, Paul Freeman","Based on the best-selling novel by Mario Vargas Llosa, this is the story of Urania Cabral (Isabella Rossellini), a beautiful, kind, intelligent, and independent Manhattan lawyer whom, after thirty years, returns to the Dominican Republic to face her ghosts and the horrifying circumstances that altered her life forever when she was a teenager, and Rafael Leonidas Trujillo (Tomas Milian) a.k.a El Chivo (The Goat) was the iron-handed ruler of this island paradise. After Urania faces her past, nothing in her present or future will ever be the same again.",English,"Dominican Republic, Spain, United Kingdom",N/A,https://m.media-amazon.com/images/M/MV5BNjIwZGY3ZDEtYzZiMi00YzQxLTgyOTctNThiMzM2NWMxMzQ4XkEyXkFqcGc@._V1_SX300.jpg,"[{'Source': 'Internet Movie Database', 'Value': '6.4/10'}]",N/A,6.4,897,tt0428532,movie,N/A,N/A,N/A,N/A,True,CINE.pdf,
Film Noir,2007,TV-MA,13 Nov 2008,97 min,"Animation, Crime, Mystery","Srdja Penezic, Risto Topaloski",Srdja Penezic,"Mark Keller, Bettina Devin, Roger Jackson",Private detective Sam Ruben's clever plan falls apart with the onset of amnesia. Everyone is trying to kill him and he doesn't know why. The classic film noir milieu now comes to you in the form of an animated feature.,English,"United States, Serbia",1 nomination,https://m.media-amazon.com/images/M/MV5BZGQzNTFiMmUtNDExYi00ZDYyLTk3YzItZmVkNjg0MDIxOTM4XkEyXkFqcGdeQXVyMTA0MTM5NjI2._V1_SX300.jpg,"[{'Source': 'Internet Movie Database', 'Value': '6.3/10'}]",N/A,6.3,"1,646",tt0970933,movie,N/A,N/A,N/A,N/A,True,CINE.pdf,
Flor Silvestre: su destino fue querer,2015,N/A,26 Nov 2020,30 min,"Documentary, Short",Alexis G.,N/A,"Flor Silvestre, Guadalupe Pineda, Angélica María","Flor Silvestre, celebrated Mexican singer and movie star, recounts her life, career, and marriage to Antonio Aguilar. Family and friends express their admiration for this great lady of the Mexican entertainment industry.",Spanish,Mexico,N/A,https://m.media-amazon.com/images/M/MV5BMTM0YWQyZmEtZmIxNi00NWM1LWIwOWYtZmJmMTc1NGMxMjVmXkEyXkFqcGdeQXVyMjI3NzYwODc@._V1_SX300.jpg,[],N/A,N/A,N/A,tt4768756,movie,N/A,N/A,N/A,N/A,True,CINE.pdf,
Fantasmas,2024,TV-MA,07 Jun 2024,N/A,Comedy,N/A,Julio Torres,"Julio Torres, Martine Gutierrez, Joe Rumrill",It follows the tale of when Julio Torres lost a golden oyster.,N/A,United States,Nominated for 1 Primetime Emmy. 1 win & 8 nominations total,https://m.media-amazon.com/images/M/MV5BYjQ0ODkwODgtOGU3Mi00YzU3LTkwZjctNzRmMjRmYTI3ODE1XkEyXkFqcGc@._V1_SX300.jpg,"[{'Source': 'Internet Movie Database', 'Value': '7.1/10'}]",N/A,7.1,"1,985",tt18182112,series,,,,,True,CINE.pdf,1
Hercolubus: El fin de los tiempos,1999,N/A,24 Mar 1999,N/A,Documentary,Joseph Lando,Joseph Lando,Joseph Lando,N/A,Spanish,Puerto Rico,N/A,N/A,[],N/A,N/A,N/A,tt9912524,movie,N/A,N/A,N/A,N/A,True,CINE.pdf,
Celebration,2007,N/A,02 Oct 2019,74 min,Documentary,Olivier Meyrou,Olivier Meyrou,"Yves Saint-Laurent, Pierre Bergé, Laetitia Casta",A documentary on Yves Saint-Laurent and the legendary fashion designer's final show.,French,France,N/A,https://m.media-amazon.com/images/M/MV5BNjE2MWNjNzYtYjRiZS00MTIwLWFlYWQtYTEzOTA5MjczNDQ5XkEyXkFqcGc@._V1_SX300.jpg,"[{'Source': 'Internet Movie Database', 'Value': '6.5/10'}, {'Source': 'Metacritic', 'Value': '79/100'}]",79,6.5,242,tt0970174,movie,N/A,"$22,557",N/A,N/A,True,CINE.pdf,
Forrest Gump,1994,PG-13,06 Jul 1994,142 min,"Drama, Romance",Robert Zemeckis,"Winston Groom, Eric Roth","Tom Hanks, Robin Wright, Gary Sinise","Forrest Gump is a simple man with a low I.Q. but good intentions. He is running through childhood with his best and only friend Jenny. His 'mama' teaches him the ways of life and leaves him to choose his destiny. Forrest joins the army for service in Vietnam, finding new friends called Dan and Bubba, he wins medals, creates a famous shrimp fishing fleet, inspires people to jog, starts a ping-pong craze, creates the smiley, writes bumper stickers and songs, donates to people and meets the president several times. However, this is all irrelevant to Forrest who can only think of his childhood sweetheart Jenny Curran, who has messed up her life. Although in the end all he wants to prove is that anyone can love anyone.",English,United States,Won 6 Oscars. 51 wins & 74 nominations total,https://m.media-amazon.com/images/M/MV5BNDYwNzVjMTItZmU5YS00YjQ5LTljYjgtMjY2NDVmYWMyNWFmXkEyXkFqcGc@._V1_SX300.jpg,"[{'Source': 'Internet Movie Database', 'Value': '8.8/10'}, {'Source': 'Rotten Tomatoes', 'Value': '75%'}, {'Source': 'Metacritic', 'Value': '82/100'}]",82,8.8,"2,477,413",tt0109830,movie,N/A,"$330,455,270",N/A,N/A,True,CINE.pdf,
Franck Spadone,1999,N/A,19 Jul 2000,85 min,Thriller,Richard Bean,"Richard Bean, Sophie Feldman","Stanislas Merhar, Monica Bellucci, Carlo Brandt","Professional pickpocket Franck Spadone and his co-horts rob a beautiful stripper (played by Monica Bellucci). But Spadone becomes infatuated with his victim, and soon finds himself in the midst of a gang war because of his affections for her.",French,France,N/A,https://m.media-amazon.com/images/M/MV5BMTcyMjMyMDQ4OV5BMl5BanBnXkFtZTcwODQwMDE0MQ@@._V1_SX300.jpg,"[{'Source': 'Internet Movie Database', 'Value': '4.4/10'}]",N/A,4.4,417,tt0166199,movie,N/A,N/A,N/A,N/A,True,CINE.pdf,
Fuera del cielo,2006,R,12 Jan 2007,112 min,"Crime, Drama, Thriller",Javier 'Fox' Patrón,"Vicente Leñero, Guillermo Ríos","Demián Bichir, Armando Hernández, Damián Alcázar","Malboro and Cucu, the starring characters, are two brothers who split after the older one, Malboro, went to prison five years. One day he is set free, willing to return to his life. Cucu is the younger brother, who has become a boxer with possible success, if only the beater he keeps somewhere inside, didn't arise in the worst moments. The relationship between the two brothers is somehow ambiguous, there's something unclear that caused Malboro's arrest. To complete the triangle is Uncle Jesus who has been like a father to them; a retired boxer who's always thinking about his past. Sara is Malboro's great love, a woman full of shame and resented after almost leaving her whole life behind to follow Malboro, but he failed in their attempt to run away because that same night, he got arrested by Rojas. Rojas is Sara's husband, a police officer who hates Malboro and will do anything to get him out of his way. The morning in which the story begins Malboro and Cucú visit their mother and make a promise to her. From this point, everything they'll do is is related to that promise. During this, they will run into several people, whose stories crash one into another, some of them lucky, others almost lethal. All the facts are leading to an end in where each character will recover their spot in the urban cosmos, once the sun rises once again.",Spanish,Mexico,2 wins & 3 nominations,https://m.media-amazon.com/images/M/MV5BNDRmMTZkZGItYTUyZi00ODNhLWJmMGMtNGFjYWU4NmU3ZDRiXkEyXkFqcGc@._V1_SX300.jpg,"[{'Source': 'Internet Movie Database', 'Value': '5.7/10'}]",N/A,5.7,611,tt0415964,movie,N/A,N/A,N/A,N/A,True,CINE.pdf,
La fuga,2001,N/A,24 May 2001,117 min,"Crime, Drama, Thriller",Eduardo Mignogna,"Jorge Goldenberg, Graciela Maglie, Eduardo Mignogna","Miguel Ángel Solá, Ricardo Darín, Gerardo Romano","In the summer of 1928, several inmates from the National Penitentiary in Buenos Aires managed to escape. The film narrates the fate of each of these runaways in search of their destiny - tough men with their own ethical codes and ready to do anything not to return to prison. Some of them will suffer violent deaths, while others manage de disappear. Sordid and moving stories, not excluding tenderness and love, mercy or horror sealed with a pact of prison love that will remain in the heart of Buenos Aires, as witness of the yearned-for freedom.",Spanish,"Spain, Argentina",5 wins & 11 nominations,https://m.media-amazon.com/images/M/MV5BYzhkODY4MzAtMjc4Ni00NjBlLTgzZmItMzVlZjllMDJlNjE2XkEyXkFqcGc@._V1_SX300.jpg,"[{'Source': 'Internet Movie Database', 'Value': '6.5/10'}]",N/A,6.5,844,tt0281870,movie,07 Oct 2008,N/A,Primer Plano Film Group S.A.,N/A,True,CINE.pdf,
Legend of the Guardians: The Owls of Ga'Hoole,2010,PG,24 Sep 2010,97 min,"Animation, Action, Adventure",Zack Snyder,"John Orloff, Emil Stern, Kathryn Lasky","Jim Sturgess, Hugo Weaving, David Wenham","Soren (Jim Sturgess), a young barn owl, is kidnapped by owls of St. Aggie's, ostensibly an orphanage, where owlets are brainwashed into becoming soldiers. He and his new friends escape to the island of Ga'Hoole, to assist its noble, wise owls who fight the army being created by the wicked rulers of St. Aggie's.",English,"United States, Australia, United Kingdom",4 wins & 23 nominations total,https://m.media-amazon.com/images/M/MV5BMjE0NjA5OTA4N15BMl5BanBnXkFtZTcwODA3MTA3Mw@@._V1_SX300.jpg,"[{'Source': 'Internet Movie Database', 'Value': '6.9/10'}, {'Source': 'Rotten Tomatoes', 'Value': '52%'}, {'Source': 'Metacritic', 'Value': '53/100'}]",53,6.9,"91,248",tt1219342,movie,N/A,"$55,675,313",N/A,N/A,True,CINE.pdf,
La garganta del diablo,1993,N/A,N/A,N/A,Drama,Sergio L. Mottola,N/A,"Horacio Ranieri, Sandra Callejón, Aldo Pastur",N/A,Spanish,Argentina,N/A,N/A,[],N/A,N/A,N/A,tt0311191,movie,N/A,N/A,N/A,N/A,True,CINE.pdf,
El gato sin botas,1957,N/A,31 Jul 1957,85 min,"Comedy, Drama, Fantasy",Fernando Cortés,"Fernando Cortés, Fernando Galiana","Germán Valdés, Martha Valdés, Nono Arsu","Agustín is a coward man and he is in love with Laura, a movie actress. He travels to Mexico City to find her and lives many adventures. His grandpa reminds him the history of the Puss'n Boots.",Spanish,Mexico,N/A,https://m.media-amazon.com/images/M/MV5BMzI0ZGIyZDYtZGJjMS00NjAxLTljMDctZjM0MWU2ZDJhMWY5XkEyXkFqcGdeQXVyNDUxNjc5NjY@._V1_SX300.jpg,"[{'Source': 'Internet Movie Database', 'Value': '7.0/10'}]",N/A,7.0,48,tt0264635,movie,N/A,N/A,N/A,N/A,True,CINE.pdf,
Germinal,1993,R,31 Mar 1994,160 min,"Drama, Romance",Claude Berri,"Émile Zola, Claude Berri, Arlette Langmann","Renaud, Gérard Depardieu, Miou-Miou","It's mid 19th century, north of France. The story of a coal miner's town. They are exploited by the mine's owner. One day the decide to go on strike, and then the authorities repress them.",French,"France, Belgium, Italy",2 wins & 11 nominations,https://m.media-amazon.com/images/M/MV5BYWIwY2FkOWItZDc4Yi00ZTQxLWI0YTQtNmNmZGZmMDZhNjA4XkEyXkFqcGc@._V1_SX300.jpg,"[{'Source': 'Internet Movie Database', 'Value': '7.1/10'}, {'Source': 'Rotten Tomatoes', 'Value': '75%'}]",N/A,7.1,"5,824",tt0107002,movie,N/A,N/A,N/A,N/A,True,CINE.pdf,
Happening,2021,R,24 Nov 2021,100 min,Drama,Audrey Diwan,"Audrey Diwan, Marcia Romano, Annie Ernaux","Anamaria Vartolomei, Kacey Mottet Klein, Luàna Bajrami","This is the story of Anne, a young woman who decides to abort to finish her studies and escape the social constraints of a working-class family. France in 1963: a society that censures women's desires. And sex in general. This simple but cruel story follows the itinerary of a woman who decides to go against the law. Anne has only a little time before her. Her exams are just around the corner, and her baby bump is growing fast.",French,France,Nominated for 1 BAFTA Award25 wins & 47 nominations total,https://m.media-amazon.com/images/M/MV5BZDI3Y2I0MTEtNmQwNy00YjVkLWEzYTEtOWFjZmNjZDZmOWJkXkEyXkFqcGc@._V1_SX300.jpg,"[{'Source': 'Internet Movie Database', 'Value': '7.4/10'}, {'Source': 'Rotten Tomatoes', 'Value': '99%'}, {'Source': 'Metacritic', 'Value': '86/100'}]",86,7.4,"13,758",tt13880104,movie,N/A,"$181,023",N/A,N/A,True,CINE.pdf,
Frankenstein,2025,R,07 Nov 2025,149 min,"Drama, Fantasy, Horror",Guillermo del Toro,"Guillermo del Toro, Mary Shelley","Oscar Isaac, Jacob Elordi, Christoph Waltz","Dr. Victor Frankenstein, a brilliant but egotistical scientist, brings a creature to life in a monstrous experiment that ultimately leads to the undoing of both the creator and his tragic creation.","English, Danish, French","Mexico, United States",Nominated for 9 Oscars. 50 wins & 253 nominations total,https://m.media-amazon.com/images/M/MV5BYzYzNDYxMTQtMTU4OS00MTdlLThhMTQtZjI4NGJmMTZmNmRiXkEyXkFqcGc@._V1_SX300.jpg,"[{'Source': 'Internet Movie Database', 'Value': '7.5/10'}, {'Source': 'Rotten Tomatoes', 'Value': '85%'}, {'Source': 'Metacritic', 'Value': '78/100'}]",78,7.5,"257,226",tt1312221,movie,N/A,N/A,N/A,N/A,True,CINE.pdf,
Gangster,2006,Not Rated,28 Apr 2006,123 min,"Action, Crime, Drama",Anurag Basu,"Mahesh Bhatt, Girish Dhamija, Anurag Basu","Kangana Ranaut, Shiney Ahuja, Emraan Hashmi","Daya Shankar lived with his family in Kashmir, then relocated to Bombay where he took to crime as a career. One day while on the run from the police, he holes up in a small room with young bar dancer Simran. She shields him from the police, and he falls in love. He learns which bar she dances in and comes to watch her. He comes to her rescue when she's being molested, then asks her to move in with him. For some time they live in bliss, then suddenly they're on the run. Then Daya decides it's time to settle down and they adopt a son, Bittu, make different passports and decide to relocate to Dubai, but it doesn't happen; Bittu gets killed and heartbroken Simran and Daya are forced to live apart when Simran moves to Seoul, Korea. There she meets Akash; they fall in love and she gets pregnant. Then Daya re-enters her life, disrupting it completely, beating Akash to a pulp. Will Simran decide to stay with Akash, marry him, and have their baby, or continue to endure life on the run with Daya, who is not only on the run from the police, but also from the underworld don, Khan. What the three don't know is that one will be betrayed so shockingly that none of them might be able to survive it.",Hindi,India,12 wins & 16 nominations,https://m.media-amazon.com/images/M/MV5BZTM2MTNjM2QtNjFmZC00ODQyLTkyNjgtMjM1OTQ2MTEwMjhhXkEyXkFqcGc@._V1_SX300.jpg,"[{'Source': 'Internet Movie Database', 'Value': '7.2/10'}]",N/A,7.2,"6,816",tt0495032,movie,N/A,N/A,N/A,N/A,True,CINE.pdf,
Gitana tenías que ser,1953,PG,N/A,88 min,"Comedy, Romance",Rafael Baledón,"Janet Alcoriza, Luis Alcoriza, Fernando Galiana","Pedro Infante, Carmen Sevilla, Estrellita Castro","Pastora, una cantante española, es contratada para filmar una película en México. Después de descartar varios galanes termina por seleccionar a Pablo, un mariachi poco conocido. Durante el rodaje las peleas entre ambos van dando lugar a un profundo amor.",Spanish,"Mexico, Spain",N/A,https://m.media-amazon.com/images/M/MV5BYmM2MzhlYjUtNGNmMy00NGY5LWIxOWUtNzA5NzBiMGJmYzA2L2ltYWdlL2ltYWdlXkEyXkFqcGdeQXVyNzA4ODc3ODU@._V1_SX300.jpg,"[{'Source': 'Internet Movie Database', 'Value': '7.2/10'}]",N/A,7.2,102,tt0045820,movie,N/A,N/A,N/A,N/A,True,CINE.pdf,
Gia,1998,R,31 Jan 1998,120 min,"Biography, Drama, Romance",Michael Cristofer,"Jay McInerney, Michael Cristofer","Angelina Jolie, Faye Dunaway, Elizabeth Mitchell","When Gia Carangi first arrives in New York City, she's a beautiful drop-out from Philadelphia brashly bursting through the closed doors of top modeling agent Wilhelmina Cooper. Gia's electrifying personality and potent sexuality soon find their way onto the covers of America's top-selling magazines. But being loved by the world isn't the same as being love by one - an unfulfilled desire that can take Gia dangerous places. And for a beautiful woman, one slip could lead to an untimely and terrifying downfall.","English, German, French",United States,Won 1 Primetime Emmy. 10 wins & 13 nominations total,https://m.media-amazon.com/images/M/MV5BNTZjMTFiNDQtMWZjNy00NWI0LTk5MDgtY2E3NWIxZmU1ODg0XkEyXkFqcGc@._V1_SX300.jpg,"[{'Source': 'Internet Movie Database', 'Value': '6.9/10'}, {'Source': 'Rotten Tomatoes', 'Value': '88%'}]",N/A,6.9,"52,617",tt0123865,movie,N/A,N/A,N/A,N/A,True,CINE.pdf,
El gladiador,2002–,N/A,04 Feb 2002,50 min,N/A,N/A,N/A,Ramón García,N/A,Spanish,Spain,N/A,N/A,[],N/A,N/A,N/A,tt0375331,series,,,,,True,CINE.pdf,N/A
Gloria,1980,PG,01 Oct 1980,123 min,"Crime, Drama, Thriller",John Cassavetes,John Cassavetes,"Gena Rowlands, Buck Henry, Julie Carmen","When a young boy's family's killed by the mob, their tough neighbor, Gloria - a former girlfriend of a founder mobster, she becomes his reluctant guardian. In possession of a book which his father - the family's bookkeeper gave him, and the gangsters want, the pair go on the run in New York.",English,United States,Nominated for 1 Oscar. 4 wins & 5 nominations total,https://m.media-amazon.com/images/M/MV5BNDk0ZGYxYmQtMWEwZi00MjdlLTg4NTEtZmQ2OGNiODc3YmZiXkEyXkFqcGc@._V1_SX300.jpg,"[{'Source': 'Internet Movie Database', 'Value': '7.1/10'}, {'Source': 'Rotten Tomatoes', 'Value': '91%'}, {'Source': 'Metacritic', 'Value': '68/100'}]",68,7.1,"12,367",tt0080798,movie,N/A,"$4,059,673",N/A,N/A,True,CINE.pdf,
La generala,1971,PG,14 Jan 1971,100 min,"Thriller, War, Drama",Juan Ibáñez,"Juan Ibáñez, Arturo Rosenblueth","Gabriela Araujo, Carlos Bracho, Óscar Chávez","During the Mexican Revolution, a hardened and rich lady landowner is overtaken by the violence of the times. Losing her land and house, she falls in love with a revolutionary leader that is killed by a sadistic and corrupt federal officer. She takes the revolutionary flag and leads a rampage of violence and destruction.",Spanish,Mexico,N/A,https://m.media-amazon.com/images/M/MV5BNjkwZTk2MjQtZDEyNS00YmFjLWFiZDktMWVhNDZhNjI4ZmU3XkEyXkFqcGdeQXVyMTk4MDgwNA@@._V1_SX300.jpg,"[{'Source': 'Internet Movie Database', 'Value': '6.4/10'}]",N/A,6.4,74,tt0065770,movie,N/A,N/A,N/A,N/A,True,CINE.pdf,
Godzilla,2014,PG-13,16 May 2014,123 min,"Action, Adventure, Sci-Fi",Gareth Edwards,"Dave Callaham, Max Borenstein","Aaron Taylor-Johnson, Elizabeth Olsen, Bryan Cranston","In 1999, the Janjira nuclear plant was mysteriously destroyed with most hands lost including supervisor Joe Brody's colleague and wife, Sandra. Years later, Joe's son, Ford, a US Navy ordnance disposal officer, must go to Japan to help his estranged father who obsessively searches for the truth of the incident. In doing so, father and son discover the disaster's secret cause on the wreck's very grounds. This enables them to witness the reawakening of a terrible threat to all of Humanity, which is made all the worse with a second secret revival elsewhere. Against this cataclysm, the only hope for the world may be Godzilla, but the challenge for the King of the Monsters will be great even as Humanity struggles to understand the destructive ally they have.","English, Japanese","United States, Japan",7 wins & 31 nominations total,https://m.media-amazon.com/images/M/MV5BODE2NTdmMmYtY2U1OS00MjExLWIwNjQtYjQ5NTA0ZDZmZjZiXkEyXkFqcGc@._V1_SX300.jpg,"[{'Source': 'Internet Movie Database', 'Value': '6.4/10'}, {'Source': 'Rotten Tomatoes', 'Value': '76%'}, {'Source': 'Metacritic', 'Value': '62/100'}]",62,6.4,"462,092",tt0831387,movie,N/A,"$200,676,069",N/A,N/A,True,CINE.pdf,
Figuras de la Pasión,1984,N/A,N/A,80 min,N/A,Rafael Corkidi,Rafael Corkidi,"José Luis Avendaño, Concepción Cabrera, Ricardo Cortés","The first tape to film picture ever made tells the tale of the forgotten, the dead and the ones who had been banned in every aspect of the Mexican history. This fairy type of movie is divided in episodes (Figuras) that are settle either on a jail or an play, in this surrealistic film we are immerse in a Dogville type of stage were the combination of Poetry, testaments and political discourse of the mix of characters of the daily basis and religious figures such as Judas, the virgin, the labor workers, homosexuals, drag queens. Ss really impossible to understand the immensity of the themes that are combine with such majesty and care. The most outstanding thing in this film is the photograph as we see a very crafted and thoughtful skill technique even with the poor equipment of the time. He (Corkidhi) as one of the best photographers of all time achieves something that nowadays nobody can, as one of the most important visual and video artist seems that with this experiment he was at the top of his line. Ironically 'Figuras de la passion' has been banned for several years as a product of the attack and angriness of right ? winged parties and scholars. Now almost 20 years later we see a poorly copy of technique and themes of many Mexican directors such as Ripstein, Hermosillo This is one of the best Mexican Pictures ever made and once again released by a master Corkidhi (0-10) 10",Spanish,Mexico,N/A,https://m.media-amazon.com/images/M/MV5BMmMxYzc1OGMtYzZlNy00ZDMzLTk4OGItZjY0OTY1YjI2YTdkXkEyXkFqcGdeQXVyMTk1MjA1NjU@._V1_SX300.jpg,"[{'Source': 'Internet Movie Database', 'Value': '6.2/10'}]",N/A,6.2,6,tt0087255,movie,N/A,N/A,N/A,N/A,True,CINE.pdf,
Golpe de suerte,1992,N/A,N/A,N/A,N/A,Marcela Fernández Violante,Luis Eduardo Reyes,"Marta Aura, Bruno Bichir, Margarita Isabel","A story of a obsessed boy who incessantly masterbates. When his compulsion finally comes out in the open and become a problem for him and his family his parents try very hard to get him to stop. Sending him to several top therapists and support groups also fails. The one thing in his life that he loves as much or more than masterbating is his desire to be a famous Hollywood actor... As a last ditch effort to hopefully distract him from his problem, his parents decide to send him off to Hollywood. They support him and pay his finances while he looks for acting work. One day while having breakfast at a diner, he sees a beautiful girl sitting across the room from him and he is unable to control his desires and starts masterbating underneath the table. Also across the room sits the top producer in the porn industry and he notices what is happening and confronts the boy. He offers him a job in his next film, and after making just 3 films he becomes one of the most wanted and famous male porn stars in the business.... All on a ""Stroke Of Luck""",Spanish,Mexico,3 nominations,https://m.media-amazon.com/images/M/MV5BMTIwODkzNjI3N15BMl5BanBnXkFtZTcwMzM3NzQyMQ@@._V1_SX300.jpg,"[{'Source': 'Internet Movie Database', 'Value': '6.8/10'}]",N/A,6.8,13,tt0104772,movie,N/A,N/A,N/A,N/A,True,CINE.pdf,
Goodbye Garibaldi,2008,N/A,07 Mar 2008,25 min,Short,Alejandro Ramirez Corona,Alejandro Ramirez Corona,"Edurne Ferrer, Alfredo Herrera, Cristian Medina",N/A,Spanish,Mexico,5 nominations,https://m.media-amazon.com/images/M/MV5BOWFhMzAxYzEtNTMxYi00YjYyLTkyYjYtYzQyNDkwYmUxNjMxXkEyXkFqcGdeQXVyNTYxMjY1NjM@._V1_SX300.jpg,[],N/A,N/A,N/A,tt1206009,movie,N/A,N/A,N/A,N/A,True,CINE.pdf,
The Longest Yard,2005,PG-13,27 May 2005,113 min,"Comedy, Crime, Sport",Peter Segal,"Albert S. Ruddy, Tracy Keenan Wynn, Sheldon Turner","Adam Sandler, Burt Reynolds, Chris Rock","Paul ""Wrecking"" Crewe was a revered football superstar back in his day, but that time has since faded. But when a messy drunk driving incident lands him in jail, Paul finds he was specifically requested by Warden Hazen (James Cromwell), a duplicitous prison official well aware of Paul's athletic skills. Paul has been assigned the task of assembling a team of convicts, to square off in a big football game against the sadistic guards. With the help of fellow convict Caretaker, and an old legend named Nate Scarborough to coach, Crewe is ready for what promises to be a very interesting game. It's only the warden and the guards who have no idea who or what they're up against, with Paul the driving force behind the new team.",English,United States,3 wins & 17 nominations total,https://m.media-amazon.com/images/M/MV5BMTc1NTQyNDk2NV5BMl5BanBnXkFtZTcwOTE2OTQzMw@@._V1_SX300.jpg,"[{'Source': 'Internet Movie Database', 'Value': '6.4/10'}, {'Source': 'Rotten Tomatoes', 'Value': '31%'}, {'Source': 'Metacritic', 'Value': '48/100'}]",48,6.4,"209,884",tt0398165,movie,N/A,"$158,119,460",N/A,N/A,True,CINE.pdf,
"Goitia, un dios para sí mismo",1989,N/A,01 Sep 1989,110 min,"Biography, Drama",Diego López Rivera,"Jorge González de León, Diego López Rivera, Juan Carlos Ruiz","José Carlos Ruiz, Gustavo Aguilar, Tomás Alcázar","The closeness of his death and a final impulse to paint one more painting, lead the Mexican painter Francisco Goitia to remember his life.",Spanish,Mexico,7 wins & 2 nominations,https://m.media-amazon.com/images/M/MV5BZGMxMzJmZTgtZTg2Ny00ZmMxLTg5MTctOTVlMmU4YzFmYTE5XkEyXkFqcGdeQXVyMzY2MDk0MTk@._V1_SX300.jpg,"[{'Source': 'Internet Movie Database', 'Value': '7.0/10'}]",N/A,7.0,74,tt0134692,movie,N/A,N/A,N/A,N/A,True,CINE.pdf,
El Gran Jefe,2013,N/A,05 Aug 2013,N/A,"Short, Crime",Mayra Alfaro Fallas,Mayra Alfaro Fallas,N/A,N/A,Spanish,Costa Rica,N/A,N/A,[],N/A,N/A,N/A,tt12504158,movie,N/A,N/A,N/A,N/A,True,CINE.pdf,
El gran Makakikus,1944,N/A,21 Dec 1944,N/A,"Comedy, Drama",Humberto Gómez Landero,"Humberto Gómez Landero, Molière","Joaquín Pardavé, Miguel Arenas, Alfredo Varela","After making a large fortune, a shopkeeper intends to marry his daughter to an important man, even though she is in love with a rancher. To achieve his mission, he decides to take her to the capital, where he will meet a ruined marquis, who, upon learning of the knight's plans, will do everything possible to conquer the girl, in order to keep his money.",Spanish,Mexico,N/A,https://m.media-amazon.com/images/M/MV5BZTdiMWZiNGItMzQxMS00MmY4LWEwYzktMjRhZWZkNzFiNjFmXkEyXkFqcGdeQXVyNjc0NzQ3OTg@._V1_SX300.jpg,"[{'Source': 'Internet Movie Database', 'Value': '7.4/10'}]",N/A,7.4,44,tt0150771,movie,N/A,N/A,N/A,N/A,True,CINE.pdf,
El Gran Pez: Una Cena Para Dos,2023,N/A,02 Oct 2023,54 min,Drama,Richie Whriter,Richie Whriter,"Lourdes Aguirre, Nayeli Rivera Armijos, Maria Fernanda Cifuentes","Three waitresses seize dreams in a daring journey of friendship, ambition, and love in a city where they seem out of reach.",Spanish,Ecuador,N/A,https://m.media-amazon.com/images/M/MV5BNWJmODE1MGQtYzU1NC00OWRhLTkxZDktZDUxNDYyZDQxNzYwXkEyXkFqcGdeQXVyMTcxMDc1ODQ4._V1_SX300.jpg,[],N/A,N/A,N/A,tt29380729,movie,N/A,N/A,N/A,N/A,True,CINE.pdf,
Grand Prix,1966,Approved,21 Dec 1966,176 min,"Drama, Sport",John Frankenheimer,"Robert Alan Aurthur, John Frankenheimer, Bill Gavin","James Garner, Eva Marie Saint, Yves Montand","American Grand Prix driver Pete Aron is fired by his Jordan-BRM racing team after a crash at Monaco that injures his British teammate, Scott Stoddard. While Stoddard struggles to recover, Aron begins to drive for the Japanese Yamura team, and becomes romantically involved with Stoddard's estranged wife.","English, French, Italian, Japanese",United States,Won 3 Oscars. 3 wins & 4 nominations total,https://m.media-amazon.com/images/M/MV5BNTA2NzQzYWQtY2FlZi00ODFiLTgyOTctY2RmNjE4YTcwMjg5XkEyXkFqcGc@._V1_SX300.jpg,"[{'Source': 'Internet Movie Database', 'Value': '7.2/10'}, {'Source': 'Rotten Tomatoes', 'Value': '92%'}, {'Source': 'Metacritic', 'Value': '72/100'}]",72,7.2,"11,962",tt0060472,movie,N/A,N/A,N/A,N/A,True,CINE.pdf,
France Boutique,2003,N/A,29 Oct 2003,95 min,Comedy,Tonie Marshall,"Tonie Marshall, Pierre Erwan Guillaume","Karin Viard, François Cluzet, Judith Godrèche",Comedy about the daily operations of a TV shopping channel.,"French, English, Italian",France,1 nomination,https://m.media-amazon.com/images/M/MV5BZjI3MTQyMDEtODExMy00MWMxLWIzMTgtMjJlMGEzMjc5MGRiXkEyXkFqcGc@._V1_SX300.jpg,"[{'Source': 'Internet Movie Database', 'Value': '5.1/10'}]",N/A,5.1,491,tt0339028,movie,N/A,N/A,N/A,N/A,True,CINE.pdf,
Gomorra,2015,N/A,01 Nov 2015,13 min,Short,Pablo Camaití,Pablo Camaití,"Federico Busso, Marcelo Mariño, Jag Patel",N/A,Spanish,Argentina,N/A,https://m.media-amazon.com/images/M/MV5BZTZiZWZmNDAtMTE2ZS00NTE4LWFlNDktYzZiMjU3OGY1NDkyXkEyXkFqcGc@._V1_SX300.jpg,"[{'Source': 'Internet Movie Database', 'Value': '9.0/10'}]",N/A,9.0,19,tt5155858,movie,N/A,N/A,N/A,N/A,True,CINE.pdf,
Guerra de los Mundos En Vivo,2020,N/A,15 Nov 2020,78 min,"Drama, History",Migue Siman,Migue Siman,"Carlos Aylagas, Cristy Bardi, Boris Barraza, Carlos Gonzales","A modern retelling of the infamous War of the Worlds broadcast that changed history. Televised from a closed set in the midst of a global pandemic. Brought to life by a cast of 13 actors, ...",Spanish,El Salvador,N/A,https://m.media-amazon.com/images/M/MV5BMjI2YTUyOGMtNTA4NS00YjdhLTgxM2EtN2MyY2UwNTIyMmUzXkEyXkFqcGdeQXVyMTg2OTc0NzI@._V1_SX300.jpg,[],N/A,N/A,N/A,tt13464534,movie,N/A,N/A,N/A,N/A,True,CINE.pdf,
la guerra de los mundos en Argentina 3,2024,N/A,N/A,N/A,Animation,Alex Tripod,Alex Tripod,Alex Tripod,N/A,Spanish,Argentina,N/A,https://m.media-amazon.com/images/M/MV5BMGQ3ZjRhYjItNzA0Ni00NjEwLTllZjgtNjdhYTNkOTFmMWQxXkEyXkFqcGdeQXVyMTYxODYyMjgz._V1_SX300.jpg,[],N/A,N/A,N/A,tt31021162,movie,N/A,N/A,N/A,N/A,True,CINE.pdf,
Gran Torino,2008,R,09 Jan 2009,116 min,Drama,Clint Eastwood,"Nick Schenk, Dave Johannson","Clint Eastwood, Bee Vang, Christopher Carley","Walt Kowalski (Clint Eastwood) is a widower who holds onto his prejudices despite the changes in his Michigan neighborhood and the world around him. Kowalski is a grumpy, tough-minded, unhappy old man who can't get along with either his kids or his neighbors. He is a Korean War veteran whose prize possession is a 1972 Gran Torino he keeps in mint condition. When his neighbor Thao Lor (Bee Vang), a young Hmong teenager under pressure from his gang member cousin, tries to steal his Gran Torino, Kowalski sets out to reform the youth. Drawn against his will into the life of Thao's family, Kowalski is soon taking steps to protect them from the gangs that infest their neighborhood.","English, Hmong","Germany, United States",21 wins & 23 nominations total,https://m.media-amazon.com/images/M/MV5BMTc5NTk2OTU1Nl5BMl5BanBnXkFtZTcwMDc3NjAwMg@@._V1_SX300.jpg,"[{'Source': 'Internet Movie Database', 'Value': '8.1/10'}, {'Source': 'Rotten Tomatoes', 'Value': '81%'}, {'Source': 'Metacritic', 'Value': '73/100'}]",73,8.1,"854,482",tt1205489,movie,N/A,"$148,095,302",N/A,N/A,True,CINE.pdf,
War of the Worlds,2005,PG-13,29 Jun 2005,117 min,"Action, Adventure, Sci-Fi",Steven Spielberg,"Josh Friedman, David Koepp, H.G. Wells","Tom Cruise, Dakota Fanning, Tim Robbins","An ordinary man has to protect his children against alien invaders in this science fiction action film freely adapted from the classic story by H.G. Wells. Ray Ferrier (Tom Cruise) is a dockworker living in New Jersey, divorced from his first wife Mary Ann (Miranda Otto) and estranged from his two children Rachel and Robbie (Dakota Fanning and Justin Chatwin), of whom he has custody on weekends. On one such visitation, looking after the kids becomes a little more difficult when, after a series of strange lighting storms hit his neighborhood, Ray discovers that a fleet of death-ray robotic spaceships have emerged nearby, part of the first wave of an all-out alien invasion of the Earth. Transporting his children from New York to Boston in an attempt to find safety at Mary Ann's parents' house, Ray must learn to become the protector and provider he never was in marriage.",English,United States,Nominated for 3 Oscars. 16 wins & 49 nominations total,https://m.media-amazon.com/images/M/MV5BNDUyODAzNDI1Nl5BMl5BanBnXkFtZTcwMDA2NDAzMw@@._V1_SX300.jpg,"[{'Source': 'Internet Movie Database', 'Value': '6.6/10'}, {'Source': 'Rotten Tomatoes', 'Value': '76%'}, {'Source': 'Metacritic', 'Value': '73/100'}]",73,6.6,"502,091",tt0407304,movie,N/A,"$234,280,354",N/A,N/A,True,CINE.pdf,
La guerra del fuego,2005,N/A,N/A,26 min,Short,Joaquín Gutiérrez Acha,Fernando López Mirones,N/A,N/A,Spanish,Spain,N/A,N/A,[],N/A,N/A,N/A,tt6361776,movie,N/A,N/A,N/A,N/A,True,CINE.pdf,
Love of Lesbian: El gran truco final,2021,N/A,26 Nov 2021,N/A,N/A,N/A,N/A,N/A,N/A,N/A,N/A,N/A,N/A,[],N/A,N/A,N/A,tt16305120,movie,N/A,N/A,N/A,N/A,True,CINE.pdf,
La guerra santa,1979,N/A,05 Jul 1979,110 min,"Action, Drama, History",Carlos Enrique Taboada,Carlos Enrique Taboada,"Jorge Luke, José Carlos Ruiz, Víctor Junco","The action is located in the 1927 rural Mexico. It refers to the Cristero War and the way the clerical groups, in a fanatical struggle against the Government of Calles, manipulate the peasants.",Spanish,Mexico,2 wins & 1 nomination,https://m.media-amazon.com/images/M/MV5BOWQ2ODBlN2MtMmU1OS00M2Q5LTk0Y2YtZmY1MzgzYWZjNDdjXkEyXkFqcGdeQXVyMTk4MDgwNA@@._V1_SX300.jpg,"[{'Source': 'Internet Movie Database', 'Value': '7.2/10'}]",N/A,7.2,95,tt0233833,movie,N/A,N/A,N/A,N/A,True,CINE.pdf,
Águila y Jaguar: Los Guerreros Legendarios,2022,N/A,29 Sep 2022,106 min,Animation,Mike R. Ortiz,Mike R. Ortiz,"Franco Escamilla, José Eduardo Derbez, Romina Marroquín","In a post-apocalyptic future in which water has almost disappeared, two young survivors travel back in time to find the mythical power of the prehispanic God of water, and so be able to create the vital resource. However, when the...",Spanish,Mexico,2 wins & 1 nomination,https://m.media-amazon.com/images/M/MV5BMWQyMTMwODAtZTIxNi00MDU3LTliMjktYjcyOGRmMGVlMmMwXkEyXkFqcGc@._V1_SX300.jpg,[],N/A,N/A,462,tt21230032,movie,N/A,N/A,N/A,N/A,True,CINE.pdf,
Gran Hotel,2011–2013,TV-14,15 Sep 2014,60 min,"Crime, Drama, History",N/A,N/A,"Adriana Ozores, Amaia Salamanca, Yon González","In 1905, young Julio arrives at the Grand Hotel, an idyllic place in the middle of the countryside, to investigate his sister's disappearance. He gets a job as a waiter and comes across the owner's sexy, wealthy daughter. He falls in love with her and starts a dangerous affair while she becomes the only person who will help him discover the truth about his sister's disappearance. Find out all the secrets and mysteries hidden in the wonderful Grand Hotel.",Spanish,Spain,11 wins & 22 nominations,https://m.media-amazon.com/images/M/MV5BOTk2MjQyNTAzNF5BMl5BanBnXkFtZTgwODI3OTM3MzE@._V1_SX300.jpg,"[{'Source': 'Internet Movie Database', 'Value': '8.3/10'}]",N/A,8.3,"11,460",tt2006421,series,,,,,True,CINE.pdf,3
Guantanamera,1995,TV-14,04 Jul 1997,105 min,"Comedy, Drama","Tomás Gutiérrez Alea, Juan Carlos Tabío","Eliseo Alberto, Tomás Gutiérrez Alea, Juan Carlos Tabío","Carlos Cruz, Mirta Ibarra, Jorge Perugorría","It is a satire about life in Cuba. The members of a funeral procession and some truck drivers who need to take the same route begin to talk about God and the world and they end up discovering that life for both groups has many similarities and many differences, depending on the point of view.",Spanish,"Cuba, Spain, Germany",7 wins & 1 nomination,https://m.media-amazon.com/images/M/MV5BZTY5YzM1NWMtNmVlNS00MGM3LTg5ZTQtMmU5YzRkNTI0NjJiXkEyXkFqcGdeQXVyNTM3MDMyMDQ@._V1_SX300.jpg,"[{'Source': 'Internet Movie Database', 'Value': '6.9/10'}, {'Source': 'Rotten Tomatoes', 'Value': '80%'}]",N/A,6.9,"1,581",tt0109949,movie,N/A,"$903,840",N/A,N/A,True,CINE.pdf,
Halloween,1978,R,27 Oct 1978,91 min,"Horror, Thriller",John Carpenter,"John Carpenter, Debra Hill","Donald Pleasence, Jamie Lee Curtis, Tony Moran","The year is 1963, the night: Halloween. Police are called to 43 Lampkin Ln. only to discover that 15 year old Judith Myers has been stabbed to death, by her 6 year-old brother, Michael. After being institutionalized for 15 years, Myers breaks out on the night before Halloween. No one knows, nor wants to find out, what will happen on October 31st 1978 besides Myers' psychiatrist, Dr. Loomis. He knows Michael is coming back to Haddonfield, but by the time the town realizes it, it'll be too late for many people.",English,United States,9 wins & 3 nominations total,https://m.media-amazon.com/images/M/MV5BMzZiNTdiYTgtYjNkMS00MmJmLWEwZGQtNmY0NGJkMGE0YmYzXkEyXkFqcGc@._V1_SX300.jpg,"[{'Source': 'Internet Movie Database', 'Value': '7.7/10'}, {'Source': 'Rotten Tomatoes', 'Value': '97%'}, {'Source': 'Metacritic', 'Value': '91/100'}]",91,7.7,"335,169",tt0077651,movie,N/A,"$47,160,000",N/A,N/A,True,CINE.pdf,
Halloween,1978,R,27 Oct 1978,91 min,"Horror, Thriller",John Carpenter,"John Carpenter, Debra Hill","Donald Pleasence, Jamie Lee Curtis, Tony Moran","The year is 1963, the night: Halloween. Police are called to 43 Lampkin Ln. only to discover that 15 year old Judith Myers has been stabbed to death, by her 6 year-old brother, Michael. After being institutionalized for 15 years, Myers breaks out on the night before Halloween. No one knows, nor wants to find out, what will happen on October 31st 1978 besides Myers' psychiatrist, Dr. Loomis. He knows Michael is coming back to Haddonfield, but by the time the town realizes it, it'll be too late for many people.",English,United States,9 wins & 3 nominations total,https://m.media-amazon.com/images/M/MV5BMzZiNTdiYTgtYjNkMS00MmJmLWEwZGQtNmY0NGJkMGE0YmYzXkEyXkFqcGc@._V1_SX300.jpg,"[{'Source': 'Internet Movie Database', 'Value': '7.7/10'}, {'Source': 'Rotten Tomatoes', 'Value': '97%'}, {'Source': 'Metacritic', 'Value': '91/100'}]",91,7.7,"335,169",tt0077651,movie,N/A,"$47,160,000",N/A,N/A,True,CINE.pdf,
Resurrección,2016,N/A,30 Nov 2018,94 min,Documentary,Eugenio Polgovsky,"Eugenio Polgovsky, Mara Polgovsky",N/A,"The waterfall of ""El Salto de Juanacatlán"" was once known as the ""Mexican Niagara"", a source of immense joy and continuous sustenance for the villages surrounding it. This natural paradise disappeared when an industrial corridor was established across the Santiago River close to the city of Guadalajara. Today its poisonous waters destroy everything in their path, including the memories of the fishermen and farmers who watched their whole world disappear. From among the toxic ruins of the river's banks, ancient spectres emerge as an echo of a lost Eden. In ""Resurrection"" one family fights for survival, risking everything to pursue their dream of a return of clear waters. The destiny of a river goes hand in hand with that of a village, and humanity itself.",Spanish,Mexico,1 win,https://m.media-amazon.com/images/M/MV5BYzE2MjlmZTgtODA5Yy00YjQzLWJlNjEtMzVjMWIwYWQ2Yjk5XkEyXkFqcGc@._V1_SX300.jpg,"[{'Source': 'Internet Movie Database', 'Value': '7.9/10'}]",N/A,7.9,37,tt3450858,movie,N/A,N/A,N/A,N/A,True,CINE.pdf,
Hambre,2012,N/A,01 Oct 2012,9 min,"Short, Comedy, Drama",Mario de la Torre Espinosa,Mario de la Torre Espinosa,"Miguel Alcíbar, Rocío Avilés, Rocío Espinosa",It's night and her daughters are hungry.,Spanish,Spain,4 nominations,https://m.media-amazon.com/images/M/MV5BZmQzZDk0YjgtZjUzZi00MjgxLWE1NjAtZTRiMTU3NTU4MTlmXkEyXkFqcGdeQXVyMzM1MDc3MDc@._V1_SX300.jpg,"[{'Source': 'Internet Movie Database', 'Value': '6.1/10'}]",N/A,6.1,13,tt2311136,movie,N/A,N/A,N/A,N/A,True,CINE.pdf,
Hancock,2008,R,02 Jul 2008,92 min,"Action, Comedy, Drama",Peter Berg,"Vy Vincent Ngo, Vince Gilligan","Will Smith, Charlize Theron, Jason Bateman","The powerful superhero John Hancock has become a joke because of his alcoholism and clumsiness. He has also become the most hated man in Los Angeles. Though he has saved many lives, he also destroyed a lot of property, costing the city millions every time he goes into action. When he saves the life of PR expert Ray Embrey from an oncoming train, the executive is thankful and believes he can restore Hancock's image as a true superhero. He brings the anti-hero home for dinner and introduces him to his son Aaron, a big fan, and to his wife, Mary. But for some mysterious reason Mary doesn't want Hancock anywhere near her or her family.","English, Japanese, Vietnamese",United States,4 wins & 14 nominations total,https://m.media-amazon.com/images/M/MV5BMTgyMzc4ODU3NV5BMl5BanBnXkFtZTcwNjk5Mzc1MQ@@._V1_SX300.jpg,"[{'Source': 'Internet Movie Database', 'Value': '6.4/10'}, {'Source': 'Rotten Tomatoes', 'Value': '42%'}, {'Source': 'Metacritic', 'Value': '49/100'}]",49,6.4,"534,419",tt0448157,movie,N/A,"$227,946,274",N/A,N/A,True,CINE.pdf,
Happy Gilmore,1996,PG-13,16 Feb 1996,92 min,"Comedy, Sport",Dennis Dugan,"Tim Herlihy, Adam Sandler","Adam Sandler, Christopher McDonald, Julie Bowen",A Hockey player wannabe finds out that he has the most powerful golf drive in history. He joins the P.G.A. tour to make some money to save grandma's house. The downside is that his hockey player mentality doesn't really go on the P.G.A. tour. Especially with the favorite to win the championship.,English,United States,1 win & 4 nominations total,https://m.media-amazon.com/images/M/MV5BMzMyZTM1MTMtNDdjOS00NzIzLTkxY2QtZTU4OGYxOTUwNDMxXkEyXkFqcGc@._V1_SX300.jpg,"[{'Source': 'Internet Movie Database', 'Value': '7.0/10'}, {'Source': 'Rotten Tomatoes', 'Value': '65%'}, {'Source': 'Metacritic', 'Value': '31/100'}]",31,7.0,"303,515",tt0116483,movie,N/A,"$39,041,354",N/A,N/A,True,CINE.pdf,
Happy Together,1997,Not Rated,30 May 1997,96 min,"Drama, Romance",Wong Kar-Wai,"Wong Kar-Wai, Manuel Puig","Leslie Cheung, Tony Leung Chiu-wai, Chang Chen","Yiu-Fai and Po-Wing arrive in Argentina from Hong Kong and take to the road for a holiday. Something is wrong and their relationship goes adrift. A disillusioned Yiu-Fai starts working at a tango bar to save up for his trip home. When a beaten and bruised Po-Wing reappears, Yiu-Fai is empathetic but is unable to enter a more intimate relationship. After all, Po-Wing is not ready to settle down. Yiu-Fai now works in a Chinese restaurant and meets the youthful Chang from Taiwan. Yiu-Fai's life takes on a new spin, while Po-Wing's life shatters continually in contrast.","Cantonese, Spanish, English, Mandarin","Hong Kong, South Korea, Japan",7 wins & 20 nominations total,https://m.media-amazon.com/images/M/MV5BNzQ2YWYyMzUtMTAyZC00NDg1LWJjZmUtYWRjNzQxYzA4MWUwXkEyXkFqcGc@._V1_SX300.jpg,"[{'Source': 'Internet Movie Database', 'Value': '7.7/10'}, {'Source': 'Rotten Tomatoes', 'Value': '85%'}, {'Source': 'Metacritic', 'Value': '70/100'}]",70,7.7,"37,857",tt0118845,movie,N/A,"$320,319",N/A,N/A,True,CINE.pdf,
The Fear (El Miedo),2006,N/A,21 Mar 2010,88 min,"Comedy, Fantasy, Horror",David Díaz,"David Díaz (story), Mónica Peláez (story), David Díaz, Bruno Cuevas, Carlos Román","Mónica Peláez, Adán Borondo, Esther Costanzo, Alba Carrillo",N/A,"Spanish, French",Spain,N/A,https://m.media-amazon.com/images/M/MV5BYWVjMjAxMjYtMTk4Yy00ZjNmLTg4MTMtMjUxZTFiNzE5Y2E3XkEyXkFqcGdeQXVyMTY5MDE5NA@@._V1_SX300.jpg,"[{'Source': 'Internet Movie Database', 'Value': '4.0/10'}]",N/A,4.0,5,tt1853699,movie,N/A,N/A,N/A,N/A,True,CINE.pdf,
He Got Game,1998,R,01 May 1998,136 min,"Drama, Sport",Spike Lee,Spike Lee,"Denzel Washington, Milla Jovovich, Ray Allen","Tells the story of Jesus Shuttlesworth, the most sought after high school basketball prospect in the nation. Jesus and his dream to make it to the big ranks in professional basketball are overshadowed by his father, Jake, who is spending his life in prison for killing Jesus' mother.",English,United States,10 nominations total,https://m.media-amazon.com/images/M/MV5BMjA0MDVmOTItMWQzMS00ODFlLTkxNjMtMjc4MWU2MjZiNTRjXkEyXkFqcGc@._V1_SX300.jpg,"[{'Source': 'Internet Movie Database', 'Value': '6.9/10'}, {'Source': 'Rotten Tomatoes', 'Value': '82%'}, {'Source': 'Metacritic', 'Value': '64/100'}]",64,6.9,"53,294",tt0124718,movie,N/A,"$21,567,853",N/A,N/A,True,CINE.pdf,
Heist,2001,R,09 Nov 2001,109 min,"Action, Crime, Drama",David Mamet,David Mamet,"Gene Hackman, Rebecca Pidgeon, Danny DeVito","Joe Moore has a job he loves. He's a thief. His job goes sour when he gets caught on security camera tape. His fence, Bergman reneges on the money he's owed, and his wife may be betraying him with the fence's young lieutenant. Moore and his partner, Bobby Blane and their utility man, Pinky Pincus find themselves broke, betrayed, and blackmailed. Moore is forced to commit his crew to do one last big job.",English,"Canada, United States",N/A,https://m.media-amazon.com/images/M/MV5BY2M4YWQ5NDAtNjAwZC00NmM2LWJiNWUtOWEwNmE1Mjc5OGMyXkEyXkFqcGc@._V1_SX300.jpg,"[{'Source': 'Internet Movie Database', 'Value': '6.5/10'}, {'Source': 'Rotten Tomatoes', 'Value': '67%'}, {'Source': 'Metacritic', 'Value': '66/100'}]",66,6.5,"40,828",tt0252503,movie,N/A,"$23,510,841",N/A,N/A,True,CINE.pdf,
Helen of Troy,2003,Unrated,20 Apr 2003,175 min,"Action, Adventure, Drama",N/A,N/A,"Emilia Fox, James Callis, Daniel Lapaine","The abduction of beautiful Helen, wife of Spartan King Menelaus, by Paris of Troy triggers a long war.",English,United States,Nominated for 1 Primetime Emmy. 1 win & 7 nominations total,https://m.media-amazon.com/images/M/MV5BMTIyNTMxNTI4Ml5BMl5BanBnXkFtZTcwNDM1NTMyMQ@@._V1_SX300.jpg,"[{'Source': 'Internet Movie Database', 'Value': '6.2/10'}]",N/A,6.2,"6,806",tt0340477,series,,,,,True,CINE.pdf,1
913,2004,N/A,N/A,17 min,"Short, Comedy","Galder Gaztelu-Urrutia, Félix Guede",Galder Gaztelu-Urrutia,"Algis Arlauskas, Iñaki García, Álex García",N/A,Spanish,Spain,N/A,https://m.media-amazon.com/images/M/MV5BYmZhODg3MWQtYjA1YS00ZGQxLThmN2YtMTNmMGNmMjYzNzQyXkEyXkFqcGc@._V1_SX300.jpg,"[{'Source': 'Internet Movie Database', 'Value': '5.2/10'}]",N/A,5.2,6,tt0495266,movie,N/A,N/A,N/A,N/A,True,CINE.pdf,
Highlander,1986,R,07 Mar 1986,116 min,"Action, Adventure, Fantasy",Russell Mulcahy,"Gregory Widen, Peter Bellwood, Larry Ferguson","Christopher Lambert, Sean Connery, Clancy Brown","In New York City, the owner of a sophisticated antique shop Russell Edwin Nash is challenged to a sword fight in the parking lot of the Madison Square Garden by a man called Iman Fasil that is beheaded by Russell. He hides his sword and is arrested by the police while leaving the stadium. Russell recalls his life in the sixteenth century in Scotland, when he is Connor MacLeod, and is fatally wounded in a battle against another Clan. However, he surprisingly survives and his Clan believes he has a pact with the devil and expels him from their lands. Then he meets Juan Sanchez Villa-Lobos Ramirez, who explains that he is immortal unless he is beheaded. Further, the immortals dispute a game killing each other and in the end only one survives receiving a prize with the power of the other immortals. Russell is released by the police, but the snoopy forensic agent Brenda J. Wyatt is attracted by the case since she found fragments of an ancient Katana and follows Russell. But the also immortal Kurgan is hunting down MacLeod, and Brenda is in the middle of their battle.",English,"United Kingdom, United States",2 nominations total,https://m.media-amazon.com/images/M/MV5BMDUzODA3ZDctODM1MS00YzY0LWI1MzUtZTU0N2UzYjRhY2M3XkEyXkFqcGc@._V1_SX300.jpg,"[{'Source': 'Internet Movie Database', 'Value': '7.0/10'}, {'Source': 'Rotten Tomatoes', 'Value': '69%'}, {'Source': 'Metacritic', 'Value': '24/100'}]",24,7.0,"155,421",tt0091203,movie,N/A,"$5,900,000",N/A,N/A,True,CINE.pdf,
Los hijos de María Morales,1952,N/A,14 Aug 1952,114 min,"Comedy, Drama, Western",Fernando de Fuentes,"Ernesto Cortázar, Paulino Masip, Fernando Méndez","Pedro Infante, Antonio Badú, Carmelita González","Two brothers known in town for their womanizing, drinking and rowdiness meet their matches when two girls who like them decide to tame the two machos.",Spanish,Mexico,N/A,https://m.media-amazon.com/images/M/MV5BM2MzOTFiZDEtODE1NC00OGM4LThkNjctMTUwZTEyYzAxOTMzXkEyXkFqcGdeQXVyMTk4MDgwNA@@._V1_SX300.jpg,"[{'Source': 'Internet Movie Database', 'Value': '7.3/10'}]",N/A,7.3,131,tt0044707,movie,N/A,N/A,N/A,N/A,True,CINE.pdf,
Todos los gritos del silencio,1975,N/A,18 Apr 1975,82 min,"Crime, Mystery",Ramón Barco,"Ramón Barco, Juan José Daza, Paul Naschy","Paul Naschy, Máximo Valverde, Renë D'Grie","Coinciding with the mysterious disappearance of his beloved, a journalist investigate the murder of a colleague photographer everything seems to indicate that both cases are related through the figure of an important businessman.",N/A,"Spain, France",N/A,https://m.media-amazon.com/images/M/MV5BYzE4Y2QwNDEtNDVkNi00NTBlLWE1MzgtMTgyZmY5ZWM5NTBhXkEyXkFqcGc@._V1_SX300.jpg,"[{'Source': 'Internet Movie Database', 'Value': '4.3/10'}]",N/A,4.3,28,tt0072299,movie,N/A,N/A,N/A,N/A,True,CINE.pdf,
Vale o Escrito: A Guerra do Jogo do Bicho,2023,N/A,01 Nov 2023,N/A,"Documentary, Biography, Crime",N/A,N/A,"Pedro Bial, Sabrina Garcia, Luiz Guimarães",The bicho game in Rio de Janeiro is controlled by families whose leaders are also patrons of samba schools. Two of these families are experiencing bloody wars of succession.,Portuguese,Brazil,1 win,https://m.media-amazon.com/images/M/MV5BNzA4N2I0ZTktYmQ4ZS00MTdiLTk3NGMtZDdlZjNiN2UzNWNkXkEyXkFqcGc@._V1_SX300.jpg,[],N/A,N/A,667,tt29719218,series,,,,,True,CINE.pdf,N/A
Historias asombrosas de perros,2024,N/A,17 Jan 2024,N/A,"Documentary, Short",Antonio Miguel Moreno Hidalgo,N/A,N/A,"Narra la historia de 7 perros, que han destacado en la historia por sus hazañas o ser pioneros. Una obra audiovisual dedicada a las mascotas en general, y a los perros en particular.",Spanish,Spain,N/A,https://m.media-amazon.com/images/M/MV5BMGQ3NzgwMmEtYmRhYy00NGVjLThlMTQtMjAzZGRlODJlNmU5XkEyXkFqcGdeQXVyMTcxNTY3MDk3._V1_SX300.jpg,[],N/A,N/A,N/A,tt31010736,movie,N/A,N/A,N/A,N/A,True,CINE.pdf,
Heroe,2011,N/A,11 Jun 2011,10 min,"Short, Comedy",Jimmy Santos,"Hector G. Perez Mundo (collaborating writer), Jimmy Santos (script)","Jonathan Ortiz, Vanesthy Melendez, Sammy 'Astronauta' Gonsalez, Joshua Cruz","A young man decides to act against injustice, but his plan gets complicated.",Spanish,Puerto Rico,N/A,N/A,[],N/A,N/A,N/A,tt2041367,movie,N/A,N/A,N/A,N/A,True,CINE.pdf,
Tres historias fantásticas,1964,N/A,01 Oct 1964,84 min,"Drama, Comedy, Romance",Marcos Madanes,"Miguel Ángel Asturias, Santiago Dabove, Marcos Madanes","Virginia Lago, Beatriz Barbieri, Homero Cárpena",N/A,Spanish,Argentina,N/A,https://m.media-amazon.com/images/M/MV5BZTI5ZTJmNzktNjVlMy00OWMxLWJiMzUtYzkzM2I4MzNmMTc4XkEyXkFqcGdeQXVyMTU1MDI1MTA0._V1_SX300.jpg,[],N/A,N/A,N/A,tt0194466,movie,N/A,N/A,N/A,N/A,True,CINE.pdf,
The Dangerous Lives of Altar Boys,2002,R,28 Jun 2002,104 min,"Comedy, Drama",Peter Care,"Chris Fuhrman, Jeff Stockwell, Michael Petroni","Kieran Culkin, Jena Malone, Emile Hirsch","In mid-1970s Savannah, two bright but rebellious boys, Francis Doyle and Tim Sullivan, fight boredom, hormones and harsh teachers as they struggle to find something meaningful beyond the walls of their parish school. Francis, an exceptional artist whose imaginative forays into a fictional universe of good and evil fill his notebooks with comic-book imagery, creates a netherworld of superhero alter egos for the two boys. When the ultra-strict Sister Assumpta seizes their artwork one day, the boys embark upon an obsessed trail of revenge that ultimately changes their lives.",English,United States,2 wins,https://m.media-amazon.com/images/M/MV5BNmM0OWQ4NjktYjM1YS00NDk5LWFiODMtZjRhZTVkMTBhYThhXkEyXkFqcGc@._V1_SX300.jpg,"[{'Source': 'Internet Movie Database', 'Value': '6.9/10'}, {'Source': 'Metacritic', 'Value': '69/100'}]",69,6.9,"14,325",tt0238924,movie,10 Jan 2006,"$1,815,864",N/A,N/A,True,CINE.pdf,
Homicidios,2011,N/A,20 Sep 2011,N/A,Crime,N/A,N/A,"Eduardo Noriega, Celia Freijeiro, Vicky Luengo","Psychologist Tomás Sóller and chief inspector Eva Hernández join forces to lead the investigation of a series of crimes that link to the same murderer. The team that carries out the investigation is formed by cunning Narcotic Brigade inspector Alonso Izquierdo, disciplined Homicide Brigade inspector Pablo Montero, rookie sub-inspector María Losada, and sarcastic forensic Susana Rota. The team will be supervised by commissioner Andrés Ramos.",Spanish,Spain,1 win & 2 nominations,https://m.media-amazon.com/images/M/MV5BMDUzY2E0M2YtM2Y5Zi00ZDMyLWJlZDEtNjYyYTZlN2MzOGVhXkEyXkFqcGdeQXVyMTA0MjU0Ng@@._V1_SX300.jpg,"[{'Source': 'Internet Movie Database', 'Value': '7.2/10'}]",N/A,7.2,141,tt1845504,series,,,,,True,CINE.pdf,1
El hombre de la máscara de hierro,1943,N/A,04 Nov 1943,116 min,"Adventure, Drama",Marco Aurelio Galindo,"Alexandre Dumas, Marco Aurelio Galindo","José Cibrián, Gloria Lynch, Carlos Villarías",N/A,Spanish,Mexico,N/A,https://m.media-amazon.com/images/M/MV5BZGE0NDEwMjEtMGVlYy00MDgzLWExMjgtZWI4OTFiNzJkOTFiXkEyXkFqcGdeQXVyMTk1MjA1NjU@._V1_SX300.jpg,"[{'Source': 'Internet Movie Database', 'Value': '6.0/10'}]",N/A,6.0,10,tt0217547,movie,N/A,N/A,N/A,N/A,True,CINE.pdf,
El hombre de los hongos,1976,N/A,02 Sep 1976,110 min,"Drama, Romance",Roberto Gavaldón,"Emilio Carballido, Tito Davison, Sergio Galindo","Isela Vega, Adolfo Marsillach, Ofelia Medina","A family of rich landowners from the colonial era owns a sugar plantation on the edge of the jungle. While hunting in the forest one day, the father, Don Everardo, discovers a young black orphan by the river. He brings the child to his mansion and call him Gaspar. Friendly and intelligent, the boy quickly becomes a new member of the family. He plays with his son Sebastian, and his two daughters, Emma and Lucila, as if they were his own siblings. The family occasionally has lavish receptions with fine dining. One of Don Everardo's favorite mushroom dishes is prepared with an old family recipe from Spain. The family discovers if the mushrooms are edible by making a servant eat a few first; if the servant collapses and dies, then the family does not serve mushrooms to the party. The family has another flirtation with danger: They keep a black panther called Toy chained in the main courtyard; from time to time they release it and let it chase people. Some years pass, and Gaspar grows into a handsome young man, and Lucila and Emma become beautiful women. They go hiking in the woods and swimming in the river. But children's play has become flirtations, especially between Gaspar and Emma. Along the way, Gaspar reveals his knowledge of different species of mushrooms that grow in the forest. There is also an incestuous relationship between Sebastian and Lucila, who want to leave the hacienda and go to the capital city where they can meet people of their own age. The family unit falls apart when Emma and Elvira compete for the attentions of Gaspar. Elvira's flirtations with Gaspar provoke the jealousy of her husband and daughter Emma. One night someone mysteriously releases the panther and it attacks Elvira after her failed attempt to seduce Gaspar. When Lucila takes the place of her mother, she informs Don Everardo about Emma's affair with Gaspar, and Don Everardo decides to make him the new ""man of the mushrooms."" But nobody else has Gaspar's knowledge of mushrooms, and a lavish party at the farm becomes a circus when Emma and Gaspar take advantage of the mushrooms to get rid of the rest of their own family and escape together. But once in the forest, Gaspar suddenly disappears.",Spanish,"Mexico, Spain",N/A,https://m.media-amazon.com/images/M/MV5BY2YzYzAyODktOWNmYS00MTMwLWExMzYtMjU3ZGIwNmRlNGRlXkEyXkFqcGdeQXVyMTk4MDgwNA@@._V1_SX300.jpg,"[{'Source': 'Internet Movie Database', 'Value': '5.8/10'}]",N/A,5.8,118,tt0074636,movie,N/A,N/A,N/A,N/A,True,CINE.pdf,
El hombre equivocado,2013,N/A,01 Jun 2013,16 min,"Short, Comedy, Drama",Roberto Goñi,"Daniel Castro, Roberto Goñi","Alfonso Lara, Alejandra Lorente","He is an ordinary sales rep, she is an attractive sea archeologist - and there is a loot of 200,000 euros.",Spanish,Spain,N/A,https://m.media-amazon.com/images/M/MV5BMjA3MWJmZjctNmVhYS00ZTAyLTkzZmQtZTBjZjFjNDdjZjY0XkEyXkFqcGdeQXVyMTQ1MTE0NDY@._V1_SX300.jpg,[],N/A,N/A,N/A,tt2731488,movie,N/A,N/A,N/A,N/A,True,CINE.pdf,
El hombre inquieto,1954,N/A,26 Nov 1954,90 min,"Comedy, Drama",Rafael Baledón,Fernando Galiana,"Germán Valdés, Joaquín Pardavé, Sara García",N/A,Spanish,Mexico,N/A,https://m.media-amazon.com/images/M/MV5BMTU5NjU5MDYyM15BMl5BanBnXkFtZTcwMDA2ODc4Mw@@._V1_SX300.jpg,"[{'Source': 'Internet Movie Database', 'Value': '7.8/10'}]",N/A,7.8,52,tt0179854,movie,N/A,N/A,N/A,N/A,True,CINE.pdf,
"Colmillos, el hombre lobo",1993,N/A,01 Jan 1993,85 min,"Horror, Mystery, Thriller",René Cardona III,"Rubén Galindo, Carlos Valdemar","Miguel Ángel Rodríguez, Olivia Collins, José Elías Moreno","""Colmillos, el hombre lobo"" is a surprisingly fun and enjoyable Mexican monster romp.**SPOILERS**Plagued by strange nightmares, Cristobal, (Miguel Angel Rodriquez) allows it to interfere with his horse-track job for Roman, (Jose Elias Moreno) and while making up the time, is attacked by Tara, (Julieta Rosen) a weird woman who gives him a strange statue. Noticing it's full of precious stones, he sells so he can quit his job and gain the love of Susana, (Olivia Collins) a socialite who frequents the racing track where he works but is unable to do so. Still troubled by the nightmares, a series of vicious animal attacks in the community confirms his fears that he has been cursed with the mark of the werewolf even though no one else believes him. As the attacks continue, he finally comes to believe that he has been cursed to become a werewolf and those around him try to stop it before more in the area are slaughtered.The Good News: This was actually surprisingly good with a lot of good things about it. One of the best features is the fact that it manages to incorporate the past traditions of the werewolf with a welcome infusion of Gothic trappings to be atmospheric while still keeping with tradition. This is nicely realized in the opening nightmare, where the night-time setting, the journey through the underground caves through POV and the unknown panting in the background and the disorienting design of the caves makes for a rather inspired intro before the attack happens, which provides a nice jump. This is continued nicely with the first sequence of him being afflicted with the curse, the night-time stable encounter. From being drawn into the wilderness by the mysterious woman in white, the eerie blue light being emitted in the distance, and the slow stalking around the area into the woods by himself while the animals are seeing visibly protesting the actions all are classic Gothic trappings being reworked here, and along with the dissent into the caves and the confrontation there, with the statue being found and the skeleton right there for a great jump all coming before the attack, and the scene is both hauntingly beautiful and unnervingly chilling, another classic Gothic exercise being put to good use in the modern times. There's even a good old-fashioned forbidden-romance angle thrown in that is put to good use, using it to build up to the finale that plays homage to the past traditions that are quite obviously worked out in advance but still playing true to the traditions of what's come before. The modern influences here come from the rather fun, brutal and enjoyable attack scenes, which are part of the film's best scenes. The first attack of the dog-walker is quite chilling, due to the atmospheric set-up and grisly action that follows within, and the second encounter is just as good with its taking place in a barn, allowing for the film to take some liberties with almost slasher-film like stalking moments within, like the knocked-over hay-bales, the unseen charging and the final attack making it quite enjoyable, as well as the second part where it continues on outside to grab the second victim. The best stuff, though, is the last half as it's filled with some great encounters with the hunters being stalked among the woods, the creature going into the house to continue the assault within, and the group tracking it back into the woods, complete with a lot of action, suspense and gore in the kills. Those have some good parts too, as they're vicious scratches and maulings, showing the victims getting really cut up and bloody. The last plus is the werewolf's look, which is pretty cool and unique in the genre, and the transformation is effective. These are its good parts.The Bad News: There wasn't a whole lot here that didn't work. The biggest flaw to overcome is the absolutely inane editing during the attacks, which aren't all that great. Rather than giving good, clear shots of what's going on, it tends to either rattle the camera back-and-forth so that the entire set-piece is so blurred it becomes a guess as to what's happening or the scenes are spliced together so rapidly that it's essentially being assaulted by thirty different cuts during a five-second sequence, almost negating the entire experience to the point of being unable to detect what's going on. That these rapid-fire edits only occur during the scenes of the werewolf's attacks are where it becomes even more of a hassle, as there's very little opportunity to see what's happening during the best part of the film and that's really the reason to see this one, making it stand-out even more. Also problematic is the film's rather cheesy-looking effects for the werewolf, which are really quite goofy and not really that realistic. While it looks good and unique, the fact that there's no way to get around the fact that the creature still looks a little silly, and the transformations to get there, can't be avoided. The last flaw to this one is the rather long portion of set-up it has within the racetrack and finally getting him to leave. It spends a little longer amount of time than it really should due to the fact that he's already left there, yet it still has a series of scenes afterward of them wandering around, which just eats up time it could've put to better use. Otherwise, these here are the film's flaws.The Final Verdict: Without much in the way of flaws and really packed with some good stuff, this here is a much more enjoyable effort than expected and gets a lot of stuff right. Highly recommended to fans of the creative side, the more Gothic-tinged horror or a Mexican horror fan, while those who aren't should heed caution.Rated UR/R: Graphic Violence, Nudity, a mild sex scene and some Language",Spanish,Mexico,N/A,https://m.media-amazon.com/images/M/MV5BNzg4YjllNjUtMjI1Ny00M2JkLTg5YTYtNjRlZjdkZWU3OGJkXkEyXkFqcGc@._V1_SX300.jpg,"[{'Source': 'Internet Movie Database', 'Value': '5.8/10'}]",N/A,5.8,37,tt0359092,movie,N/A,N/A,N/A,N/A,True,CINE.pdf,
Iron Man,2008,PG-13,02 May 2008,126 min,"Action, Adventure, Sci-Fi",Jon Favreau,"Mark Fergus, Hawk Ostby, Art Marcum","Robert Downey Jr., Gwyneth Paltrow, Terrence Howard","Tony Stark. Genius, billionaire, playboy, philanthropist. Son of legendary inventor and weapons contractor Howard Stark. When Tony Stark is assigned to give a weapons presentation to an Iraqi unit led by Lt. Col. James Rhodes, he's given a ride on enemy lines. That ride ends badly when Stark's Humvee that he's riding in is attacked by enemy combatants. He survives - barely - with a chest full of shrapnel and a car battery attached to his heart. In order to survive he comes up with a way to miniaturize the battery and figures out that the battery can power something else. Thus Iron Man is born. He uses the primitive device to escape from the cave in Iraq. Once back home, he then begins work on perfecting the Iron Man suit. But the man who was put in charge of Stark Industries has plans of his own to take over Tony's technology for other matters.","English, Persian, Urdu, Arabic, Kurdish, Hindi, Hungarian","United States, Canada",Nominated for 2 Oscars. 24 wins & 73 nominations total,https://m.media-amazon.com/images/M/MV5BMTczNTI2ODUwOF5BMl5BanBnXkFtZTcwMTU0NTIzMw@@._V1_SX300.jpg,"[{'Source': 'Internet Movie Database', 'Value': '7.9/10'}, {'Source': 'Rotten Tomatoes', 'Value': '94%'}, {'Source': 'Metacritic', 'Value': '79/100'}]",79,7.9,"1,213,667",tt0371746,movie,N/A,"$319,034,126",N/A,N/A,True,CINE.pdf,
Hasta morir... o matar,2000,N/A,N/A,90 min,Action,N/A,N/A,"Sergio Abreu, Gabriela Carvajal, Flavio Peniche, Jaco Puente",N/A,Spanish,Mexico,N/A,N/A,[],N/A,N/A,N/A,tt0900936,movie,N/A,N/A,N/A,N/A,True,CINE.pdf,
Las horas del día,2003,N/A,06 Jun 2003,103 min,"Drama, Crime",Jaime Rosales,"Jaime Rosales, Enric Rufas","Alex Brendemühl, Vicente Romero, Antònia Martínez","The gray and monotonous life of Abel takes place between a small family shop selling unisex clothes, his dates with his girlfriend Tere, his mother's house, a friend's kiosk and the neighborhood bars. Always the same problems, the same faces, the same conversations. However, under the appearance of calm and affable man, Abel hides a dark, violent and sickly personality.",Spanish,Spain,8 wins & 9 nominations,https://m.media-amazon.com/images/M/MV5BMTk0MjMzMzY0MV5BMl5BanBnXkFtZTcwNzkzMzMzMQ@@._V1_SX300.jpg,"[{'Source': 'Internet Movie Database', 'Value': '6.4/10'}]",N/A,6.4,680,tt0367863,movie,N/A,N/A,N/A,N/A,True,CINE.pdf,
Las horas del día,2003,N/A,06 Jun 2003,103 min,"Drama, Crime",Jaime Rosales,"Jaime Rosales, Enric Rufas","Alex Brendemühl, Vicente Romero, Antònia Martínez","The gray and monotonous life of Abel takes place between a small family shop selling unisex clothes, his dates with his girlfriend Tere, his mother's house, a friend's kiosk and the neighborhood bars. Always the same problems, the same faces, the same conversations. However, under the appearance of calm and affable man, Abel hides a dark, violent and sickly personality.",Spanish,Spain,8 wins & 9 nominations,https://m.media-amazon.com/images/M/MV5BMTk0MjMzMzY0MV5BMl5BanBnXkFtZTcwNzkzMzMzMQ@@._V1_SX300.jpg,"[{'Source': 'Internet Movie Database', 'Value': '6.4/10'}]",N/A,6.4,680,tt0367863,movie,N/A,N/A,N/A,N/A,True,CINE.pdf,
Las horas muertas,2007,Not Rated,01 Jun 2008,13 min,Short,Haritz Zubillaga,Haritz Zubillaga,"Marian Álvarez, Zoe Berriatúa, Nydia García","Four young people camped with an old RV close to the road. Someone is pointing with rifle at them. When the sniper shoots, everything is stained with blood. A vacation day turns into a ghoulish nightmare of terror, sex, and death.",Spanish,Spain,6 wins,https://m.media-amazon.com/images/M/MV5BMmIxYjkwYTMtNWYyMy00ZWZiLTk1NjMtNDliOGFlMjIyYzhmXkEyXkFqcGdeQXVyNjUyNjA3NzE@._V1_SX300.jpg,"[{'Source': 'Internet Movie Database', 'Value': '5.7/10'}]",N/A,5.7,70,tt1144898,movie,N/A,N/A,N/A,N/A,True,CINE.pdf,
Hostal Royal Manzanares,1996–1998,N/A,15 Feb 1996,N/A,Comedy,N/A,N/A,"Lina Morgan, Joaquín Kremel, Tote García Ortega","""Hostal Royal Manzanares"" narrates the vicissitudes of Reme, a provincial woman with economic difficulties that arrives from their town to Madrid with her father Paciano, to live in the inn managed by her aunt Asuncion. Reme, with their humanity and very particular sense of humor captures with a smile to anybody that has the luck of meeting with her.",Spanish,Spain,2 wins & 4 nominations,https://m.media-amazon.com/images/M/MV5BOGEwODkxZmQtMTUzZi00OGE2LThjMTItN2JlYWFkMDg0OGZhXkEyXkFqcGdeQXVyMTA0MjU0Ng@@._V1_SX300.jpg,"[{'Source': 'Internet Movie Database', 'Value': '4.3/10'}]",N/A,4.3,135,tt0124946,series,,,,,True,CINE.pdf,4
Huapango,2004,N/A,01 Oct 2004,100 min,"Drama, Music",Iván Lipkies,"Iván Lipkies, William Shakespeare, María Elena Velasco","Alfredo Castillo, Manuel Landeta, Ivette Lipkies","Otilio, the richest man of Huasteca Tamaulipeca, falls deeply in love with Julia, a happy and simple young woman. Julia belongs to the group of dance of this region. She is the best ballerina of the group of ""Huapango"". His partner of dance is Santiago, a thick and strong man that secretly loves her. Very soon there will be realized the National Festival of the Huapango that will allow us to discover a place of Mexico where it is lived, it is in love and is danced with passion, but when the doubt appears there will come untied an irremediable passional revenge that is based on the doubts that jealous generate.",Spanish,Mexico,2 wins,https://m.media-amazon.com/images/M/MV5BZjlkZjA5ZWUtNTNhMi00OGFhLWIwYjItZmViODk3ZWI0MWM2XkEyXkFqcGdeQXVyMzQxNzU3NA@@._V1_SX300.jpg,"[{'Source': 'Internet Movie Database', 'Value': '6.7/10'}]",N/A,6.7,43,tt0427363,movie,N/A,N/A,N/A,N/A,True,CINE.pdf,
El Huésped,2003,N/A,10 Nov 2003,74 min,"Drama, Horror, Sci-Fi",Jorge Hidalgo,"Jorge Hidalgo, Julio Rojas","Humberto Gallardo, Yerko Farías, Iñigo Urrutia","A half human, half animal creature, product of failed genetic experiments, breaks loose on a hospital where a group of med students are spending the night.I saw a very dark and grainy copy of this film and I think it made it more effective. The premise of the story was cool, there were some dark and creepy parts but the overall execution is very weak. It seems the main problem was the script since the story was told in a kind of messy, rushed and uninteresting way. The acting was OK and the film had some nice gory stuff although nothing extraordinary or over-the-top.The film looked like they wanted to follow a typical Hollywood formula but failed (don't feel bad though, since Hollywood fails more than often). I think Latin American countries should focus on more original and folkloric stories to creep us out.Overall, it was a nice effort for an apparently minimal budget but the potential it had was, mostly, wasted.",Spanish,Chile,N/A,https://m.media-amazon.com/images/M/MV5BNDRlZGJjMzEtN2IyMS00NjZhLWFjMjktN2FiNmM3MDdlYzdhL2ltYWdlL2ltYWdlXkEyXkFqcGdeQXVyMTQxNDc0MDg@._V1_SX300.jpg,"[{'Source': 'Internet Movie Database', 'Value': '4.8/10'}]",N/A,4.8,41,tt0476259,movie,N/A,N/A,N/A,N/A,True,CINE.pdf,
Hasta cierto punto,1983,N/A,13 Mar 1985,68 min,Drama,Tomás Gutiérrez Alea,"Tomás Gutiérrez Alea, Serafín Qiñones, Juan Carlos Tabío","Óscar Álvarez, Mirta Ibarra, Omar Valdés","A theater director and script-writer falls for a female worker from the Havana docks, but his machismo, social and working conflicts, and the Cuban woman's condition interfere with their relationship.",Spanish,Cuba,4 wins & 1 nomination,https://m.media-amazon.com/images/M/MV5BMTQwNzQyNTI1Ml5BMl5BanBnXkFtZTcwMzEzMDAyMQ@@._V1_SX300.jpg,"[{'Source': 'Internet Movie Database', 'Value': '6.6/10'}]",N/A,6.6,136,tt0087387,movie,N/A,N/A,N/A,N/A,True,CINE.pdf,
Hooligans,2004,TV-14,01 Jan 2006,88 min,"Drama, Comedy",Mike Scullion,"Kevin Scullion, Mike Scullion","Andy Curtis, Brendan Dempsey, Jamie Belton","""gobshite"" is a dark comedy about a slightly demented English gangster who has upset the underworld pecking order by deciding he wants a bigger piece of the pie. He devises a scheme to get what he wants but must travel to a sleepy, seaside community in Ireland. As a cover for his plan he needs to acquire a local Irish family's pub to promote a new brand of beer. Problems occur when the rightful owners of the pub put up more of a fight for their livelihood, than expected.",English,"Canada, Ireland",1 win,https://m.media-amazon.com/images/M/MV5BMjEwOTkwNTY4M15BMl5BanBnXkFtZTcwODE0NTcyMQ@@._V1_SX300.jpg,"[{'Source': 'Internet Movie Database', 'Value': '5.7/10'}]",N/A,5.7,298,tt0430814,movie,N/A,N/A,N/A,N/A,True,CINE.pdf,
The Serpent's Egg,1977,R,15 Feb 1978,119 min,"Drama, Mystery, Thriller",Ingmar Bergman,Ingmar Bergman,"Liv Ullmann, David Carradine, Gert Fröbe","It's early November 1923. Jewish-American brothers Abel and Max Rosenberg and Max's ex-wife Manuela Rosenberg had a trapeze act in a circus touring through Europe until a month ago when a wrist injury to Max sidelined the act. The three remained in Berlin, Germany generally depressed with rampant inflation leading to Abel taking up the bottle to cope. Jewish people are also being blamed for many of society's problems, but Abel fears no reprisal against himself if he does nothing wrong. Abel and Manuela, the latter who ended up living in a rooming house on her own while working in a cabaret, are reunited when Abel must inform her that Max committed suicide by a self-inflicted gunshot wound to the head. Feeling at a loss both professionally and emotionally, Abel and Manuela turn to each other for comfort and support, feeling they only truly have each other. Abel's life becomes even more complicated when Police Inspector Bauer, who handled Max's suicide case, questions Abel about a series of other mysterious deaths in the last month in the vicinity of where he lived, some of the people he admits to knowing if only by face. In the process, Abel begins to believe that he's being set up to take the fall solely for being Jewish. But as Manuela tries to set up some sort of life so the two of them can be together, Abel gets caught up in unwitting circumstances that might lead to the same fate as Max and the others Abel was shown in the morgue.","English, German","West Germany, United States",N/A,https://m.media-amazon.com/images/M/MV5BOGUzMjc5YTUtOWI0NS00Yzg0LTliZjAtNTkwNjQzMDBlMzkxXkEyXkFqcGc@._V1_SX300.jpg,"[{'Source': 'Internet Movie Database', 'Value': '6.6/10'}, {'Source': 'Rotten Tomatoes', 'Value': '20%'}]",N/A,6.6,"6,864",tt0076686,movie,N/A,N/A,N/A,N/A,True,CINE.pdf,
Aztlán,2020,N/A,01 Dec 2020,N/A,"Short, Drama",Sam Herath,Sam Herath,"Ronnie Bhalvani, Chris Gerrish, Samai King","A young man flees a climate disaster in search of a new homeland, hope and a chance at redemption from an event in his past that is constantly licking at his heels, threatening to derail his plans.",English,Australia,1 win,https://m.media-amazon.com/images/M/MV5BZDIwMzlmNWYtYjAwZC00YjM2LWI2ZjUtZThhZWQ3N2M3MzJkXkEyXkFqcGdeQXVyODM3NDQ5NzY@._V1_SX300.jpg,[],N/A,N/A,N/A,tt13774814,movie,N/A,N/A,N/A,N/A,True,CINE.pdf,
Trabajo,2015,TV-PG,10 Apr 2015,14 min,"Short, Drama, Family",Kase Pena,Kase Pena,"Billie Cartier, Christian Gerez, Laura Gómez",An 11-year-old Dominican deaf boy searches for a job in order to help his financially struggling single mother make ends meet.,"Spanish, English, American Sign ","Dominican Republic, United States",N/A,https://m.media-amazon.com/images/M/MV5BOTc2NDBmNjUtN2E2Ny00YmQxLWIwYWQtNWU3OTg5ZGU5MjUyL2ltYWdlXkEyXkFqcGdeQXVyNjkwNzM2MzQ@._V1_SX300.jpg,"[{'Source': 'Internet Movie Database', 'Value': '6.4/10'}]",N/A,6.4,10,tt4257242,movie,N/A,N/A,N/A,N/A,True,CINE.pdf,
El Infierno,2019,N/A,16 Oct 2019,22 min,Short,Raúl de la Fuente,"Amaia Remirez, Raúl de la Fuente",N/A,"At the age of 15, Chennu committed his first crime: being a street child. And he walked into hell: Pademba Road Prison. Hell is ruled by Mr. Sillah, and the prisoners abandon all hope. Chennu got out after 4 years. And now he wants back.",English,Spain,22 wins & 2 nominations,https://m.media-amazon.com/images/M/MV5BOTFjMGU3ZWQtYmFhZS00YWJmLWFjMTItZmQyNzkwYjg2OTVlXkEyXkFqcGdeQXVyMjUyNzEzNjA@._V1_SX300.jpg,[],N/A,N/A,8,tt11312390,movie,N/A,N/A,N/A,N/A,True,CINE.pdf,
El infierno de todos tan temido,1981,N/A,10 Sep 1981,108 min,"Drama, Thriller",Sergio Olhovich,"Luis Carrion, Jorge Fons, Sergio Olhovich","Manuel Ojeda, Diana Bracho, Delia Casanova","The movie tells the story of a poet who suffers from several addictions. At some point he ends up at an institution where he is submitted to the traditional psychiatric approach with yet more drugs, reclusion, and electric shocks. One thread of the story goes around the crisis of the Mexican cultural establishment at the end of the 70's. The movie presents a severe criticism of the national-revolutionary forms of art (the murals and frescoes of Diego Rivera will be the best examples of such ""official"" art) while critiquing the equally oppressive psychiatric and political establishments, with some marginal references to the role of the Church, represented by the nuns in the psychiatric institution, which in real life do not work in the Mexican public health system. The mental patients are portrayed as more reflexive and ""democratic"" than the doctors and all the other figures of authority who, for the most part, only try to silence and punish those labelled as mental patients, alcoholics, or drug addicts. The social and political criticism, however, goes along the lines of the most traditional Marxism of the 1970's, which seems kind of outmoded now, but provides a good portrait of how the Mexican cultural elites were at that time.",Spanish,Mexico,2 wins & 4 nominations,https://m.media-amazon.com/images/M/MV5BMjMxYWFlYmEtZThhOS00ZWZhLTkyOTEtMDVhYjJiZjA0ZjAxXkEyXkFqcGdeQXVyODY5Njk4Njc@._V1_SX300.jpg,"[{'Source': 'Internet Movie Database', 'Value': '7.1/10'}]",N/A,7.1,55,tt0079341,movie,N/A,N/A,N/A,N/A,True,CINE.pdf,
Amour,2012,PG-13,20 Sep 2012,127 min,Drama,Michael Haneke,Michael Haneke,"Jean-Louis Trintignant, Emmanuelle Riva, Isabelle Huppert","Georges and Anne are a couple of retired music teachers enjoying life in their eighties. However, Anne suddenly has a stroke at breakfast and their lives are never the same. That incident begins Anne's harrowingly steep physical and mental decline as Georges attempts to care for her at home as she wishes. Even as the fruits of their lives and career remain bright, the couple's hopes for some dignity prove a dispiriting struggle even as their daughter enters the conflict. In the end, George, with his love fighting against his own weariness and diminished future on top of Anne's, is driven to make some critical decisions for them both.","French, English","France, Germany, Austria",Won 1 Oscar. 84 wins & 111 nominations total,https://m.media-amazon.com/images/M/MV5BMTk1NTc3NDc4MF5BMl5BanBnXkFtZTcwNjYwNDk0OA@@._V1_SX300.jpg,"[{'Source': 'Internet Movie Database', 'Value': '7.9/10'}, {'Source': 'Rotten Tomatoes', 'Value': '93%'}, {'Source': 'Metacritic', 'Value': '95/100'}]",95,7.9,"110,140",tt1602620,movie,N/A,"$6,739,492",N/A,N/A,True,CINE.pdf,
Los infiltrados,2018–,N/A,15 Mar 2018,N/A,Sport,N/A,N/A,"Vador Lladó, Ares Teixidó, Alan Lillo, Oriol Dalmau",N/A,Spanish,Spain,N/A,https://m.media-amazon.com/images/M/MV5BNzg5ZmExZjEtZGQ5Yy00ZGUwLTlmMmYtYzBjNWM5YWY3MWY0XkEyXkFqcGdeQXVyNzEzMDUxODk@._V1_SX300.jpg,[],N/A,N/A,N/A,tt8159190,series,,,,,True,CINE.pdf,N/A
Underworld: Awakening,2012,R,20 Jan 2012,88 min,"Action, Fantasy, Thriller","Måns Mårlind, Björn Stein","Len Wiseman, John Hlavin, J. Michael Straczynski","Kate Beckinsale, Michael Ealy, India Eisley","Mankind discover the existence of the Vampire and Lycan species and begin a war to annihilate the races. When Selene meets with Michael, they're hit by a grenade. 12 years later, Selene awakens and meets the vampire, David. She learns she had been the subject of scientist Dr. Jacob Lane, and the Vampire and Lycan species have been practically eradicated from Earth. Now, Selene and David must protect a 12-year-old girl against the Lycans who intend to use her.","English, Russian","United States, Canada",1 win total,https://m.media-amazon.com/images/M/MV5BMjAxMjc0ODk0OF5BMl5BanBnXkFtZTcwMTc5NDQwNw@@._V1_SX300.jpg,"[{'Source': 'Internet Movie Database', 'Value': '6.3/10'}, {'Source': 'Rotten Tomatoes', 'Value': '25%'}, {'Source': 'Metacritic', 'Value': '39/100'}]",39,6.3,"166,979",tt1496025,movie,N/A,"$62,321,039",N/A,N/A,True,CINE.pdf,
Ikiru,1952,Not Rated,25 Mar 1956,143 min,Drama,Akira Kurosawa,"Akira Kurosawa, Shinobu Hashimoto, Hideo Oguni","Takashi Shimura, Nobuo Kaneko, Shin'ichi Himori","Kanji Watanabe is a civil servant. He has worked in the same department for 30 years. His life is pretty boring and monotonous, though he once used to have passion and drive. Then one day he discovers that he has stomach cancer and has less than a year to live. After the initial depression he sets about living for the first time in over 20 years. Then he realises that his limited time left is not just for living life to the full but to leave something meaningful behind...","Japanese, Latin, English, French",Japan,Nominated for 1 BAFTA Award6 wins & 2 nominations total,https://m.media-amazon.com/images/M/MV5BYWI2MzBhMzItYzQ3OS00N2Q4LTkyZDUtMjM1YTk0NjhkOWRiXkEyXkFqcGc@._V1_SX300.jpg,"[{'Source': 'Internet Movie Database', 'Value': '8.3/10'}, {'Source': 'Rotten Tomatoes', 'Value': '98%'}, {'Source': 'Metacritic', 'Value': '92/100'}]",92,8.3,"100,520",tt0044741,movie,N/A,"$60,239",N/A,N/A,True,CINE.pdf,
Los indolentes,1979,N/A,28 Jun 1979,107 min,Drama,José Estrada,"Hugo Argüelles, José Estrada, Rubén Torres","Miguel Ángel Ferriz, Rita Macedo, Isabela Corona","Los Indolentes depicts the story of a once rich family of land owners (hacendados) which after being affected by a land reform fall in a downward spiral of self denial, indolence and economical crisis.Saw it once long time ago on TV in Mexico. The film has such power that the images and behavioral psychology of the main characters persist in my memories even today. The images are mystical such as the ones from Pedro Paramo. The screenplay is sharp and deep in the way it depicts human behavior. Many people that I know present the biased rationality that the lead characters display on this film. The story can draw parallels with the whole psyche of the Mexican society; the believe of having a glorious past (real or imaginary), doomed by external forces, which in turn lead the people to apathy, inaction, low self-esteem, wishful thinking and ultimately to self-destruction. A great film to see, enjoy and study from.",Spanish,Mexico,3 wins & 2 nominations,https://m.media-amazon.com/images/M/MV5BMjAwZDBlNGItMmQ1MC00ZTczLTkwMGMtMGQxYmRjMzZiY2E4XkEyXkFqcGc@._V1_SX300.jpg,"[{'Source': 'Internet Movie Database', 'Value': '6.8/10'}]",N/A,6.8,87,tt0076193,movie,N/A,N/A,N/A,N/A,True,CINE.pdf,
Argentina,2015,N/A,28 May 2015,85 min,"Documentary, Music, Musical",Carlos Saura,Carlos Saura,"Pedro Aznar, Juan Falú, Marian Farías Gómez","Carlos Saura documentary that explores the Argentine folklore. We offers a tour on a world past, present and future of a genre that marked the youth-winning filmmaker. Saura's meeting with some of the best artists and groups from Argentina, allows us to look to a very particular vision of an art that has the age of the people who gave it birth.",Spanish,"Argentina, France, Spain",2 nominations,https://m.media-amazon.com/images/M/MV5BMTY5MDQ5ODQyMF5BMl5BanBnXkFtZTgwODgyODI2ODE@._V1_SX300.jpg,"[{'Source': 'Internet Movie Database', 'Value': '6.6/10'}, {'Source': 'Rotten Tomatoes', 'Value': '70%'}, {'Source': 'Metacritic', 'Value': '66/100'}]",66,6.6,205,tt4483460,movie,N/A,"$14,869",N/A,N/A,True,CINE.pdf,
Empire,2015–2020,TV-14,07 Jan 2015,42 min,"Drama, Music",N/A,"Lee Daniels, Danny Strong","Terrence Howard, Taraji P. Henson, Jussie Smollett","Lucious, the founder and CEO of a successful record label has been diagnosed with ALS. He must choose one of his three sons to take over the company when he dies. Meanwhile, his ex wife and co-founder, Cookie, has been released from prison and wants to reclaim her rightful place in the company.",English,United States,Nominated for 8 Primetime Emmys. 30 wins & 106 nominations total,https://m.media-amazon.com/images/M/MV5BNDQ4YTU4OWEtY2U0Mi00ZGQwLWIyYTMtZjQwMDkzYjUwOWNmXkEyXkFqcGc@._V1_SX300.jpg,"[{'Source': 'Internet Movie Database', 'Value': '7.4/10'}]",N/A,7.4,"42,537",tt3228904,series,,,,,True,CINE.pdf,6
Identidad,2017,N/A,09 Aug 2017,4 min,"Documentary, Short",Iván Jaripio,Iván Jaripio,Delibeth Pacheco,A description of how the culture of the native American community called Emberá is being altered and destroyed by actions of land invaders.,None,Panama,1 win,https://m.media-amazon.com/images/M/MV5BMzUxZTllMmMtZmE3Mi00YjFiLTgxN2EtNmM4NmM5NTlkYjBjXkEyXkFqcGdeQXVyMDM0NzcxMQ@@._V1_SX300.jpg,[],N/A,N/A,N/A,tt29538405,movie,N/A,N/A,N/A,N/A,True,CINE.pdf,
Los inadaptados,2011,N/A,28 Mar 2011,107 min,"Comedy, Drama","Javier Colinas, Marco Polo Constandse, Jorge Ramírez Suárez",Luis Arrieta,"Luis Arrieta, Luis Ernesto Franco, Paola Núñez",A lonely boy doesn't want to live anymore until he meets a girl who makes him feel like the star actor of his family.,Spanish,Mexico,1 win & 2 nominations,https://m.media-amazon.com/images/M/MV5BMTQ0ODE2NzEzNF5BMl5BanBnXkFtZTcwNTE3Nzk3NQ@@._V1_SX300.jpg,"[{'Source': 'Internet Movie Database', 'Value': '6.5/10'}]",N/A,6.5,181,tt1616108,movie,N/A,N/A,N/A,N/A,True,CINE.pdf,
Indestructible Man,1956,Approved,25 Mar 1956,72 min,"Crime, Horror, Sci-Fi",Jack Pollexfen,"Vy Russell, Sue Dwiggins","Lon Chaney Jr., Max Showalter, Marian Carr","""Butcher"" Benton goes to his death in the state prison, cursing the three men who double-crossed him following an armored-car hold-up; ""Squeamy"" Ellis, Joe Marcelli and Paul Lowe, his attorney and leader of the gang. He vows to return and kill them and dies without revealing the location of the stolen money. Detective Chasen is determined to keep working on the case until the stolen loot is recovered. Benton's body is taken to Professor Bradshaw and his assistant for experimentation, and they manage to restore him to life, making him practically indestructible in the process. He takes off after the three men, getting rid of everybody who stands in his way. He is impervious to police bullets. He kills Ellis and Marcelli, while Lowe seeks police protection. Benton takes to the sewers to recover the hidden loot and the police are powerless to stop him.",English,United States,N/A,https://m.media-amazon.com/images/M/MV5BZTM5NDExMWEtZGI3My00YjA5LTg1ZDItZGYyYTI4MTk3YTkxXkEyXkFqcGc@._V1_SX300.jpg,"[{'Source': 'Internet Movie Database', 'Value': '4.4/10'}]",N/A,4.4,"3,349",tt0049363,movie,N/A,N/A,N/A,N/A,True,CINE.pdf,
La inocencia interrumpida,2021,N/A,19 Nov 2021,N/A,Documentary,Jose Fernández Riveiro,Jose Fernández Riveiro,"Jose Fernández Riveiro, Cristina Puertas, Toni Rodriguez",N/A,Spanish,Spain,N/A,N/A,[],N/A,N/A,17,tt14928284,movie,N/A,N/A,N/A,N/A,True,CINE.pdf,
La celeste inquietud de las cosas,2022,N/A,10 Oct 2022,N/A,Biography,Víctor M. Guerra,Oswaldo Guerra Sánchez,"Rodríguez Selene, Saulo Trujillo",Documentary about the life and work of the canarian poet Tomas Morales.,Spanish,N/A,N/A,https://m.media-amazon.com/images/M/MV5BZGU4MDg0NzctYjkzMi00ZTY5LTg3YWEtZjAzNjg0NzhkMDM2XkEyXkFqcGdeQXVyNzc3NzkyNTk@._V1_SX300.jpg,[],N/A,N/A,N/A,tt23034834,movie,N/A,N/A,N/A,N/A,True,CINE.pdf,
Insomnia,2002,R,24 May 2002,118 min,"Drama, Mystery, Thriller",Christopher Nolan,"Hillary Seitz, Nikolaj Frobenius, Erik Skjoldbjærg","Al Pacino, Robin Williams, Hilary Swank","In Nightmute, Alaska, seventeen year old resident Kay Connell is found murdered. As a favor to the local Nightmute police chief, two Los Angeles Robbery Homicide police detectives, Will Dormer and Hap Eckhart, are called in to assist in the investigation. Although renowned in the police world, both Dormer and Eckhart are facing some professional issues back in Los Angeles. In Nightmute, Dormer has a major case of insomnia due to a combination of the incessant midnight sun and from a secret he is carrying. This insomnia is causing him to be delusional. Something he is not dreaming about is that the murderer has contacted him, informing him all about the murder and the fact that he knows everything that is going on with Dormer. They begin a symbiotic relationship in keeping secrets for each individual's benefit. But ambitious young local detective, Ellie Burr, might piece the story together on her own.",English,United States,1 win & 11 nominations total,https://m.media-amazon.com/images/M/MV5BOTE2NzQ0MzQtMDRmZi00ZWRiLWE4MDEtY2M1Mjc3OGY5N2JkXkEyXkFqcGc@._V1_SX300.jpg,"[{'Source': 'Internet Movie Database', 'Value': '7.2/10'}, {'Source': 'Rotten Tomatoes', 'Value': '92%'}, {'Source': 'Metacritic', 'Value': '78/100'}]",78,7.2,"340,021",tt0278504,movie,N/A,"$67,355,513",N/A,N/A,True,CINE.pdf,
Brokedown Palace,1999,PG-13,13 Aug 1999,100 min,"Drama, Mystery, Thriller",Jonathan Kaplan,"Adam Fields, David Arata","Claire Danes, Kate Beckinsale, Bill Pullman","Alice and Darlene, best friends, decide to take a trip to Thailand to celebrate high-school graduation. While there, they are befriended by charming Australian rogue Nick Parks. Nick convinces them to take a weekend side trip to Hong Kong, but at the airport, they are busted for smuggling drugs. They are convicted in a show trial and sentenced to 33 years; in desperation, they contact Yankee Hank, an American lawyer based in Thailand who has been reported to be helpful if you've got the cash.","English, Thai",United States,1 nomination,https://m.media-amazon.com/images/M/MV5BNDM1NmViY2QtMWZlZC00OTVkLTg0ZjEtMzQzOGNlMDM3OGMyXkEyXkFqcGc@._V1_SX300.jpg,"[{'Source': 'Internet Movie Database', 'Value': '6.4/10'}, {'Source': 'Rotten Tomatoes', 'Value': '31%'}, {'Source': 'Metacritic', 'Value': '44/100'}]",44,6.4,"24,354",tt0120620,movie,N/A,"$10,115,013",N/A,N/A,True,CINE.pdf,
Instinto,2019,N/A,01 Jan 2019,52S min,"Drama, Mystery",N/A,"Ramón Campos, Teresa Fernández-Valdés, Gema R. Neira","Mario Casas, Ingrid García Jonsson, Silvia Alonso","Marco (Mario Casas) is a young businessman who manages one of the most successful technological companies in the world, ALVA, which has just launched its latest prototype into the market - CYCLONE, an electric car propelled by turbines that turn wind into energy. His friend and classmate Diego works with him, along with the latter's wife, Bárbara, the efficient marketing manager of the company. Eva, a young, ambitious engineer who has a lot to hide, also joins the team, and she will disrupt the balance at work, both emotionally and professionally, between the two business partners. In spite of being a popular guy, Marco, unlike Diego, doesn't have an exciting social life. He is a solitary man, and no one has access to the intimacy of his soul, apart from his psychologist, SARA, on whom he is emotionally dependent. Marco is haunted by a huge number of ghosts from his past and, although he tries hard to scare them away, he only finds comfort in sport and in frequenting a private club. People go there just to get pleasure and give free reign to their wildest erotic fantasies, without fear of falling in love, as everyone has to wear a mask to hide their faces. But everything changes when Marco meets Carol, the new educational psychologist who looks after his brother José, an 18-year-old boy with problems of autism, with whom he has a difficult relationship. With her, he will also meet his worst enemy - himself. Thanks to her, he will discover that it is never too late to love, even if it brings some pain along with it.",Spanish,Spain,1 nomination total,https://m.media-amazon.com/images/M/MV5BYzU5MmMyOTgtYmMyYS00OTY2LWJiMGUtNTMzNGU3ZWEwZmQwXkEyXkFqcGc@._V1_SX300.jpg,"[{'Source': 'Internet Movie Database', 'Value': '6.1/10'}]",N/A,6.1,"1,270",tt8382834,series,,,,,True,CINE.pdf,1
Interiores,2022,N/A,21 Jan 2022,N/A,"Short, Drama",Matheus Bizarrias,Matheus Bizarrias,"Tatiana Henrique, Pedro Libânio, Dja Marthins","Jonathan is a 9-year-old boy who works as a street vendor on Leme's beach with Sandra, his foster grandmother. In a typical workday, he meets different realities while looking for customers who want to buy his sunglasses.",Portuguese,Brazil,N/A,https://m.media-amazon.com/images/M/MV5BY2YyNGRjYTgtYzZlYS00OTlhLWJhYjctNzA0NzYxMTY2ZTMxXkEyXkFqcGc@._V1_SX300.jpg,[],N/A,N/A,N/A,tt32113303,movie,N/A,N/A,N/A,N/A,True,CINE.pdf,
Invasores,2016,N/A,21 Jan 2016,82 min,Drama,"Marcelo Toledo, Paolo Gregori","Paolo Gregori, Marcelo Toledo","Rita Batata, Emanuela Fontes, Maxwell Nascimento","Claudia is 17 years old and lives in Perus, on the outskirts of São Paulo. A piano student in a musicalization course for underprivileged young people, she decides to study music at São Paulo University. Without an instrument to rehearse, she enlists the help of her boyfriend, a member of a group of taggers.",N/A,Brazil,N/A,https://m.media-amazon.com/images/M/MV5BYWYxOTRmYmItMDA2OC00ZTUwLTlmNDAtZGMwMDUyZTIzZWQwL2ltYWdlXkEyXkFqcGdeQXVyNDA1MjIxMA@@._V1_SX300.jpg,"[{'Source': 'Internet Movie Database', 'Value': '5.2/10'}]",N/A,5.2,10,tt5796726,movie,N/A,N/A,N/A,N/A,True,CINE.pdf,
Los inútiles,1961,N/A,N/A,11 min,"Documentary, Short",Juan Miguel Lamet,"Javier María Echenique (screenplay), Javier María Echenique (story)",Joaquín Vidriales,N/A,N/A,Spain,N/A,N/A,[],N/A,N/A,N/A,tt0133880,movie,N/A,N/A,N/A,N/A,True,CINE.pdf,
Invisible,2024,N/A,13 Dec 2024,N/A,Drama,N/A,N/A,"Eric Seijo, Liv Dobner, Diego Montejo","12-year-old Capi suffers a traumatic accident causing PTSD. While a psychologist tries to uncover the reasons, Capi reveals he has invisibility powers and nightmares of monsters. A new teacher aims to make the invisible visible to...",Spanish,Spain,1 win total,https://m.media-amazon.com/images/M/MV5BYzIzNGExOTctOWY2NS00ZjllLThiNDQtNDQ4MzMyNDQxMGM4XkEyXkFqcGc@._V1_SX300.jpg,"[{'Source': 'Internet Movie Database', 'Value': '7.1/10'}]",N/A,7.1,"1,039",tt26658061,series,,,,,True,CINE.pdf,1
Testigo involuntario. Nicolás Redondo,2012,N/A,21 Jun 2013,81 min,Biography,Iñaki Arteta,"Iñaki Arteta, Alfonso Galletero","Manuel Chaves, José María Fidalgo, Alfonso Guerra",N/A,Spanish,Spain,1 nomination,https://m.media-amazon.com/images/M/MV5BNWJmMWIxOTktMWI0MS00NjMyLTljYmYtMzQ5OTc0MDQ2NmFiXkEyXkFqcGc@._V1_SX300.jpg,[],N/A,N/A,N/A,tt2469908,movie,N/A,N/A,N/A,N/A,True,CINE.pdf,
Iron Man,2008,PG-13,02 May 2008,126 min,"Action, Adventure, Sci-Fi",Jon Favreau,"Mark Fergus, Hawk Ostby, Art Marcum","Robert Downey Jr., Gwyneth Paltrow, Terrence Howard","Tony Stark. Genius, billionaire, playboy, philanthropist. Son of legendary inventor and weapons contractor Howard Stark. When Tony Stark is assigned to give a weapons presentation to an Iraqi unit led by Lt. Col. James Rhodes, he's given a ride on enemy lines. That ride ends badly when Stark's Humvee that he's riding in is attacked by enemy combatants. He survives - barely - with a chest full of shrapnel and a car battery attached to his heart. In order to survive he comes up with a way to miniaturize the battery and figures out that the battery can power something else. Thus Iron Man is born. He uses the primitive device to escape from the cave in Iraq. Once back home, he then begins work on perfecting the Iron Man suit. But the man who was put in charge of Stark Industries has plans of his own to take over Tony's technology for other matters.","English, Persian, Urdu, Arabic, Kurdish, Hindi, Hungarian","United States, Canada",Nominated for 2 Oscars. 24 wins & 73 nominations total,https://m.media-amazon.com/images/M/MV5BMTczNTI2ODUwOF5BMl5BanBnXkFtZTcwMTU0NTIzMw@@._V1_SX300.jpg,"[{'Source': 'Internet Movie Database', 'Value': '7.9/10'}, {'Source': 'Rotten Tomatoes', 'Value': '94%'}, {'Source': 'Metacritic', 'Value': '79/100'}]",79,7.9,"1,213,667",tt0371746,movie,N/A,"$319,034,126",N/A,N/A,True,CINE.pdf,
"Isidoro, la película",2007,N/A,19 Jul 2007,80 min,Animation,José Luis Massa,"Daniel García Molt, Axel Nacher, Omar Quiroga","Gustavo Bonfigli, Dady Brieva, Mariano Chiesa",N/A,Spanish,Argentina,1 nomination,https://m.media-amazon.com/images/M/MV5BNmVmMzQ2OWUtYWZhZS00ZTFjLTg5MTMtNjU5YTRhNjI2NzE5XkEyXkFqcGdeQXVyNjYzMDA4MTI@._V1_SX300.jpg,"[{'Source': 'Internet Movie Database', 'Value': '3.9/10'}]",N/A,3.9,98,tt1038033,movie,N/A,N/A,N/A,N/A,True,CINE.pdf,
La isla de las mujeres,1953,N/A,16 Apr 1953,90 min,"Comedy, Fantasy",Rafael Baledón,"Janet Alcoriza, Luis Alcoriza, Ramón Obón","Germán Valdés, Lilia del Valle, Fernando Soto","From beginning to end, there's always a feeling that this motion picture is without a doubt 50 years old. Mainly because of it's candid plot -a man (Tin-Tán) that happens to arrive on an island ruled by women who is mistaken for a God by it's tribe and the chief of it, named Toronga (Marcelo)-, and for the way it goes developing the story. Tin-Tán falls in love with this one girl, try to create a rebellion by the oppressed men, and when the scam is unveiled (that he's not a deity), and after an auction where he is being sold to the bachelorettes, he convinces the women not to fight against the warriors from a rival island but to surrender the enemy with their charms. This leaves Tin-Tán with the woman he wants and also closes all in a happy ending that comes along full of choreographies and songs that now has become a trade mark on the comic-musical features of this kind of pictures made back then. But nevermind the aesthetics and aged taste because the main role belongs to Tin-Tán, one of our greatest comic actor of all times; his sole presence in black &amp; white movies make them worth watching, and even if this one may not be one of his best (on this category fall those made as a Pachuco and/or with Martínez Solares directing, and Tun-Tun, Rubinskis and Vitola as sidekicks), this Women's island is certainly a fun experience just because of him.",Spanish,Mexico,1 nomination,https://m.media-amazon.com/images/M/MV5BNzFjYmUxMGQtMDk2ZC00MWFmLTk0NTItNzZkM2M3MzA4ZTJmXkEyXkFqcGdeQXVyMTk4MDgwNA@@._V1_SX300.jpg,"[{'Source': 'Internet Movie Database', 'Value': '7.1/10'}]",N/A,7.1,39,tt0252551,movie,N/A,N/A,N/A,N/A,True,CINE.pdf,
J. Edgar,2011,R,11 Nov 2011,137 min,"Biography, Drama, Romance",Clint Eastwood,Dustin Lance Black,"Leonardo DiCaprio, Armie Hammer, Naomi Watts","Biopic of J. Edgar Hoover (Leonardo DiCaprio) told by Hoover as he recalls his career for a biography. Early in his career, Hoover fixated on Communists, anarchists, and any other revolutionary taking action against the U.S. government. He slowly builds the agency's reputation, becoming the sole arbiter of who gets hired and fired. One of his hires is Clyde Tolson (Armie Hammer), who is quickly promoted to Assistant Director and was Hoover's confidant and companion for the rest of Hoover's life. Hoover's memories have him playing a greater role in the many high profile cases in which the F.B.I. was involved, the Lindbergh baby kidnapping, the arrest of bank robbers like John Dillinger, and also show him to be quite adept at manipulating the various politicians with whom he worked over his career, thanks in large part to his secret files.",English,United States,5 wins & 17 nominations total,https://m.media-amazon.com/images/M/MV5BMTc0NDM4ODU2Nl5BMl5BanBnXkFtZTcwNzQ0NTg4Ng@@._V1_SX300.jpg,"[{'Source': 'Internet Movie Database', 'Value': '6.5/10'}, {'Source': 'Rotten Tomatoes', 'Value': '44%'}, {'Source': 'Metacritic', 'Value': '59/100'}]",59,6.5,"136,807",tt1616195,movie,N/A,"$37,306,030",N/A,N/A,True,CINE.pdf,
Los Intocables de Carles Cases,2023,N/A,01 Nov 2023,N/A,Documentary,Boero Lutz Matías,Boero Lutz Matías,N/A,N/A,Catalan,Spain,N/A,https://m.media-amazon.com/images/M/MV5BNjgwM2U0YmQtYWNlNC00YjNkLWE3ZDItZjJjNWM0NmJjMjVhXkEyXkFqcGdeQXVyOTQyOTc0NDA@._V1_SX300.jpg,[],N/A,N/A,N/A,tt16994540,movie,N/A,N/A,N/A,N/A,True,CINE.pdf,
Jackie Brown,1997,R,25 Dec 1997,154 min,"Crime, Drama, Thriller",Quentin Tarantino,"Quentin Tarantino, Elmore Leonard","Pam Grier, Samuel L. Jackson, Robert Forster","The middle-aged stewardess Jackie Brown smuggles money from Mexico to Los Angeles for the arms dealer Ordell Robbie. When she gets caught by the agents Ray Nicolet and Mark Dargus with ten thousand dollars and cocaine in her purse, they propose a deal to her to help them to arrest Ordell in exchange of her freedom. Meanwhile Ordell asks the 56-year-old Max Cherry, who runs a bail bond business, to release Jackie Brown with the intention of eliminating her. Jackie suspects of Ordell's intention and plots a complicated confidence game with Max to steal half a million dollars from Ordell.","English, Spanish",United States,Nominated for 1 Oscar. 9 wins & 24 nominations total,https://m.media-amazon.com/images/M/MV5BZmUxZjY3MDktNGI5NS00MTQ5LWE0YWItZWQzNmZhNjhkZDYyXkEyXkFqcGc@._V1_SX300.jpg,"[{'Source': 'Internet Movie Database', 'Value': '7.5/10'}, {'Source': 'Rotten Tomatoes', 'Value': '88%'}, {'Source': 'Metacritic', 'Value': '62/100'}]",62,7.5,"400,150",tt0119396,movie,N/A,"$39,673,162",N/A,N/A,True,CINE.pdf,
Atrapados en Japón,2015,N/A,16 Sep 2015,N/A,Documentary,Vivienne Barry,"Vivienne Barry, Renato Villegas",N/A,"In 1941, six journalists from the main newspapers in Chile were officially invited by the Japanese government to visit Japan and Manchuria. The tour was suspended when they were in Beijing due to the international political situat...",Spanish,Chile,1 nomination total,https://m.media-amazon.com/images/M/MV5BODgwZGQ1OGQtY2E1My00MzNhLWEzODAtMGE2N2VkZWFkYTI4XkEyXkFqcGc@._V1_SX300.jpg,"[{'Source': 'Internet Movie Database', 'Value': '6.9/10'}]",N/A,6.9,16,tt5126718,movie,N/A,N/A,N/A,N/A,True,CINE.pdf,
El jardín secreto,1984,N/A,05 Nov 1984,100 min,Drama,Carlos Suárez,"Carlos Suárez, Lola Salvador","Assumpta Serna, Xabier Elorriaga, Taida Urruzola","Lucia is a computer expert who relieves stress through secret nightly s&amp;m sessions, where she plays the sub. One day, a letter from her supposedly dead ex lover arrives, so she and her new partner investigate the matter.",Spanish,Spain,N/A,https://m.media-amazon.com/images/M/MV5BNmFhNjQ3MjQtNjBkYy00NTVlLTkzZTYtMGRiN2E2ZTY3OGMxXkEyXkFqcGc@._V1_SX300.jpg,"[{'Source': 'Internet Movie Database', 'Value': '5.2/10'}]",N/A,5.2,76,tt0087496,movie,N/A,N/A,N/A,N/A,True,CINE.pdf,
Jersey Boys,2014,R,20 Jun 2014,134 min,"Biography, Drama, Music",Clint Eastwood,"Marshall Brickman, Rick Elice","John Lloyd Young, Erich Bergen, Michael Lomenda","This movie is a musical biography of the Four Seasons, the rise, the tough times and personal clashes, and the ultimate triumph of a group of friends whose music became symbolic of a generation. Far from a mere tribute concert (though it does include numbers from the popular Four Seasons songbook), this movie gets to the heart of the relationships at the center of the group, with a special focus on frontman Frankie Valli (John Lloyd Young), the small kid with the big falsetto. In addition to following the quartet's coming-of-age as performers, the core of this movie is how an allegiance to a code of honor learned in the streets of their native New Jersey got them through a multitude of challenges: gambling debts, Mafia threats, and family disasters. This movie is a glimpse at the people behind a sound that has managed to endure for over four decades in the hearts of the public.","English, Italian, French",United States,4 wins & 2 nominations total,https://m.media-amazon.com/images/M/MV5BMjIyMjA2OTM0NF5BMl5BanBnXkFtZTgwMzY2MTI2MTE@._V1_SX300.jpg,"[{'Source': 'Internet Movie Database', 'Value': '6.8/10'}, {'Source': 'Rotten Tomatoes', 'Value': '51%'}, {'Source': 'Metacritic', 'Value': '54/100'}]",54,6.8,"38,345",tt1742044,movie,N/A,"$47,047,013",N/A,N/A,True,CINE.pdf,
La jaula de oro,1997,N/A,05 May 1997,N/A,"Drama, Romance, Thriller",N/A,N/A,"Edith González, Saúl Lisazo, René Casados","A fast paced story dealing with topics rarely addressed by the telenovela genre, such as toxic waste dumping, corruption and psychological trauma. Both protagonists do an incredible job portraying their respective characters, and have the support of an awesome cast. I watched this novela initially, when I was fourteen years old, and unlike many of the shows/ movies I re-watched as an adult, this production has stood the test of time. I would also add that unlike many other novelas, this particular one is fairly short (approx. 60 episodes) and thus the story is fresh and straightforward, without the unrealistic twists and turns often used in the genre as a way of prolonging the show. Highly recommended.",Spanish,Mexico,N/A,https://m.media-amazon.com/images/M/MV5BM2YzMDQ5ZWYtNDY3Yi00Y2VkLTk2ZGQtMTIzZTk4YjdjZDc1XkEyXkFqcGdeQXVyMzQxNzU3NA@@._V1_SX300.jpg,"[{'Source': 'Internet Movie Database', 'Value': '8.4/10'}]",N/A,8.4,38,tt0211815,series,,,,,True,CINE.pdf,1
Jezebel,1938,Approved,26 Mar 1938,104 min,"Drama, Romance",William Wyler,"Clements Ripley, Abem Finkel, John Huston","Bette Davis, Henry Fonda, George Brent","In 1850s Louisiana, a free-spirited Southern belle loses her fiancé due to her stubborn vanity and pride, and vows to win him back.","English, French",United States,Won 2 Oscars. 9 wins & 4 nominations total,https://m.media-amazon.com/images/M/MV5BZGUxZDFiNmUtM2I4Ni00Yjk5LWE3ZmUtZjQ5ZGUyY2JkMmY0XkEyXkFqcGc@._V1_SX300.jpg,"[{'Source': 'Internet Movie Database', 'Value': '7.4/10'}, {'Source': 'Rotten Tomatoes', 'Value': '96%'}, {'Source': 'Metacritic', 'Value': '82/100'}]",82,7.4,"15,819",tt0030287,movie,N/A,N/A,N/A,N/A,True,CINE.pdf,
El jinete de la divina providencia,1989,N/A,19 Sep 1991,104 min,"Adventure, Drama",Óscar Blancarte,"Óscar Blancarte, Óscar Liera, Sergio Molina","Bruno Rey, Martha Navarro, Claudio Obregón","When the Play was presented here in Culiacán it was an extraordinary event, many people were looking forward to seen it.As One of Óscar Liera masterpieces, El Jinéte de la Divína Providencia, was expected to be a great film, instead of that, it´s presented as a mediocre one. Part of the film was made in Culiacán and the other part was made in Cósala, because the film and the play present two different times, one in 1890 and the other one in the 80's, the transitions between times is confused, the acting is average (logically were used only theater actors), the play tried to expose Jesús Malverde as an Hero for the poor, in the movie that objective it´s lost.I would recommend to read the play first, and then see the movie, Liera has much to offer us in his work.",Spanish,Mexico,2 nominations total,https://m.media-amazon.com/images/M/MV5BYTcyN2QxM2YtN2I3My00NzM3LWE1MjYtZDVhOTc1YTdjMTYxXkEyXkFqcGc@._V1_SX300.jpg,"[{'Source': 'Internet Movie Database', 'Value': '6.3/10'}]",N/A,6.3,17,tt0198578,movie,N/A,N/A,N/A,N/A,True,CINE.pdf,
Robinson y Viernes en la isla encantada,1973,N/A,N/A,95 min,Adventure,René Cardona Jr.,"Mario A. Zacarías, René Cardona Jr., Daniel Defoe","Hugo Stiglitz, Ahui Camacho, Carlos Agostí",N/A,Spanish,Mexico,N/A,https://m.media-amazon.com/images/M/MV5BMjg2YTliM2UtNzJiMi00NjhjLWE2Y2QtM2E4Y2QyNzUzMWYyXkEyXkFqcGdeQXVyMTEwMDM0MjI@._V1_SX300.jpg,"[{'Source': 'Internet Movie Database', 'Value': '6.4/10'}]",N/A,6.4,42,tt1252576,movie,N/A,N/A,N/A,N/A,True,CINE.pdf,
"Jamón, Jamón",1992,R,04 Feb 1994,95 min,"Comedy, Drama, Romance",Bigas Luna,"Cuca Canals, Bigas Luna, Quim Monzó","Penélope Cruz, Stefania Sandrelli, Anna Galiena","Jose Luis is an executive at his parents underwear factory where his girlfriend Sylvia works on the shop floor. When Sylvia falls pregnant, Jose Luis promises her that he will marry her, most likely against the wishes of his parents. Jose Luis' mother is determined to break her son's engagement to a girl from a lower-class family, and hires Raul, a potential underwear model and would-be bullfighter to seduce Sylvia.",Spanish,Spain,6 wins & 12 nominations total,https://m.media-amazon.com/images/M/MV5BMmRhMTU2OWUtNjIwMS00ZjkwLWEyYmEtNTUyMzQwYzEwMDgyXkEyXkFqcGc@._V1_SX300.jpg,"[{'Source': 'Internet Movie Database', 'Value': '6.4/10'}, {'Source': 'Rotten Tomatoes', 'Value': '67%'}]",N/A,6.4,"16,397",tt0104545,movie,N/A,"$938,473",N/A,N/A,True,CINE.pdf,
The Hunchback of Notre Dame,1996,G,21 Jun 1996,91 min,"Animation, Drama, Family","Gary Trousdale, Kirk Wise","Tab Murphy, Irene Mecchi, Bob Tzudiker","Demi Moore, Jason Alexander, Mary Kay Bergman","In 15th-century Paris, Clopin the puppeteer tells the story of Quasimodo, the misshapen but gentle-souled bell ringer of Notre Dame, who was nearly killed as a baby by Claude Frollo, the Minister of Justice. But Frollo was forced by the Archdeacon of Notre Dame to raise Quasimodo as his own. Now a young man, Quasimodo is hidden from the world by Frollo in the belltower of the cathedral. But during the Festival of Fools, Quasimodo, cheered on by his gargoyle friends Victor, Hugo, and Laverne, decides to take part in the festivities, where he meets the lovely gypsy girl Esmeralda and the handsome soldier Phoebus. The three of them find themselves ranged against Frollo's cruelty and his attempts to destroy the home of the gypsies, the Court of Miracles. And Quasimodo must desperately defend both Esmeralda and the very cathedral of Notre Dame.","English, Latin",United States,Nominated for 1 Oscar. 8 wins & 26 nominations total,https://m.media-amazon.com/images/M/MV5BY2QzMGEzNGMtMDQyNC00YTlmLWEwYjMtOGI1NWYxMTM4NjA2XkEyXkFqcGc@._V1_SX300.jpg,"[{'Source': 'Internet Movie Database', 'Value': '7.0/10'}, {'Source': 'Rotten Tomatoes', 'Value': '80%'}, {'Source': 'Metacritic', 'Value': '74/100'}]",74,7.0,"183,121",tt0116583,movie,N/A,"$100,138,851",N/A,N/A,True,CINE.pdf,
El Idiota,2014,N/A,N/A,11 min,"Short, Drama",Eduardo Alvarez Dargam,Mario Arturo Hernández,"Eduardo Alvarez Dargam, Eva Arias, Margaux Da Silva","George trips and falls on every stepping stone on his pursuit for love. He asks himself if he should change his ways and become egocentric, dishonest and an opportunist, or should he stay being the exception to the rule. An idiot who trust in people and refuses to change in a society that values physical beauty above good deeds.",Spanish,Dominican Republic,N/A,https://m.media-amazon.com/images/M/MV5BNWY5OTU2ZjQtNjRiNy00NjgyLWI0MGQtMTQyNDk0NTk4YTAzXkEyXkFqcGdeQXVyNDI5NTYzMDg@._V1_SX300.jpg,[],N/A,N/A,9,tt4236924,movie,N/A,N/A,N/A,N/A,True,CINE.pdf,
Josie and the Pussycats,2001,PG-13,11 Apr 2001,98 min,"Comedy, Music","Harry Elfont, Deborah Kaplan","Deborah Kaplan, Harry Elfont, Richard Goldwater","Rachael Leigh Cook, Tara Reid, Rosario Dawson","For years, the record industries have inserted subliminal messages into music so that they can turn teenagers into brain dead zombies who do nothing but buy, buy, buy. And whenever the musician or band finds out the truth, the record company silences them to keep the truth from coming out. When the hot boy band DuJour discovers this, their manager, Wyatt Frame, under his evil, corrupt boss, Fiona, has the plane they are flying in crashed and him looking for a new band to use for their evil schemes. Enter Josie, the ditsy Melody, and the tough Valerie, from Josie and the Pussycats, a small band who wants to make it to the big time. When they are discovered by Wyatt, they give in and become big rock stars. But will they find out that they are just pawns for the record industry or will fame take them over?",English,"United States, Canada",5 nominations total,https://m.media-amazon.com/images/M/MV5BNjQxZDlmNjUtM2RjMS00MWYwLWJhNjYtNGJhNzg2YWVmMzQwXkEyXkFqcGc@._V1_SX300.jpg,"[{'Source': 'Internet Movie Database', 'Value': '5.7/10'}, {'Source': 'Rotten Tomatoes', 'Value': '54%'}, {'Source': 'Metacritic', 'Value': '47/100'}]",47,5.7,"26,253",tt0236348,movie,N/A,"$14,271,015",N/A,N/A,True,CINE.pdf,
The Guns of Juana Gallo,1961,Not Rated,N/A,91 min,"War, Drama",Miguel Zacarías,Miguel Zacarías,"María Félix, Jorge Mistral, Luis Aguilar",The true life's story of Juana Gallo. A woman who rose to become one of the leaders of the Mexican revolution.,Spanish,Mexico,1 nomination,https://m.media-amazon.com/images/M/MV5BMTUwMTIzMzAzOV5BMl5BanBnXkFtZTcwMDc4OTQ1MQ@@._V1_SX300.jpg,"[{'Source': 'Internet Movie Database', 'Value': '7.0/10'}]",N/A,7.0,108,tt0053968,movie,N/A,N/A,N/A,N/A,True,CINE.pdf,
Juana la Loca... de vez en cuando,1983,N/A,19 Sep 1983,87 min,"Comedy, Musical",José Ramón Larraz,Juan José Alonso Millán,"Lola Flores, Beatriz Elorrieta, Jaime Morey","The Catholic Monarchs care about Torquemada's obsession to prosecute everyone. Cisneros presents senile amnesia, Infanta Isabel has become republican, and Juana is in love. A comic and sui generis vision of the Court of the Catholic Monarchs.",Spanish,Spain,N/A,https://m.media-amazon.com/images/M/MV5BYzU0N2M0MDYtOGViNy00Yzc3LWEyNDAtZjY3YjNlMTg0MTQ2XkEyXkFqcGdeQXVyMzU0NzkwMDg@._V1_SX300.jpg,"[{'Source': 'Internet Movie Database', 'Value': '4.4/10'}]",N/A,4.4,105,tt0085765,movie,N/A,N/A,N/A,N/A,True,CINE.pdf,
José el Soñador,1983,N/A,18 Aug 1983,N/A,Musical,"Manuel Gurría, Julissa",N/A,"Mario Bezares, Roberto Blandón, Juan Cañedo",N/A,Spanish,Mexico,N/A,https://m.media-amazon.com/images/M/MV5BMzEzYTA1NGUtN2Y0Yy00ZTgzLWFkODctNzg5NzU3ODAxMjA1XkEyXkFqcGdeQXVyMTM0NzY0ODYw._V1_SX300.jpg,[],N/A,N/A,N/A,tt10850486,movie,N/A,N/A,N/A,N/A,True,CINE.pdf,
El Juego de la Muerte,2021,N/A,25 Sep 2021,11 min,"Short, Thriller",Antoine Pete,Antoine Pete,"Antonio Di Matteo, Mou, Laura Sáez",N/A,"Spanish, English",Spain,N/A,https://m.media-amazon.com/images/M/MV5BM2IwNmQ1MDUtNTJiMy00YzZkLWEzODYtMGFmZDhhMTg2Mjg5XkEyXkFqcGdeQXVyOTk2NzY2OTc@._V1_SX300.jpg,[],N/A,N/A,N/A,tt15521624,movie,N/A,N/A,N/A,N/A,True,CINE.pdf,
Juego de niños,2002,N/A,08 Aug 2002,5 min,"Short, Drama, Romance",Carlos Cuarón,Carlos Cuarón,"Sherlyn, Carola Vázquez, Jorge Zárate","Tere, punished by her father, must endure the tedious confinement of her room. In an unusual act of rebellion and anger, she discovers that love is not a child's play.",Spanish,Mexico,N/A,https://m.media-amazon.com/images/M/MV5BMzgyZDQ2Y2UtMTQwOS00YWQ5LWFlZmItMjcyOTEwODc0YjE2L2ltYWdlXkEyXkFqcGdeQXVyMDY4Mjc2MA@@._V1_SX300.jpg,"[{'Source': 'Internet Movie Database', 'Value': '5.8/10'}]",N/A,5.8,33,tt0304246,movie,N/A,N/A,N/A,N/A,True,CINE.pdf,
Juego Macabro,2023,N/A,16 Aug 2023,N/A,"Short, Comedy",Tomás Lomeña,Pascual Contreras,"Sufián Mohamed, Pascual Contreras",N/A,Spanish,Spain,N/A,https://m.media-amazon.com/images/M/MV5BZTc5M2VmNjItMWE3Yy00NmRhLTg3ODAtZTE4MWEzMWM1OWQyXkEyXkFqcGdeQXVyMTc4MzEzODkw._V1_SX300.jpg,[],N/A,N/A,N/A,tt31557641,movie,N/A,N/A,N/A,N/A,True,CINE.pdf,
La maldición de los idiotas,2003,N/A,N/A,18 min,Short,Manuel Faillace,"Sebastián Gómez, Horacio Quiroga","Nicolás Carrasco, Sebastián Gómez, Lucy Leiva",N/A,Spanish,Argentina,N/A,https://m.media-amazon.com/images/M/MV5BZWQxNmVhNTMtM2IwYS00ZjE5LTk5ZjgtYjYxMmEyODJiOTAzXkEyXkFqcGdeQXVyMTY2ODM3NA@@._V1_SX300.jpg,[],N/A,N/A,N/A,tt0414256,movie,N/A,N/A,N/A,N/A,True,CINE.pdf,
Juegos de Guerra: La Batalla Escondida,2013,N/A,14 Jan 2013,6 min,"Short, Comedy",Bruno Scopazzo,Eduardo Hunter,"Santiago Fondevila, Javier Mele, Ernesto Rowe","Soldiers are in a firefight, trying to take an enemy stronghold.",Spanish,Argentina,1 win & 1 nomination,https://m.media-amazon.com/images/M/MV5BMmRkZjgxMzQtMTJlNy00NTUwLTgwOTQtNjY4YzVkMGQwMDg2L2ltYWdlL2ltYWdlXkEyXkFqcGdeQXVyMjU5MDMxMzA@._V1_SX300.jpg,[],N/A,N/A,7,tt3375732,movie,N/A,N/A,N/A,N/A,True,CINE.pdf,
El juez de la soga,1973,N/A,19 Jul 1973,90 min,"Adventure, Drama, Thriller",Alberto Mariscal,"Keith Luger, Ramón Obón","Hugo Stiglitz, Milton Rodríguez, Narciso Busquets","In the Old West, a gunfighter punishes the wrongdoers making justice himself but his mother's words continue to fill his mind: ""Justice is divine"". Nonetheless, he goes on hanging the culprits, becoming quite famous. When a bunch of outlaws lead by a crooked landlord treats an innocent village and a beautiful girl, the time for the avenger's final mission is arrived.",Spanish,Mexico,N/A,https://m.media-amazon.com/images/M/MV5BZWJlOWJhMjgtYTE5OS00NjQxLWFlMGEtNTBlYTc4NzdmZjBlXkEyXkFqcGc@._V1_SX300.jpg,"[{'Source': 'Internet Movie Database', 'Value': '5.2/10'}]",N/A,5.2,45,tt0068783,movie,N/A,N/A,N/A,N/A,True,CINE.pdf,
Karate Kid,1967,N/A,06 May 1967,N/A,"Action, Sport",Abraham Cruz,Felipe Baron,"Tony Ferrer, Bernard Belleza, Vilma Valera",N/A,"Tagalog, Filipino",Philippines,N/A,N/A,"[{'Source': 'Internet Movie Database', 'Value': '6.4/10'}]",N/A,6.4,61,tt0426060,movie,N/A,N/A,N/A,N/A,True,CINE.pdf,
Karma,2025–,TV-MA,04 Apr 2025,N/A,"Crime, Drama, Thriller",N/A,N/A,"Park Hae-soo, Shin Min-a, Lee Kwang-soo","Bound by their harrowing destinies, a physician plagued by nightmares, a man shaken after his world was unexpectedly disrupted and a debtor drowning in private loans become caught in inescapable circumstances.",Korean,South Korea,4 nominations total,https://m.media-amazon.com/images/M/MV5BM2MxOWNmOTUtM2U1MS00MmViLTg5NjgtYmM5YmQxOWM0NjRiXkEyXkFqcGc@._V1_SX300.jpg,"[{'Source': 'Internet Movie Database', 'Value': '7.6/10'}]",N/A,7.6,"6,391",tt29921070,series,,,,,True,CINE.pdf,1
Pope,2017,N/A,30 Mar 2017,55 min,"Crime, Drama",Dwight White,Dwight White,"Kevin L. Walker, Noel Gugliemi, Neil Brown Jr.","Born and raised in the ghettos of Detroit, four young Detroit street kids look to provide a better life for what remains of their broken families, but they may have bitten off more than they can handle.",English,United States,N/A,https://m.media-amazon.com/images/M/MV5BYzllZGJjMWItOGQwZC00MjNjLWI0MjctODE3ZGUwZTBmMjVjXkEyXkFqcGdeQXVyMjQyOTkyNjI@._V1_SX300.jpg,"[{'Source': 'Internet Movie Database', 'Value': '9.5/10'}]",N/A,9.5,216,tt4746216,movie,N/A,N/A,N/A,N/A,True,CINE.pdf,
Kasbah,2000,Not Rated,22 Sep 2000,99 min,"Drama, Thriller",Mariano Barroso,"Mariano Barroso, Luis Marías, Joaquín Notario","Ernesto Alterio, Natalia Verbeke, José Sancho","After five years in Morocco, Mario is eager to return to Spain. The day before he's to leave, a fax tells him to meet the boss's teenage daughter. She and a red Jaguar arrive by ferry. Mario postpones his trip to get her situated, but the next day, at the Kasbah, she and her car disappear. The girl's father denies sending a fax, suspects she left Spain to join Mario, and thinks Mario killed her. Dad hires a murderous butcher to track Mario, who wants to find her for reasons not initially apparent. While Mario's search takes him south toward Mauritania, his path crosses that of Alix, a Spanish actress on holiday. Relationships between fathers and children explain a lot.",Spanish,"Spain, Argentina",N/A,https://m.media-amazon.com/images/M/MV5BODIwNWFjYzEtNWIxMC00MzExLWJlMDgtMzgwZDEzMGEwN2Q1XkEyXkFqcGc@._V1_SX300.jpg,"[{'Source': 'Internet Movie Database', 'Value': '5.8/10'}]",N/A,5.8,171,tt0162901,movie,N/A,N/A,N/A,N/A,True,CINE.pdf,
The Redemption: Kickboxer 5,1995,R,01 Aug 1995,87 min,"Action, Drama, Thriller",Kristine Peterson,Rick Filon,"Mark Dacascos, James Ryan, Geoff Meed, Tony Caprari","Kickbox champion Matt Reeves witnesses the murder of his friend Johnny. When he investigates on the circumstances it appears that a Mr. Neegal in South Africa has founded a new kickbox association and does not leave international champions much of a chance. Johnny had to pay with his life when he did not want to join. Neegal seems to kill everybody who is in his way. Matt is on his own now, but suddenly finds an unexpected ally.",English,USA,N/A,https://m.media-amazon.com/images/M/MV5BMTQzNDcwODk2MF5BMl5BanBnXkFtZTcwMTY2MjU1MQ@@._V1_SX300.jpg,"[{'Source': 'Internet Movie Database', 'Value': '4.0/10'}]",N/A,4.0,"1,425",tt0110256,movie,N/A,N/A,N/A,N/A,True,CINE.pdf,
Kids Return,1996,N/A,27 Jul 1996,107 min,"Crime, Drama, Sport",Takeshi Kitano,Takeshi Kitano,"Ken Kaneko, Masanobu Andô, Leo Morimoto","Two buddies visit the schoolyard of the high school they used to attend, and remember their young and dumb days. They used to be the bullies in the school, until they find their own ways of life; one as a boxer, and the other as a member of the yakuza.",Japanese,Japan,14 wins & 3 nominations total,https://m.media-amazon.com/images/M/MV5BMDlkZGQyNDQtMDJkMC00NTI2LWEwZjQtMmFkZGIyMTVjNTc4XkEyXkFqcGc@._V1_SX300.jpg,"[{'Source': 'Internet Movie Database', 'Value': '7.4/10'}, {'Source': 'Rotten Tomatoes', 'Value': '100%'}]",N/A,7.4,"7,162",tt0116767,movie,N/A,N/A,N/A,N/A,True,CINE.pdf,
King Kong,2005,PG-13,14 Dec 2005,187 min,"Action, Adventure, Romance",Peter Jackson,"Fran Walsh, Philippa Boyens, Peter Jackson","Naomi Watts, Jack Black, Adrien Brody","Carl Denham needs to finish his movie and has the perfect location; Skull Island. But he still needs to find a leading lady. This 'soon-to-be-unfortunate' soul is Ann Darrow. No one knows what they will encounter on this island and why it is so mysterious, but once they reach it, they will soon find out. Living on this hidden island is a giant gorilla and this beast now has Ann is its grasps. Carl and Ann's new love, Jack Driscoll must travel through the jungle looking for Kong and Ann, whilst avoiding all sorts of creatures and beasts. But Carl has another plan in mind.",English,"United States, New Zealand, Germany",Won 3 Oscars. 47 wins & 104 nominations total,https://m.media-amazon.com/images/M/MV5BMWY0NWE0ZjUtNjRlOS00ZDViLTgxNTQtMGMwN2FhNDY1YTg2XkEyXkFqcGc@._V1_SX300.jpg,"[{'Source': 'Internet Movie Database', 'Value': '7.2/10'}, {'Source': 'Rotten Tomatoes', 'Value': '84%'}, {'Source': 'Metacritic', 'Value': '81/100'}]",81,7.2,"465,049",tt0360717,movie,N/A,"$218,080,025",N/A,N/A,True,CINE.pdf,
Jumper,2008,PG-13,14 Feb 2008,88 min,"Action, Adventure, Sci-Fi",Doug Liman,"David S. Goyer, Jim Uhls, Simon Kinberg","Hayden Christensen, Samuel L. Jackson, Jamie Bell","David Rice is a high school student in Ann Arbor, abandoned by his mother at five, living with his callous, alcoholic father, enamored with Millie, a fellow student, and picked on by at least one classmate. On a winter's day, while about to drown, he discovers he can transport himself instantaneously to anyplace on earth. He runs away from home, goes to New York City, robs a bank vault, and comes to the attention of a shadowy group of government hunters. Eight years later, the hunters, led by the murderous Roland, get a fix on David. He heads home, searches out Millie, invites her to travel with him, and only later realizes that Roland and his crew are seriously deadly. Is everyone close to David in danger?","English, Italian, Japanese, Mandarin","Canada, United States",2 wins & 5 nominations total,https://m.media-amazon.com/images/M/MV5BMWQ3NjA3NTYtNDJiYi00ZTE0LWFmNzMtZjc0NTUxNjk2YTFkXkEyXkFqcGc@._V1_SX300.jpg,"[{'Source': 'Internet Movie Database', 'Value': '6.1/10'}, {'Source': 'Rotten Tomatoes', 'Value': '15%'}, {'Source': 'Metacritic', 'Value': '35/100'}]",35,6.1,"335,588",tt0489099,movie,N/A,"$80,172,128",N/A,N/A,True,CINE.pdf,
El juicio de los hijos,1971,N/A,25 Mar 1971,100 min,"Drama, Romance",Alfredo B. Crevenna,N/A,"Amparo Rivelles, Guillermo Murray, Blanca Sánchez",N/A,Spanish,Mexico,N/A,https://m.media-amazon.com/images/M/MV5BYTcyZTQzMzMtYTY2ZS00YjA0LTk2ZmUtZWU1NTQ5ZDZkOTgyXkEyXkFqcGdeQXVyMTk4MDgwNA@@._V1_SX300.jpg,"[{'Source': 'Internet Movie Database', 'Value': '6.2/10'}]",N/A,6.2,27,tt0065921,movie,N/A,N/A,N/A,N/A,True,CINE.pdf,
Kalifornia,1993,R,03 Sep 1993,117 min,"Crime, Drama, Thriller",Dominic Sena,"Stephen Levy, Tim Metcalfe","Brad Pitt, Juliette Lewis, Kathy Larson","Brian Kessler, a journalist researching serial killers, and his photographer girlfriend Carrie set out on a cross-country tour of the sites of the killings. Sharing the ride and their expenses are Early Grayce, a paroled white trash criminal, and his girlfriend Adele. As the trip progresses, Early begins to appear more and more unstable, and Brian and Carrie begin to fear that they may have a real-life killer in the back seat of their car.",English,United States,4 wins & 4 nominations total,https://m.media-amazon.com/images/M/MV5BZGIyNmJiYmUtN2EzYS00NTU5LTllZmItMDA1YmFjNjM2ZjNjXkEyXkFqcGc@._V1_SX300.jpg,"[{'Source': 'Internet Movie Database', 'Value': '6.7/10'}, {'Source': 'Rotten Tomatoes', 'Value': '59%'}, {'Source': 'Metacritic', 'Value': '49/100'}]",49,6.7,"60,970",tt0107302,movie,N/A,"$2,395,231",N/A,N/A,True,CINE.pdf,
El laberinto del fauno: Detras de las camaras,2006,N/A,01 Dec 2006,26 min,"Documentary, Short, Fantasy",N/A,Guillermo del Toro,"Álex Angulo, Ivana Baquero, Eugenio Caballero, Ariadna Gil","Extra contained in the DVD of the movie, Pan's Labyrinth.",Spanish,"Mexico, Spain",N/A,https://m.media-amazon.com/images/M/MV5BZTA5NzM2ODQtOGFiYS00YTEyLTkyZTMtZTgxZDE2MjJmNzc4XkEyXkFqcGdeQXVyNDQ5MDYzMTk@._V1_SX300.jpg,"[{'Source': 'Internet Movie Database', 'Value': '7.5/10'}]",N/A,7.5,86,tt7659908,movie,N/A,N/A,N/A,N/A,True,CINE.pdf,
Laberinto de Mentiras,2012,N/A,14 Jul 2012,84 min,Action,Francisco Pérez Nieto,Hugo del Valle,"Rafael Amador, Luis Felipe Montoya, Salvador Pineda",N/A,Spanish,Mexico,N/A,N/A,[],N/A,N/A,N/A,tt26421255,movie,N/A,N/A,N/A,N/A,True,CINE.pdf,
Lady in the Water,2006,PG-13,21 Jul 2006,110 min,"Drama, Fantasy, Mystery",M. Night Shyamalan,M. Night Shyamalan,"Paul Giamatti, Bryce Dallas Howard, Jeffrey Wright","The super Cleveland Heep finds a woman swimming in the swimming pool of the condominium during the night; he slips, hits his head on the floor and faints in the water, and she rescues him. He discloses that she is a ""Narf"" called Story, a character of bedtime stories, that is chased by a ""Scrunt"" and she needs to return to her Blue World with an eagle. Cleveland convinces the tenants to help and protect Story.",English,United States,10 wins & 11 nominations total,https://m.media-amazon.com/images/M/MV5BMjEyNTc0NTk5M15BMl5BanBnXkFtZTcwMDE5NzkyMw@@._V1_SX300.jpg,"[{'Source': 'Internet Movie Database', 'Value': '5.5/10'}, {'Source': 'Rotten Tomatoes', 'Value': '25%'}, {'Source': 'Metacritic', 'Value': '36/100'}]",36,5.5,"107,409",tt0452637,movie,N/A,"$42,285,169",N/A,N/A,True,CINE.pdf,
La langosta azul,1954,N/A,N/A,29 min,Short,"Álvaro Cepeda Samudio, Gabriel García Márquez, Enrique Grau Araújo","Álvaro Cepeda Samudio, Gabriel García Márquez, Enrique Grau Araújo","Nereo López, Ramón Jessurum, Cecilia Porras",Story about a secret agent who arrives in a Caribbean town to investigate the appearance of the blue lobster.,N/A,Colombia,N/A,https://m.media-amazon.com/images/M/MV5BMjA1YmFhYzQtZDA5My00ZjBhLTk0MWYtN2NiZTQxZjc0MTJiXkEyXkFqcGdeQXVyMDM0MzU2NA@@._V1_SX300.jpg,"[{'Source': 'Internet Movie Database', 'Value': '6.2/10'}]",N/A,6.2,87,tt0295386,movie,N/A,N/A,N/A,N/A,True,CINE.pdf,
Koma,2004,R,22 Apr 2004,88 min,"Crime, Drama, Mystery",Chi-Leung Law,"Susan Chan, Sin Ling Yeung","Karena Ka-Yan Lam, Angelica Lee, Andy Chi-On Hui","Jealousy, desire, trust, and revenge. A complicated love triangle emerges during an investigation into the theft of a woman's kidney. At a wedding party in a fancy hotel, a guest happens on the victim. The guest, Chi Ching, reports seeing a suspicious woman at the wedding, and at a police station, it's disclosed that the woman in question, Suen Ling, has slept with Ching's fiancé, Wei. He claims he loves only Ching, but Ling keeps showing up. Reassured by Wei, Ching tries to befriend Ling. Ling's back-story, Ching's health, and Wei's desires keep the love triangle spinning. It's not back-stabbing that Ching must worry about, but a 9-inch incision on her side.",Cantonese,Hong Kong,2 nominations,https://m.media-amazon.com/images/M/MV5BYTQzOGYxNWMtNTJiZi00ZmM0LWExMDQtM2QwMTc1N2M2ODUyXkEyXkFqcGc@._V1_SX300.jpg,"[{'Source': 'Internet Movie Database', 'Value': '5.9/10'}]",N/A,5.9,"1,893",tt0408970,movie,N/A,N/A,N/A,N/A,True,CINE.pdf,
Lantana,2001,R,08 Mar 2002,121 min,"Drama, Mystery, Romance",Ray Lawrence,Andrew Bovell,"Anthony LaPaglia, Geoffrey Rush, Rachael Blake","The intertwined stories of a loosely tied set of mostly emotionally damaged individuals in Sydney are told. Police detective Leon Zat and his wife Sonja Zat probably still love each other but have not stated to each other the problems that have invaded their marriage. Those problems not only affect their relationship, but also the way they parent their two teenage sons. Leon's single partner, Detective Claudia Weis, can probably most clearly see those problems, but is not equipped to be a good informal counselor to him in she considering the eye contact with another regular at the diner she frequents as being a somewhat committed relationship. A bundle of repressed emotions, Leon vents through mostly inappropriate acts of aggression, and having just embarked in an extramarital affair with Jane O'May, the recently separated woman in the same salsa dance class as him and Sonja. Jane initiated that separation from her husband, Pete O'May, in coming to the realization one day that she no longer loved him for whatever reason. Jane still craves human connection, she who may view her affair with Leon differently than him. The O'Mays' marital problems affect their next door neighbors, Nik and Paula D'Amato, who are friends with both and do not want to betray one in helping the other. Nik and Paula are outwardly happy despite their financial problems, with unemployed Nik looking after their three preschool age children while Paula works double shifts to put food on the table. Regardless, Nik still needs his respite away from that role as stay-at-home dad. Sonja's emotional outlet is being in therapy with Dr. Valerie Somers, something that she has not told Leon. Valerie is overcoming her own grief in her then eleven year old daughter, Eleanor Knox, having been found murdered eighteen months ago. While she wrote a just published book about Eleanor as a process to deal with her grief, Valerie's husband, law professor John Knox, quietly says he will do anything to support her. The murder has undoubtedly affected their marriage in a certain emotional and physical distance having formed between them. Among Valerie's clients is gay Patrick Phelan, who is dealing with the extramarital affair he is having with a man in a heterosexual marriage. Valerie's own problems with John affect the way she deals with Patrick, who can see her dislike of him but may not understand the full extent of the reason. These collective stories become even more intertwined when one within this collective goes missing, foul play suspected. What happens in the investigation is affected by the emotional issues each of the players is dealing with beyond the fact of that person being missing.","English, Spanish","Australia, Germany",36 wins & 22 nominations total,https://m.media-amazon.com/images/M/MV5BMGRmMjk5ZjgtNzEzMS00NTdkLWIzMzUtMmU3NzY3ZDhiODA4XkEyXkFqcGc@._V1_SX300.jpg,"[{'Source': 'Internet Movie Database', 'Value': '7.2/10'}, {'Source': 'Rotten Tomatoes', 'Value': '90%'}, {'Source': 'Metacritic', 'Value': '84/100'}]",84,7.2,"20,647",tt0259393,movie,N/A,"$4,623,189",N/A,N/A,True,CINE.pdf,
Historia de un crimen: Colmenares,2019,N/A,03 May 2019,N/A,Crime,N/A,"Pablo Gonzalez, C.S. Prince","Laura Osma, Camila Jurado, Fabiana Medina","After going to a Halloween party, college student Luis Andrés Colmenares is found dead. Was it an accident or murder? Inspired by true events.",Spanish,"Colombia, Mexico",N/A,https://m.media-amazon.com/images/M/MV5BMTYxOTc3Mzc0MF5BMl5BanBnXkFtZTgwODUzNjYwODM@._V1_SX300.jpg,"[{'Source': 'Internet Movie Database', 'Value': '7.2/10'}]",N/A,7.2,"1,110",tt10242266,series,,,,,True,CINE.pdf,1
Kramer vs. Kramer,1979,PG,19 Dec 1979,105 min,Drama,Robert Benton,"Avery Corman, Robert Benton, Jay Christian","Dustin Hoffman, Meryl Streep, Jane Alexander","Ted Kramer is a career man for whom his work comes before his family. His wife Joanna cannot take this anymore, so she decides to leave him. Ted is now faced with the tasks of housekeeping and taking care of himself and their young son Billy. When he has learned to adjust his life to these new responsibilities, Joanna resurfaces and wants Billy back. Ted, however, refuses to give him up, so they go to court to fight for the custody of their son.",English,United States,Won 5 Oscars. 41 wins & 26 nominations total,https://m.media-amazon.com/images/M/MV5BNTJmYjYwZDMtYmU5MS00OWM0LWIxZTctZTcxODJkOTU4ZDMxXkEyXkFqcGc@._V1_SX300.jpg,"[{'Source': 'Internet Movie Database', 'Value': '7.8/10'}, {'Source': 'Rotten Tomatoes', 'Value': '90%'}, {'Source': 'Metacritic', 'Value': '77/100'}]",77,7.8,"165,223",tt0079417,movie,N/A,"$106,260,000",N/A,N/A,True,CINE.pdf,
Kandahar,2023,R,26 May 2023,119 min,"Action, Drama, Thriller",Ric Roman Waugh,Mitchell LaFortune,"Tom Rhys Harries, Farhad Bagheri, Gerard Butler",A CIA operative and his translator flee from special forces in Afghanistan after exposing a covert mission.,"English, Persian, Arabic","United States, Saudi Arabia",N/A,https://m.media-amazon.com/images/M/MV5BOTQ5NTlkZTctODdmMi00Nzc1LWI0NTMtYmY0MDhjZTBkYjI2XkEyXkFqcGc@._V1_SX300.jpg,"[{'Source': 'Internet Movie Database', 'Value': '6.1/10'}, {'Source': 'Rotten Tomatoes', 'Value': '45%'}, {'Source': 'Metacritic', 'Value': '52/100'}]",52,6.1,"45,258",tt5761544,movie,N/A,"$4,813,132",N/A,N/A,True,CINE.pdf,
Les vécés étaient fermés de l'intérieur,1976,N/A,07 Jan 1976,74 min,"Comedy, Crime",Patrice Leconte,"Patrice Leconte, Marcel Gotlib","Coluche, Jean Rochefort, Roland Dubillard",Superintendent Pichard investigates the death of a toilet attendant.,French,France,N/A,https://m.media-amazon.com/images/M/MV5BMzQ0NWQ5Y2QtYmI2OS00NWE2LWFhYjEtODVlM2QyYjFlZTAxXkEyXkFqcGc@._V1_SX300.jpg,"[{'Source': 'Internet Movie Database', 'Value': '5.3/10'}]",N/A,5.3,539,tt0073875,movie,N/A,N/A,N/A,N/A,True,CINE.pdf,
Kagemusha: The Shadow Warrior,1980,PG,10 Oct 1980,162 min,"Drama, History, War",Akira Kurosawa,"Masato Ide, Akira Kurosawa","Tatsuya Nakadai, Tsutomu Yamazaki, Ken'ichi Hagiwara","When a powerful warlord in medieval Japan dies, a poor thief recruited to impersonate him finds difficulty living up to his role and clashes with the spirit of the warlord during turbulent times in the kingdom.",Japanese,"Japan, United States",Nominated for 2 Oscars. 20 wins & 5 nominations total,https://m.media-amazon.com/images/M/MV5BYmJlMTQwZmMtNGRhMy00MjgzLTliNDYtZTliYjIxY2I0NTA4XkEyXkFqcGc@._V1_SX300.jpg,"[{'Source': 'Internet Movie Database', 'Value': '7.9/10'}, {'Source': 'Rotten Tomatoes', 'Value': '89%'}, {'Source': 'Metacritic', 'Value': '84/100'}]",84,7.9,"40,409",tt0080979,movie,N/A,"$4,000,000",N/A,N/A,True,CINE.pdf,
Lautrec,1998,N/A,09 Sep 1998,125 min,"Biography, Comedy, Drama",Roger Planchon,Roger Planchon,"Régis Royer, Elsa Zylberstein, Anémone","Life, passion, love...all these were part of Toulouse-Lautrec's art. His artistic development among the masters of the postimpressionism.",French,"France, Spain",3 wins & 3 nominations,https://m.media-amazon.com/images/M/MV5BZThhNWMzOWItNzFmYi00NDFkLWE1OWQtNTE2YjhmZTExMjYyXkEyXkFqcGc@._V1_SX300.jpg,"[{'Source': 'Internet Movie Database', 'Value': '6.7/10'}]",N/A,6.7,712,tt0123952,movie,N/A,N/A,N/A,N/A,True,CINE.pdf,
Le garde du corps,2003,N/A,N/A,15 min,Short,Sandrine Dumas,Sandrine Dumas,"Morgane Montoriol, Martin Buisson, Sophie Borgeaud","Pierre, twelve years old, no longer understands anything about Alex, his fifteen-year-old sister. She keeps him secret, she changes. So he spies on her all the time. One night when his sister hides, he decides to follow her withou...",French,France,1 win,https://m.media-amazon.com/images/M/MV5BOWE3ODhjMjEtNWQ0Yi00MDUwLWE3MjEtMzliOTU3YWY3NWQyXkEyXkFqcGdeQXVyOTE3NDAzMDU@._V1_SX300.jpg,"[{'Source': 'Internet Movie Database', 'Value': '8.6/10'}]",N/A,8.6,9,tt0792967,movie,N/A,N/A,N/A,N/A,True,CINE.pdf,
Lejos del cielo,1950,N/A,N/A,N/A,N/A,Catrano Catrani,"Tulio Demicheli, Ulises Petit de Murat","Gregorio Cicarelli, Golde Flami, Santiago Gómez Cou",N/A,Spanish,Argentina,N/A,N/A,[],N/A,N/A,6,tt0183398,movie,N/A,N/A,N/A,N/A,True,CINE.pdf,
Rider,2021,N/A,24 Dec 2021,145 min,"Action, Drama",Vijay Kumar Konda,"Vijai Prakash, Nandyala Ravi","DjHardik01, Nikhil Gowda, Chikkanna","Rider is a romantic action entertainer movie directed by Vijay Kumar Konda. Produced by Sunil Gowda Chandru Manoharan. The movie casts Nikhil Kumar and Kashmira Pardeshi are in the lead roles along with Dattanna, Achyuth Kumar, Chikanna, Shivaraj KR Pete, Sampada Hulivana, Rajesh Nataranga, Shobaraj, Niharika, Anusha are seen in supporting role while Arjun Janya scored music for this movie.","Kannada, Telugu",India,1 nomination,https://m.media-amazon.com/images/M/MV5BN2Y3YjY4YmYtZDIyNi00NGVlLTlhYmMtYzAyNzVhMGZlYTQxXkEyXkFqcGc@._V1_SX300.jpg,"[{'Source': 'Internet Movie Database', 'Value': '5.7/10'}]",N/A,5.7,515,tt15340636,movie,N/A,N/A,N/A,N/A,True,CINE.pdf,
"Augustin, King of Kung-Fu",1999,N/A,25 Aug 1999,89 min,Comedy,Anne Fontaine,"Jacques Fieschi, Anne Fontaine, Gilles Taurand","Jean-Chrétien Sibertin-Blanc, Maggie Cheung, Darry Cowl","Augustin Dos Santos is back. He still wants to be an actor and, this time, he moves to the Chinese borough in Paris because he has decided to play in kung-fu movies. But poor Augustin has a morbid fear of physical contacts, so he meets Ling, a nice Chinese doctor. This is the second chapter of Augustin's epic life...",French,"France, Spain",N/A,https://m.media-amazon.com/images/M/MV5BZDYzNzU2MjUtYTMxNS00NGJlLTk0YjMtOTJmMjBmMTY4NDZlXkEyXkFqcGdeQXVyMzU0NzkwMDg@._V1_SX300.jpg,"[{'Source': 'Internet Movie Database', 'Value': '6.4/10'}]",N/A,6.4,448,tt0208694,movie,N/A,N/A,N/A,N/A,True,CINE.pdf,
Lea,1996,N/A,22 May 1997,100 min,"Drama, Romance",Ivan Fíla,"Ivan Fíla, Lubomír Feldek","Lenka Vlasáková, Christian Redl, Hanna Schygulla","51-year-old Herbert Strehlow, a furniture restorer, falls in love with 21-year-old Lea, who has not spoken a word since childhood when her father killed her mother. She bears a striking resemblance to Herbert's dead wife. They get married, but their relationship seems doomed, until gradually each one manages to penetrate the mysterious world of the other, and they begin to realize that they are bound by a kind of spiritual relationship. For Lea it is the death of her mother, for Herbert it is the death of his first wife. His hard exterior slowly beings to thaw, and he starts to show feelings and responses that soften Lea's initial hatred and fear of him, and which put their relationship in a more positive light.",Slovak,"Czech Republic, Germany, France",14 wins & 11 nominations,https://m.media-amazon.com/images/M/MV5BMTg4NTYwNTM5NV5BMl5BanBnXkFtZTcwMDc5NzUyMQ@@._V1_SX300.jpg,"[{'Source': 'Internet Movie Database', 'Value': '7.2/10'}]",N/A,7.2,497,tt0116844,movie,N/A,"$31,071",N/A,N/A,True,CINE.pdf,
Legally Blonde,2001,PG-13,13 Jul 2001,96 min,"Comedy, Romance",Robert Luketic,"Amanda Brown, Karen McCullah, Kirsten Smith","Reese Witherspoon, Luke Wilson, Selma Blair","Elle Woods (Reese Witherspoon) has it all. She's the President of her sorority, a Hawaiian Tropic girl, Miss June in her campus calendar, and, above all, a natural blonde. She dates the cutest fraternity boy on campus and wants nothing more than to be Mrs. Warner Huntington III. But, there's just one thing stopping Warner (Matthew Davis) from popping the question: Elle is too blonde. Growing up across the street from Aaron Spelling might mean something in Los Angeles, California, but nothing to Warner's East-Coast blue blood family. So, when Warner packs up for Harvard Law and reunites with an old sweetheart from prep school, Elle rallies all her resources and gets into Harvard, determined to win him back. But law school is a far cry from the comforts of her poolside and the mall. Elle must wage the battle of her life, for her guy, for herself and for all the blondes who suffer endless indignities everyday.","English, Vietnamese",United States,6 wins & 14 nominations total,https://m.media-amazon.com/images/M/MV5BNTEyNjUwMTkxMV5BMl5BanBnXkFtZTcwNjk0NDk0NA@@._V1_SX300.jpg,"[{'Source': 'Internet Movie Database', 'Value': '6.5/10'}, {'Source': 'Rotten Tomatoes', 'Value': '72%'}, {'Source': 'Metacritic', 'Value': '59/100'}]",59,6.5,"277,674",tt0250494,movie,N/A,"$96,520,674",N/A,N/A,True,CINE.pdf,
"Lucky Luke, la fabrique du western européen",2016,N/A,01 Dec 2016,52 min,Documentary,Guillaume Podrovnik,Guillaume Podrovnik,"Achdé, Pierre Aubanel, Stéphane Beaujean","Created by Morris in 1946, Lucky Luke has established himself as one of the flag-bearers of Franco-Belgian comic books: 80 albums translated in 30 languages, film adaptations, television, series and by-products.","French, Flemish",France,N/A,N/A,"[{'Source': 'Internet Movie Database', 'Value': '6.2/10'}]",N/A,6.2,9,tt6087014,movie,N/A,N/A,N/A,N/A,True,CINE.pdf,
Liam,2000,R,05 Oct 2001,90 min,Drama,Stephen Frears,Jimmy McGovern,"Anthony Borrows, Ian Hart, Claire Hackett","A morality tale of xenophobia, religious prejudice, mob violence, poverty, and their effect on two children in Liverpool during the Depression. When a shipyard closes, Liam and Teresa's dad loses his job. Liam, who's about 8, making his first Holy Communion, gets a regular dose of fire and brimstone at church. Teresa, about 13, has a job as a maid to the Jewish family that owns the closed shipyard. The lady of that house is having an affair, and Teresa becomes an accomplice. Liam stutters terribly, especially when troubled. Dad comes under the sway of the Fascists, who blame cheap Irish labor and Jewish owners. A Molotov cocktail brings things to a head.","English, Latin","United Kingdom, Germany, France, Italy",2 wins & 4 nominations total,https://m.media-amazon.com/images/M/MV5BYzhhMmZlMGQtMjJlMy00OTJhLWJiOTQtZGZjMjA4ZWE0ZmQ5XkEyXkFqcGc@._V1_SX300.jpg,"[{'Source': 'Internet Movie Database', 'Value': '6.9/10'}, {'Source': 'Rotten Tomatoes', 'Value': '70%'}, {'Source': 'Metacritic', 'Value': '74/100'}]",74,6.9,"2,721",tt0255321,movie,N/A,"$1,016,021",N/A,N/A,True,CINE.pdf,
El libro de piedra,2009,N/A,17 Apr 2009,84 min,"Horror, Mystery",Julio Cesar Estrada,"Julio Cesar Estrada, Gustavo Moheno, Enrique Renteria","Ludwika Paleta, Plutarco Haza, Evangelina Sosa","Julieta is a young child psychologist hired by millionaire Eugenio Ruvalcaba, to work with his only daughter, Sylvia, who has severe emotional problems, while staying in their isolated island mansion. Once there, she finds out there's much more to Sylvia's imaginary friend than what everybody knows... and the results can be horrifying...",Spanish,Mexico,N/A,https://m.media-amazon.com/images/M/MV5BMTZhMmQ3NjQtYWY4Ni00M2EyLTliZmQtZTBiMzgxODQwZDkyXkEyXkFqcGdeQXVyMTExODQ3Nzk2._V1_SX300.jpg,"[{'Source': 'Internet Movie Database', 'Value': '4.0/10'}]",N/A,4.0,164,tt0353665,movie,N/A,N/A,N/A,N/A,True,CINE.pdf,
La Leyenda Del Diamante,2017,N/A,N/A,87 min,"Adventure, Fantasy, Horror",Roberto Girault,Roberto Girault,"Ana Layevska, Alex Sirvent, Paulina Goto","Before watching ""La Leyenda Del Diamante"", I had seen a few other examples of modern day Mexican cinema, and what I saw didn't impress me, to put it mildly. This particular modern day Mexican movie does nothing to break the trend. In fact, it's one of the worst movies I have seen from *any* country for a long, long time. Where does it go wrong? Everywhere! The movie is technically shoddy, for one thing, with bad cinematography (especially in night scenes) that looks like it was photographed by a cell phone camera. The production values are virtually non-existent, with what seems to have been made with what farmland and old ruins the filmmakers could get their hands on, as well as what unconvincing costumes they could rent for a few pesos. The screenplay is a mess, taking a long time to (sort of) explain who is who and what is going on, and unfolding at an agonizingly slow pace. As for action, there is hardly any of it, and what little there is is executed in a feeble manner that has no impact or excitement. Believe it or not, this movie makes all those Mexican masked wrestler movies from the 1960s look lavish and exciting in comparison.",Spanish,Mexico,N/A,https://m.media-amazon.com/images/M/MV5BN2I5MTY1OTctNjAwYi00ODU3LWIyM2QtYmYyNWNkYjg1Y2JmXkEyXkFqcGdeQXVyMjc1NTkyNDk@._V1_SX300.jpg,"[{'Source': 'Internet Movie Database', 'Value': '3.3/10'}]",N/A,3.3,56,tt6487242,movie,N/A,N/A,N/A,N/A,True,CINE.pdf,
Limbo,1999,R,04 Jun 1999,126 min,"Adventure, Drama, Thriller",John Sayles,John Sayles,"David Strathairn, Mary Elizabeth Mastrantonio, Vanessa Martinez","Limbo tells the story of people trying to reinvent themselves in the Southeastern islands of Alaska. The story revolves around Joe Gastineau, a fisherman traumatised by an accident at sea years before, singer Donna de Angelo and her disaffected daughter Noelle who come into Joe's life. When Joe's fast-talking half-brother Bobby returns to town and asks Joe for a favor, the lives of the characters are changed forever.",English,United States,2 wins & 5 nominations total,https://m.media-amazon.com/images/M/MV5BN2JmODgyMTktOGE5ZS00MzY4LThhZDYtYzYzNmUyNzIzNDlkXkEyXkFqcGc@._V1_SX300.jpg,"[{'Source': 'Internet Movie Database', 'Value': '7.0/10'}, {'Source': 'Rotten Tomatoes', 'Value': '72%'}, {'Source': 'Metacritic', 'Value': '68/100'}]",68,7.0,"6,522",tt0164085,movie,N/A,"$2,160,710",Green/Renzi,N/A,True,CINE.pdf,
Llámenme Mike,1979,N/A,07 Mar 1979,105 min,"Action, Comedy, Crime","Alfredo Gurrola, Francisco Guerrero","Reyes Bercini, Jorge Patiño","Sasha Montenegro, Alejandro Parodi, Víctor Alcocer",Miguel is a corrupt cop. After a drug bust word goes around someone in Miguel squad kept the seized drugs. Miguel must take the heat and gets sent to jail where he gets severely beaten up.,Spanish,Mexico,3 wins & 4 nominations,https://m.media-amazon.com/images/M/MV5BNDg1NTlhZDgtOTM3ZC00N2I2LWIxMTAtYmRjZDk3NjNmOGM0XkEyXkFqcGdeQXVyMzU0NzkwMDg@._V1_SX300.jpg,"[{'Source': 'Internet Movie Database', 'Value': '7.3/10'}]",N/A,7.3,111,tt0079480,movie,11 Nov 2003,N/A,N/A,N/A,True,CINE.pdf,
Lluvia roja,1950,TV-14,26 Jan 1950,97 min,"Adventure, Drama, History",René Cardona,"Jesus Goytortua, Mauricio Magdaleno","Jorge Negrete, Elsa Aguirre, Rodolfo Landa","El coronel Montero mata a un hombre, lo cual desencadena una serie de eventos, muertes y represalias en el México de 1923. El pueblo quiere venganza, y Montero hará lo posible por proteger a su querida Elisa, quien lo ama a pesar de sus crimenes.",Spanish,Mexico,N/A,https://m.media-amazon.com/images/M/MV5BOWQ4MmM3NzktNGM5OS00NmZiLTk1MTUtMjlhODQzZGJlMjZmXkEyXkFqcGc@._V1_SX300.jpg,"[{'Source': 'Internet Movie Database', 'Value': '6.6/10'}]",N/A,6.6,40,tt0251187,movie,N/A,N/A,N/A,N/A,True,CINE.pdf,
Locas de Atar,2009–2014,N/A,01 Oct 2009,N/A,Comedy,N/A,N/A,N/A,N/A,Spanish,Puerto Rico,N/A,N/A,[],N/A,N/A,N/A,tt4577016,series,,,,,True,CINE.pdf,N/A
Lolita,1962,Approved,21 Jun 1962,153 min,"Crime, Drama, Romance",Stanley Kubrick,"Vladimir Nabokov, James B. Harris, Stanley Kubrick","James Mason, Shelley Winters, Sue Lyon","Humbert Humbert forces a confrontation with a man, whose name he has just recently learned, in this man's home. The events that led to this standoff began four years earlier. Middle aged Humbert, a European, arrives in the United States where he has secured at job at Beardsley College in Beardsley, Ohio as a Professor of French Literature. Before he begins his post in the fall, he decides to spend the summer in the resort town of Ramsdale, New Hampshire. He is given the name of Charlotte Haze as someone who is renting a room in her home for the summer. He finds that Charlotte, widowed now for seven years, is a woman who puts on airs. Among the demonstration of those airs is throwing around the name of Clare Quilty, a television and stage script writer, who came to speak at her women's club meeting and who she implies is now a friend. Those airs also mask being lonely, especially as she is a sexually aggressive and liberated woman. Humbert considers Charlotte a proverbial ""joke"" but decides to rent the room upon meeting Charlotte's provocative daughter, Dolores Haze - more frequently referred to as Lolita - who he first spots in a bikini tanning in the back yard. He is immediately infatuated with Lolita, with who he becomes obsessed in a sexual manner despite her age, she being just into her teens. He will also learn that Charlotte has the exact same feelings for him. While Charlotte does whatever she can to be alone with Humbert, Humbert does the same with Lolita. As the summer progresses, Humbert, based on the circumstances, decides to enter into a relationship with Charlotte just to be near Lolita. In that new arrangement, Humbert has to figure out how to achieve his goal of being with Lolita with Charlotte out of the way. As things begin to go Humbert's way, he is unaware that Charlotte is not the only thing standing in his way between him and Lolita, that other thing being Lolita's possible interest in other boys, and other members of the male sex, young or old, who may have their own designs on Lolita.","English, French, Spanish, German","United Kingdom, United States",Nominated for 1 Oscar. 2 wins & 10 nominations total,https://m.media-amazon.com/images/M/MV5BNmY2ZTEwZTAtOThkZS00MzkxLTk3MDUtOTJiMTgzOGI1MzdjXkEyXkFqcGc@._V1_SX300.jpg,"[{'Source': 'Internet Movie Database', 'Value': '7.5/10'}, {'Source': 'Rotten Tomatoes', 'Value': '89%'}, {'Source': 'Metacritic', 'Value': '79/100'}]",79,7.5,"114,737",tt0056193,movie,N/A,N/A,N/A,N/A,True,CINE.pdf,
London Boulevard,2010,R,26 Nov 2010,103 min,"Crime, Drama",William Monahan,"William Monahan, Ken Bruen","Colin Farrell, Keira Knightley, Ray Winstone","Fresh out of prison, Mitchel wants nothing to do with crime but accepts a kip from Billy, a marginal grafter, and accompanies Billy on rent collection trips. He's also old school, wanting revenge on two youths for assaulting a mendicant he's befriended. He's got a strung-out sister to protect, and he's offered a job protecting a famous actress from paparazzi. The plot lines join when Michael finds himself attracted to the actress and Billy's Mob boss, Gant, finds ways to force Michael work for him. He also warns Michael off revenge against the assailants of his friend. What are Michael's options: is there any way to avoid Gant, protect his sister, and find a path to love?",English,"United States, United Kingdom",1 nomination total,https://m.media-amazon.com/images/M/MV5BMjA1OTk2NTI4NF5BMl5BanBnXkFtZTcwOTA5NTE5Ng@@._V1_SX300.jpg,"[{'Source': 'Internet Movie Database', 'Value': '6.2/10'}, {'Source': 'Rotten Tomatoes', 'Value': '39%'}, {'Source': 'Metacritic', 'Value': '52/100'}]",52,6.2,"51,661",tt1213648,movie,N/A,"$16,075",N/A,N/A,True,CINE.pdf,
Lourdes,2009,Not Rated,17 Feb 2010,96 min,Drama,Jessica Hausner,Jessica Hausner,"Sylvie Testud, Léa Seydoux, Bruno Todeschini","In order to escape her isolation, wheelchair-bound Christine makes a life changing journey to Lourdes, the iconic site of pilgrimage in the Pyrenees Mountains.",French,"Austria, France, Germany",12 wins & 7 nominations,https://m.media-amazon.com/images/M/MV5BZjQyZWRkYTUtYzUzYy00M2E4LWFmNzAtOGY2N2VlYTdlMWU4XkEyXkFqcGc@._V1_SX300.jpg,"[{'Source': 'Internet Movie Database', 'Value': '6.9/10'}, {'Source': 'Rotten Tomatoes', 'Value': '100%'}, {'Source': 'Metacritic', 'Value': '71/100'}]",71,6.9,"3,809",tt1405809,movie,30 Mar 2022,N/A,N/A,N/A,True,CINE.pdf,
Love the Coopers,2015,PG-13,13 Nov 2015,107 min,"Comedy, Fantasy, Romance",Jessie Nelson,Steven Rogers,"Steve Martin, Diane Keaton, John Goodman","When four generations of the Cooper clan come together for their annual Christmas Eve celebration, a series of unexpected visitors and unlikely events turn the night upside down, leading them all toward a surprising rediscovery of family bonds and the spirit of the holiday.",English,United States,2 nominations total,https://m.media-amazon.com/images/M/MV5BMjE4NTkyODk4NF5BMl5BanBnXkFtZTgwNjY0NzkxNzE@._V1_SX300.jpg,"[{'Source': 'Internet Movie Database', 'Value': '5.8/10'}, {'Source': 'Rotten Tomatoes', 'Value': '19%'}, {'Source': 'Metacritic', 'Value': '31/100'}]",31,5.8,"28,112",tt2279339,movie,N/A,"$26,302,731",N/A,N/A,True,CINE.pdf,
Lost Killers,2000,N/A,03 May 2001,98 min,"Comedy, Drama",Dito Tsintsadze,Dito Tsintsadze,"Nicole Seelig, Misel Maticevic, Lasha Bakradze","In contemporary Mannheim, Branko and Merab, two hapless hitmen, are assigned to kill a businessman for unknown reasons. Although the unsuspecting businessman offers them plenty of opportunities to kill him, the two men are prevented from carrying out their mission by the most absurd coincidences, even after taking on a new helper by the name of Carlos.",German,Germany,5 wins & 3 nominations,https://m.media-amazon.com/images/M/MV5BN2RiZmIyZTMtZTNhNS00M2Y1LWJlMDgtYTc0YTNkNDllMGE4XkEyXkFqcGdeQXVyNTAyODk3Mzk@._V1_SX300.jpg,"[{'Source': 'Internet Movie Database', 'Value': '6.5/10'}]",N/A,6.5,177,tt0248157,movie,N/A,N/A,N/A,N/A,True,CINE.pdf,
Luces de la noche,1998,N/A,29 May 1998,90 min,"Drama, Romance",Sergio Muñoz,Xavier Robles,"Héctor Bonilla, Helena Rojo, Demián Bichir","Eduardo, an aged judge, is being retired. With all his time now available he reads old papers and letters. He then finds the photograph of the singer Tina, his love of younger years. He decides to search for her and then discovers her fate, that of her husband and child.",Spanish,Mexico,10 nominations,https://m.media-amazon.com/images/M/MV5BMTk1NDUxMDMzNV5BMl5BanBnXkFtZTcwMjc3NTQyMQ@@._V1_SX300.jpg,"[{'Source': 'Internet Movie Database', 'Value': '4.3/10'}]",N/A,4.3,15,tt0110404,movie,N/A,N/A,N/A,N/A,True,CINE.pdf,
Lucía,2007,N/A,N/A,4 min,"Animation, Short","Niles Atallah, Joaquín Cociña, Cristóbal León",N/A,Paula Florencia Navarrete,Lucía remembers the summer when she fell in love with Luis and her fear of the dark.,Spanish,Chile,N/A,https://m.media-amazon.com/images/M/MV5BZDE2YThkZmYtZjg2Ny00ZTIyLWFjOTUtZTM3YWViNDIwMTA5XkEyXkFqcGc@._V1_SX300.jpg,[],N/A,N/A,98,tt2950564,movie,N/A,N/A,N/A,N/A,True,CINE.pdf,
DVD Extra-Making of Lucia y El Sexo,2001,N/A,28 Aug 2001,N/A,Short,N/A,Julio Medem,"Javier Cámara, Daniel Freire, Tristán Ulloa",N/A,Spanish,Spain,N/A,N/A,[],N/A,N/A,N/A,tt16492788,movie,N/A,N/A,N/A,N/A,True,CINE.pdf,
El Luchador,2017,N/A,25 Nov 2017,13 min,"Short, Drama",Polaris Castillo,"Polaris Castillo, Timmar Jones","Belén Oyola-Rebaza, Xavier Charcas, Mikey Gordon",A professional wrestler goes into seclusion after his undefeated streak comes to an end.,Spanish,United States,N/A,https://m.media-amazon.com/images/M/MV5BYTBlNTVkZDQtYzJmMy00MzExLWFhNGMtMjZlZWIzNmMzMTk3XkEyXkFqcGdeQXVyNDYwNzM5ODY@._V1_SX300.jpg,[],N/A,N/A,5,tt6903252,movie,N/A,N/A,N/A,N/A,True,CINE.pdf,
Lutero en España: La reforma invisible,2017,N/A,N/A,N/A,N/A,Pepa Ramos,Pepa Ramos,N/A,N/A,Spanish,Spain,N/A,N/A,[],N/A,N/A,N/A,tt7549162,movie,N/A,N/A,N/A,N/A,True,CINE.pdf,
Luz en reposo,2002,N/A,N/A,10 min,"Drama, Short, Thriller",Roberto Bolado,Roberto Bolado,"Idalmis Del Risco, Erika de la Llave, Jose Stefani",N/A,Spanish,Mexico,N/A,N/A,[],N/A,N/A,N/A,tt0438906,movie,N/A,N/A,N/A,N/A,True,CINE.pdf,
M. Butterfly,1993,R,01 Oct 1993,101 min,"Drama, Romance",David Cronenberg,David Henry Hwang,"Jeremy Irons, John Lone, Barbara Sukowa","During the Cultural Revolution in China in the mid-1960s, a French diplomat falls in love with a singer in the Beijing Opera. Interwoven with allusions to the Puccini opera ""Madama Butterfly"", a story of love and betrayal unfolds.","English, Chinese, French, Italian","United States, Canada",1 win & 1 nomination total,https://m.media-amazon.com/images/M/MV5BNWIyN2Q4NWMtNzFiMS00NDRiLTk2Y2QtNzg1MGFiOGQ1NDgzXkEyXkFqcGc@._V1_SX300.jpg,"[{'Source': 'Internet Movie Database', 'Value': '6.7/10'}, {'Source': 'Metacritic', 'Value': '43/100'}]",43,6.7,"11,476",tt0107468,movie,N/A,"$1,498,795",N/A,N/A,True,CINE.pdf,
Macario,1960,N/A,09 Jun 1960,91 min,"Drama, Fantasy, Mystery",Roberto Gavaldón,"B. Traven, Emilio Carballido, Roberto Gavaldón","Ignacio López Tarso, Pina Pellicer, Enrique Lucero","Poor, hungry peasant Macario longs for just one good meal on the Day of the Dead. After his wife cooks a turkey for him, he meets three apparitions, the Devil, God, and Death. Each asks him to share his turkey, but he refuses all except Death. In return, Death gives him a bottle of water which will heal any illness. Soon, Macario is more wealthy than the village doctor, which draws the attention of the feared Inquisition.",Spanish,Mexico,Nominated for 1 Oscar. 3 wins & 2 nominations total,https://m.media-amazon.com/images/M/MV5BNTVmOWJkNWYtYWJkYy00MDQ3LTlhY2UtMWIyYzcwNDVmYjA3XkEyXkFqcGc@._V1_SX300.jpg,"[{'Source': 'Internet Movie Database', 'Value': '8.3/10'}, {'Source': 'Rotten Tomatoes', 'Value': '100%'}]",N/A,8.3,"4,542",tt0054042,movie,N/A,N/A,N/A,N/A,True,CINE.pdf,
Lo que el viento se llevó,1980,N/A,N/A,N/A,"Documentary, Short",Santiago Álvarez,N/A,N/A,N/A,Spanish,Cuba,N/A,N/A,"[{'Source': 'Internet Movie Database', 'Value': '8.3/10'}]",N/A,8.3,9,tt0151373,movie,N/A,N/A,N/A,N/A,True,CINE.pdf,
Lo imposible,2013,N/A,30 Jan 2013,N/A,"Short, Comedy",Jesús Martínez Nota,Jesús Martínez Nota,"Antonio Albujer, Cristina Jiménez, Jimmy Jiménez",N/A,Spanish,Spain,N/A,https://m.media-amazon.com/images/M/MV5BYTVhY2FmZDktZGYxOC00MTNmLThmN2UtNWQ5ZGYwNzRhNTQ5XkEyXkFqcGc@._V1_SX300.jpg,"[{'Source': 'Internet Movie Database', 'Value': '7.7/10'}]",N/A,7.7,17,tt2674848,movie,N/A,N/A,N/A,N/A,True,CINE.pdf,
Madeinusa,2006,Not Rated,09 Nov 2006,100 min,Drama,Claudia Llosa,Claudia Llosa,"Magaly Solier, Carlos J. de la Torre, Yiliana Chong","Madeinusa is a 14-year-old girl with a sweet Indian face. She lives in an isolated village in Peru's Cordillera Blanca Mountain range, a strange place characterized by its religious fervor. From Good Friday at three o'clock in the afternoon (the time of day when Christ died on the cross) to Easter Sunday, everyone in the village can do whatever they want. During the two holy days sin does not exist: God is dead and can't see what is happening. Everything is accepted and allowed, without remorse. Year after year, Madeinusa, her sister Chale, and their father Don Cayo, the Mayor and local big shot, maintain this tradition without questioning it. However, everything changes with the arrival in the village of Salvador, a young geologist from Lima who will unknowingly change the girl's destiny.","Spanish, Quechua","Peru, Spain",11 wins & 5 nominations,https://m.media-amazon.com/images/M/MV5BMTczNjAxNzIwMF5BMl5BanBnXkFtZTcwMTcxOTI0MQ@@._V1_SX300.jpg,"[{'Source': 'Internet Movie Database', 'Value': '6.8/10'}, {'Source': 'Rotten Tomatoes', 'Value': '83%'}]",N/A,6.8,"1,783",tt0476298,movie,N/A,N/A,N/A,N/A,True,CINE.pdf,
La madrecita,1974,N/A,17 Oct 1974,83 min,"Comedy, Drama",Fernando Cortés,Fernando Galiana,"María Elena Velasco, Pancho Córdova, Martha Roth",N/A,Spanish,Mexico,N/A,https://m.media-amazon.com/images/M/MV5BNDliNGM4OGYtYTllNy00NjY1LWFkNjMtMjM5OGVjNmEyNTc1XkEyXkFqcGc@._V1_SX300.jpg,"[{'Source': 'Internet Movie Database', 'Value': '7.1/10'}]",N/A,7.1,46,tt0274640,movie,N/A,N/A,N/A,N/A,True,CINE.pdf,
Magnolia,1999,R,07 Jan 2000,188 min,Drama,Paul Thomas Anderson,Paul Thomas Anderson,"Tom Cruise, Jason Robards, Julianne Moore","24 hours in L.A.; it's raining cats and dogs. Two parallel and intercut stories dramatize men about to die: both are estranged from a grown child, both want to make contact, and neither child wants anything to do with dad. Earl Partridge's son is a charismatic misogynist; Jimmy Gator's daughter is a cokehead and waif. A mild and caring nurse intercedes for Earl, reaching the son; a prayerful and upright beat cop meets the daughter, is attracted to her, and leads her toward a new calm. Meanwhile, guilt consumes Earl's young wife, while two whiz kids, one grown and a loser and the other young and pressured, face their situations. The weather, too, is quirky.","English, German, French",United States,Nominated for 3 Oscars. 28 wins & 59 nominations total,https://m.media-amazon.com/images/M/MV5BOWY0Zjk1YTMtMGFlYi00OTFmLWEyOTAtNmRkYjE0ZDJiZWMwXkEyXkFqcGc@._V1_SX300.jpg,"[{'Source': 'Internet Movie Database', 'Value': '8.0/10'}, {'Source': 'Rotten Tomatoes', 'Value': '82%'}, {'Source': 'Metacritic', 'Value': '78/100'}]",78,8.0,"341,915",tt0175880,movie,N/A,"$22,455,976",N/A,N/A,True,CINE.pdf,
La noche de los magníficos,1996,N/A,19 Apr 1996,N/A,Music,N/A,"Javier Acisclo, Javier Acisclo","Andrés Aberasturi, María Abradelo, Pablo Abraira, Cristina Almeida",N/A,N/A,N/A,N/A,N/A,[],N/A,N/A,N/A,tt1059948,movie,N/A,N/A,N/A,N/A,True,CINE.pdf,
Steins;Gate: The Movie - Load Region of Déjà Vu,2013,TV-14,20 Apr 2013,90 min,"Animation, Mystery, Sci-Fi","Kanji Wakabayashi, Hiroshi Hamasaki, Takuya Satô","Chiyomaru Shikura, Jukki Hanada","Mamoru Miyano, Asami Imai, Kana Hanazawa","The film starts a year after the events of the anime series. After moving through different 'World Lines', Rintarou finally has reached the ideal one, the Steins Gate world line. However, the constant time traveling he has gone through in search of Steins Gate build some side effects to him, which will eventually cause him to...",Japanese,Japan,1 nomination total,https://m.media-amazon.com/images/M/MV5BYzczNzdhYWItNmJhZi00NmMxLTk4ZWQtMzdhYjZmYzk3NWUyXkEyXkFqcGc@._V1_SX300.jpg,"[{'Source': 'Internet Movie Database', 'Value': '7.8/10'}]",N/A,7.8,"10,631",tt2967286,movie,N/A,N/A,N/A,N/A,True,CINE.pdf,
Malos hábitos,2005,N/A,11 May 2005,21 min,"Short, Thriller",Jesús Perujo,Ismael D. Sacaluga,"Pedro Pozo, Sara Bernal, Jesús Soto","Inspired on the DC/Vertigo comic book Hellblazer: Dangerous habits by Garth Ennis and William Simpson, Malos hábitos tells the story of supernatural detective Julio Constanza, who is diagnosed with terminal cancer. From that moment on, he will try to save his life and avoid an ordinary death.",Spanish,Spain,N/A,N/A,[],N/A,N/A,N/A,tt0491561,movie,N/A,N/A,N/A,N/A,True,CINE.pdf,
Manderlay,2005,Not Rated,03 Jun 2005,139 min,Drama,Lars von Trier,Lars von Trier,"Bryce Dallas Howard, Isaach De Bankolé, Danny Glover","After gangster Mulligan's (Willem Dafoe's) cars colony, fleeing northern justice, finds a hiding place in Alabama, spoiled, naive daughter Grace (Bryce Dallas Howard) refuses to travel on after seeing the Manderlay cotton plantation being run under slavery rules, called Mam's (Lauren Bacall's) law, including flogging. She keeps half of dad's goons as guard to force the dying matriarch-owner's heirs, which she shamelessly dispossesses and reduces to ""staff"", to taste destitution under absurd, gun-imposed contracts. The ""slaves"" are made free partners, supposed to vote for progress after lessons from Grace. But almost all of her democracy-pupils prove to be fickle, dumb, and selfish, except old Wilhelm (Danny Glover). Her and their ignorance in Southern planting and crafty Dixie ways means more problems are created then solved. By the time dad returns to pick her up or abandon her for good, she's the one who has learned and changed the most.",English,"Denmark, Sweden, Netherlands, France, Germany, United Kingdom, Italy, United States",1 win & 16 nominations,https://m.media-amazon.com/images/M/MV5BZTM0NGQ3MTQtZDFhMy00NmFjLWFjN2QtNzljOWYyM2QzN2M4XkEyXkFqcGc@._V1_SX300.jpg,"[{'Source': 'Internet Movie Database', 'Value': '7.2/10'}, {'Source': 'Rotten Tomatoes', 'Value': '50%'}, {'Source': 'Metacritic', 'Value': '46/100'}]",46,7.2,"25,547",tt0342735,movie,N/A,"$78,378",N/A,N/A,True,CINE.pdf,
La Malvada,1978–,N/A,N/A,N/A,"Drama, Romance",N/A,N/A,"María Grazia Bianchi, Elio Rubens, Juan Iturbide, Samuel Roldán",N/A,Spanish,Venezuela,N/A,N/A,[],N/A,N/A,N/A,tt11426098,series,,,,,True,CINE.pdf,1
Mañana será otro día,1967,N/A,17 Nov 1967,101 min,"Comedy, Drama",Jaime Camino,"Román Gubern, Marta J. Frías, Jaime Camino","Sonia Bruno, Juan Luis Galiardo, Alberto Berco","With the intention of making a career in the world of spectacle, Paco and Lisa flee to Barcelona in a stolen car. After seeking unsuccessful work, the two young people will immerse themselves in delinquency.","Spanish, French",Spain,N/A,https://m.media-amazon.com/images/M/MV5BNmZlM2M5YmYtOTU1Yy00Njc3LTlmMWYtYWJlMDVlNzQzZDhiXkEyXkFqcGdeQXVyMjExMDIwNzA@._V1_SX300.jpg,"[{'Source': 'Internet Movie Database', 'Value': '4.8/10'}]",N/A,4.8,46,tt0060685,movie,N/A,N/A,N/A,N/A,True,CINE.pdf,
El manto sagrado,2003,N/A,N/A,20 min,Short,Ramón Herrera,Ramón Herrera,N/A,N/A,Spanish,Argentina,N/A,N/A,[],N/A,N/A,N/A,tt0435183,movie,N/A,N/A,N/A,N/A,True,CINE.pdf,
Mar abierto,1946,N/A,21 Jul 1949,85 min,Drama,Ramón Torrado,"Adolfo Torrado, Ramón Torrado, H.S. Valdés","Maruchi Fresno, José María Lado, Jorge Mistral","Through a long flashback, the old Carmiña tells a painter her life in a small Galician village and how a miracle performed by the Virgin Mary saved the life of her beloved Antonio.","Spanish, Galician",Spain,N/A,https://m.media-amazon.com/images/M/MV5BN2I3NGE2Y2UtM2Y3OC00YTJiLWFhNGMtZmNmYmNkOGI2MmU2XkEyXkFqcGdeQXVyMTk4MDgwNA@@._V1_SX300.jpg,"[{'Source': 'Internet Movie Database', 'Value': '6.2/10'}]",N/A,6.2,10,tt0038726,movie,N/A,N/A,N/A,N/A,True,CINE.pdf,
Mago... El misterio de la vida,2008,N/A,09 Apr 2008,30 min,Short,Ángel Estrada Soto,Ángel Estrada Soto (screenplay),Magos Gándara,N/A,Spanish,Mexico,N/A,N/A,[],N/A,N/A,N/A,tt1220681,movie,N/A,N/A,N/A,N/A,True,CINE.pdf,
Mar adentro,2004,N/A,01 Oct 2004,19 min,"Drama, Romance, Short",Mariana Chenillo,Mariana Chenillo,"Kevin Amper, Fernando Becerril, Verónica Langer",Ramón Sampedro is a Spanish ship mechanic and part-time poet who is left a quadriplegic after a diving accident. This film tells the true story of Sampedro's 30-year battle for the legal right to end his own life.,Spanish,Mexico,N/A,N/A,"[{'Source': 'Internet Movie Database', 'Value': '7.5/10'}]",N/A,7.5,46,tt0427498,movie,N/A,N/A,N/A,N/A,True,CINE.pdf,
La La Land,2016,PG-13,25 Dec 2016,128 min,"Comedy, Drama, Music",Damien Chazelle,Damien Chazelle,"Ryan Gosling, Emma Stone, Rosemarie DeWitt","Aspiring actress serves lattes to movie stars in between auditions and jazz musician Sebastian scrapes by playing cocktail-party gigs in dingy bars. But as success mounts, they are faced with decisions that fray the fragile fabric of their love affair, and the dreams they worked so hard to maintain in each other threaten to rip them apart.","English, Cantonese","United States, Hong Kong",Won 6 Oscars. 242 wins & 307 nominations total,https://m.media-amazon.com/images/M/MV5BMzUzNDM2NzM2MV5BMl5BanBnXkFtZTgwNTM3NTg4OTE@._V1_SX300.jpg,"[{'Source': 'Internet Movie Database', 'Value': '8.0/10'}, {'Source': 'Rotten Tomatoes', 'Value': '91%'}, {'Source': 'Metacritic', 'Value': '94/100'}]",94,8.0,"751,618",tt3783958,movie,N/A,"$151,101,803",N/A,N/A,True,CINE.pdf,
"Marcelino, pan y vino",2001–2011,N/A,15 Oct 2000,26 min,"Animation, Family",N/A,N/A,"Graciela Molina, Julia Gallego, Yasmina Córcoles","This is the magical story of a new-born baby abandoned on the doorstep of a Franciscan monastery, who grows up to become a cheerful and mischievous boy called Marcelino Pan y Vino. Marcelino, who is able to talk with animals, lives very closed to the animals, the trees and plants. He delights in discovering new things, and often asks unusual questions. The friars educate and love the boy.",French,"Japan, Spain, France, Italy, Mexico",N/A,https://m.media-amazon.com/images/M/MV5BNjNiMDM5YmMtZDQwMy00YWQ5LWIxYmQtN2JlNDkzNDljNTY4XkEyXkFqcGdeQXVyMTYzMjc0Nzc3._V1_SX300.jpg,"[{'Source': 'Internet Movie Database', 'Value': '6.8/10'}]",N/A,6.8,187,tt0305062,series,,,,,True,CINE.pdf,1
Mamma Roma,1962,Not Rated,18 Jan 1965,110 min,Drama,Pier Paolo Pasolini,Pier Paolo Pasolini,"Anna Magnani, Ettore Garofolo, Franco Citti","With a fervent yearning for respectability and enough money to buy herself a brand-new life in Rome, the uninhibited, fearless, determined former streetwalker Mamma Roma renounces her ignominious past to reunite with her loafing 16-year-old son Ettore. Free at last from her disgusting pimp and ex-lover Carmine, Roma is bent on making an honest living running a humble vegetable stall, but a malicious extortion scheme and the equally insidious menace of exposure threaten to put an end to her zealous aspirations for a decent bourgeois existence. For his own sake, Ettore must be spared the violence of the adult world; nevertheless, can a lone single mother protect her only son from the same snares that wounded her youth?",Italian,Italy,2 wins & 1 nomination,https://m.media-amazon.com/images/M/MV5BZTJkZmVkNmItNDVjYS00ZTkyLTlhNWEtYWRhZjQxNTE0YmY3XkEyXkFqcGc@._V1_SX300.jpg,"[{'Source': 'Internet Movie Database', 'Value': '7.8/10'}, {'Source': 'Rotten Tomatoes', 'Value': '95%'}]",N/A,7.8,"10,709",tt0056215,movie,N/A,N/A,N/A,N/A,True,CINE.pdf,
Maria Candelaria,1944,Approved,11 Sep 1944,76 min,"Romance, Drama",Emilio Fernández,"Emilio Fernández, Mauricio Magdaleno","Dolores Del Río, Pedro Armendáriz, Alberto Galán","In Xochimilco 1909, María Candelaria and Lorenzo Rafael long for getting married but the odds are against them. Maria Candelaria is segregated for being a prostitute's child and the couple faces the greed of Mr. Damian, the town's shop owner who secretly desires Maria. When Maria falls sick with Malaria, Lorenzo Rafael steals a quinine bottle from Damian's shop, unleashing tragedy for the lovers.",Spanish,Mexico,3 wins,https://m.media-amazon.com/images/M/MV5BZGU0YjNlMzgtNTZiMC00ZGEwLTk5ZGMtODFmZDIzMGExNzM5XkEyXkFqcGc@._V1_SX300.jpg,"[{'Source': 'Internet Movie Database', 'Value': '7.3/10'}, {'Source': 'Rotten Tomatoes', 'Value': '92%'}]",N/A,7.3,"1,255",tt0037054,movie,N/A,N/A,N/A,N/A,True,CINE.pdf,
Manhattan,1979,R,25 Apr 1979,96 min,"Comedy, Drama, Romance",Woody Allen,"Woody Allen, Marshall Brickman","Woody Allen, Diane Keaton, Mariel Hemingway","Forty-two year old Isaac Davis has a romanticized view of his hometown, New York City, most specifically Manhattan, as channeled through the lead character in the first book he is writing, despite his own Manhattan-based life being more of a tragicomedy. He has just quit his job as a hack writer for a bad television comedy, he, beyond the ten second rush of endorphins during the actual act of quitting, now regretting the decision, especially as he isn't sure he can live off his book writing career. He is paying two alimonies, his second ex-wife, Jill Davis, a lesbian, who is writing her own tell-all book of their acrimonious split. The one somewhat positive aspect of his life is that he is dating a young woman named Tracy, although she is only seventeen and still in high school. Largely because of their differences a big part of which is due to their ages, he does not see a long term future with her. His life has the potential to be even more tragicomical when he meets journalist Mary Wilkie, the mistress of his best friend, college professor Yale Pollack. Although Isaac's first impression of Mary is that she is a pretentious intellectual, he falls for her. They do become friends with the potential of becoming more than just friends as she knows that being the ""other woman"" in Yale's life is not a long term role that she wants. An Isaac/Mary coupling may complicate matters even more with Yale being mutually in their lives. Regardless, Isaac may be able to rationalize events after they happen, no matter what those events are.",English,United States,Nominated for 2 Oscars. 16 wins & 24 nominations total,https://m.media-amazon.com/images/M/MV5BMzhjMjEyOWItMWU2Ni00ZTE5LWFhODEtZGU1MTQyZjU4ODkzXkEyXkFqcGc@._V1_SX300.jpg,"[{'Source': 'Internet Movie Database', 'Value': '7.8/10'}, {'Source': 'Rotten Tomatoes', 'Value': '93%'}, {'Source': 'Metacritic', 'Value': '83/100'}]",83,7.8,"153,547",tt0079522,movie,N/A,"$39,946,780",N/A,N/A,True,CINE.pdf,
Manos Libres,2021,N/A,24 Sep 2021,N/A,"Short, Thriller","Pablo Fuentes Fernández, Kike Maíllo",Pablo Fuentes Fernández,"Hiba Abouk, Joel Borras, Lluïsa Castell",N/A,Spanish,Spain,N/A,https://m.media-amazon.com/images/M/MV5BZGQzNzIyMWEtMWVlMS00N2NhLTkwZDctMzBkMWI1MzFkMjc2XkEyXkFqcGdeQXVyMTA2ODI3MjU0._V1_SX300.jpg,"[{'Source': 'Internet Movie Database', 'Value': '2.3/10'}]",N/A,2.3,125,tt15521318,movie,N/A,N/A,N/A,N/A,True,CINE.pdf,
La mariposa,1986,N/A,N/A,7 min,"Drama, Short",Jorge Medina,N/A,"Martha Papadimitriou, Daniel Giménez Cacho",N/A,Spanish,Mexico,N/A,N/A,[],N/A,N/A,N/A,tt0356865,movie,N/A,N/A,N/A,N/A,True,CINE.pdf,
Más allá de la vida,2010–,N/A,10 Aug 2010,N/A,Mystery,N/A,N/A,"Chiquito de la Calzada, Anne Germain, Jordi González, Ana Obregón",N/A,Spanish,Spain,N/A,N/A,"[{'Source': 'Internet Movie Database', 'Value': '2.9/10'}]",N/A,2.9,7,tt1790291,series,,,,,True,CINE.pdf,N/A
Más corazón que odio,1990,N/A,N/A,95 min,Action,Damián Acosta Esparza,N/A,"Armando Araiza, Jorge Luke, Alejandro Ruiz",N/A,Spanish,Mexico,N/A,https://m.media-amazon.com/images/M/MV5BZDI2MDlkMTItOWJhYy00MDYwLWE3MzQtMWRhOTFmYzhkYTMyXkEyXkFqcGdeQXVyMTk1MjA1NjU@._V1_SX300.jpg,[],N/A,N/A,N/A,tt0402384,movie,N/A,N/A,N/A,N/A,True,CINE.pdf,
Por la Máscara: La Serie Web,2018–,N/A,14 Oct 2018,N/A,"Action, Comedy, Drama",N/A,N/A,"Daniel Martínez, Álex Perea, Alberich",N/A,Spanish,Mexico,N/A,https://m.media-amazon.com/images/M/MV5BY2UxZGI5YzktOTZiNS00Yjc5LTlkN2EtMWRiYTg0YWM1YzdlXkEyXkFqcGdeQXVyNjM0NDc4MDk@._V1_SX300.jpg,[],N/A,N/A,N/A,tt9191068,series,,,,,True,CINE.pdf,1
13 Hours: The Secret Soldiers of Benghazi,2016,R,15 Jan 2016,144 min,"Action, Drama, History",Michael Bay,"Chuck Hogan, Mitchell Zuckoff","John Krasinski, Pablo Schreiber, James Badge Dale","Libya, 2012. At an unofficial CIA base in Benghazi a group of ex-military contractors are providing security. In the aftermath of Gaddafi's downfall a power vacuum exists and the climate is volatile. Military weapons are freely available. The US Ambassador to Libya, Chris Stevens, makes a visit to the area, staying in a compound near the CIA base. On the night of 11 September, 2012, the Ambassador's compound is attacked by hordes of heavily armed locals. The only forces willing and able to defend it are six CIA contractors.","English, Arabic","Malta, United States",Nominated for 1 Oscar. 5 nominations total,https://m.media-amazon.com/images/M/MV5BOGM1MWUzZjktMWY0MS00N2ZhLWJmZjQtNjIxOGVlNzA1OGI0XkEyXkFqcGc@._V1_SX300.jpg,"[{'Source': 'Internet Movie Database', 'Value': '7.3/10'}, {'Source': 'Rotten Tomatoes', 'Value': '51%'}, {'Source': 'Metacritic', 'Value': '48/100'}]",48,7.3,"177,750",tt4172430,movie,N/A,"$52,853,219",N/A,N/A,True,CINE.pdf,
María Isabel,1997–1998,N/A,04 Aug 1997,25 min,"Drama, Romance",N/A,N/A,"Adela Noriega, Fernando Carrillo, José Carlos Ruiz","Native American girl Maria Isabel makes friends with Graciela, a rich white girl, despite Graciela's father's opposition; their friendship lasts into their adulthood.",Spanish,Mexico,N/A,https://m.media-amazon.com/images/M/MV5BNzRlOTBiNTctODYxMS00NDQ4LWExNTktZDMzNjBlNmY1OGMxXkEyXkFqcGdeQXVyMzQxNzU3NA@@._V1_SX300.jpg,"[{'Source': 'Internet Movie Database', 'Value': '7.2/10'}]",N/A,7.2,187,tt0211828,series,,,,,True,CINE.pdf,1
Femenino masculino,2003–,13,10 Feb 2003,1 h,Comedy,Eduardo Ripari,N/A,"María Carámbula, Damián Dreizik, Atilio Veronelli",N/A,Spanish,Argentina,1 win,N/A,"[{'Source': 'Internet Movie Database', 'Value': '5.9/10'}]",N/A,5.9,10,tt0354294,series,,,,,True,CINE.pdf,1
Matinee,1993,PG,29 Jan 1993,99 min,"Comedy, Drama",Joe Dante,"Charles S. Haas, Jerico Stone","John Goodman, Cathy Moriarty, Simon Fenton","A showman introduces a small coastal town to a unique movie experience and capitalises on the Cuban Missile crisis hysteria with a kitschy horror extravaganza combining film effects, stage props and actors in rubber suits in this salute to the B-movie.",English,United States,1 win total,https://m.media-amazon.com/images/M/MV5BZGE5NzBmMDEtZjI0YS00MThkLTgyMjgtZjJjMzM4ZmYwY2EwXkEyXkFqcGc@._V1_SX300.jpg,"[{'Source': 'Internet Movie Database', 'Value': '6.9/10'}, {'Source': 'Rotten Tomatoes', 'Value': '93%'}]",N/A,6.9,"13,270",tt0107529,movie,N/A,"$9,532,895",N/A,N/A,True,CINE.pdf,
Maria Magdalena,1963,N/A,01 Nov 1963,110 min,Drama,Rudolf Noelte,"Rudolf Noelte, Friedrich Hebbel","Cordula Trantow, Helmut Griem, Uwe Friedrichsen","The story revolves around the young Klara, who becomes pregnant because she gave herself to her admirer out of desperation before the marriage. Trapped in the narrowness of intolerant bourgeois morals, in the end she has no choice...",German,West Germany,N/A,N/A,"[{'Source': 'Internet Movie Database', 'Value': '8.3/10'}]",N/A,8.3,28,tt0186335,movie,N/A,N/A,N/A,N/A,True,CINE.pdf,
Matrimony,2007,Not Rated,08 Feb 2007,91 min,"Drama, Horror, Thriller",Hua-Tao Teng,"Chia-Lu Chang, Sin Ling Yeung","Leon Lai, Rene Liu, Bingbing Fan","A woman finds the key to a room in the attic that her husband forbids her from entering. When she opens the door, she is confronted with the haunting existence of the woman her husband refuses to forget.",Mandarin,China,2 wins,https://m.media-amazon.com/images/M/MV5BZmI2Yjk4OGMtZjgzNi00ODliLThjYjktNmIzYWYxNDE0ZWFjXkEyXkFqcGdeQXVyNDQwMTQ5ODk@._V1_SX300.jpg,"[{'Source': 'Internet Movie Database', 'Value': '5.5/10'}]",N/A,5.5,364,tt0819785,movie,N/A,N/A,N/A,N/A,True,CINE.pdf,
"Mariana, Mariana",1987,N/A,N/A,110 min,"Drama, Romance",Alberto Isaac,"Vicente Leñero, José Emilio Pacheco","Pedro Armendáriz Jr., Elizabeth Aguilar, Isabel Andrade","In 1940s Mexico City, schoolboy Carlos falls in love with his best friend's mother, Mariana. Carlos is impressed because this family is not like the typical Mexican families of the time because although they aren't rich, they have many expensive American things. The drama begins when Carlos gets out of school to go to declare his love to Mariana, and is discovered by his teachers.",Spanish,Mexico,10 wins & 5 nominations,https://m.media-amazon.com/images/M/MV5BMzA4ZGExYTEtZjdkMi00YmNhLThkMDYtMjk0MjgyMTEyNjMyXkEyXkFqcGdeQXVyMzY2MDk0MTk@._V1_SX300.jpg,"[{'Source': 'Internet Movie Database', 'Value': '7.2/10'}]",N/A,7.2,413,tt0093497,movie,N/A,N/A,N/A,N/A,True,CINE.pdf,
Mediterráneo,1999–2000,N/A,26 Jan 1999,60 min,Comedy,N/A,N/A,"Javier Santiago, Josema Yuste, Ana Duato",N/A,Spanish,Spain,N/A,N/A,"[{'Source': 'Internet Movie Database', 'Value': '5.7/10'}]",N/A,5.7,16,tt0375376,series,,,,,True,CINE.pdf,2
MELANCOLíA,2021,N/A,01 Oct 2021,89 min,"Drama, Horror, Mystery",Jorge Xolalpa,Jorge Xolalpa,"Vanessa Benavente, Plutarco Haza, Laura Flores",A hospice nurse takes care of terminally ill patients all while trying to move past the tragedy of having lost her daughter in a school shooting.,N/A,"Mexico, United States",1 win & 3 nominations,https://m.media-amazon.com/images/M/MV5BMjkyMmJmYTctYzJlMS00NTkwLWIxN2YtMWMzYmUwNDNlYzI3XkEyXkFqcGdeQXVyNDE1Mjg1MTI@._V1_SX300.jpg,[],N/A,N/A,N/A,tt10932638,movie,N/A,N/A,N/A,N/A,True,CINE.pdf,
The Hours: The Lives of Mrs. Dalloway,2011,N/A,02 May 2011,10 min,Short,N/A,N/A,"Michael Cunningham, David Hare, Stephen Daldry, Eileen Atkins",N/A,English,UK,N/A,N/A,"[{'Source': 'Internet Movie Database', 'Value': '9.6/10'}]",N/A,9.6,15,tt6915572,movie,N/A,N/A,N/A,N/A,True,CINE.pdf,
Men of Honor,2000,R,10 Nov 2000,129 min,"Biography, Drama",George Tillman Jr.,Scott Marshall Smith,"Cuba Gooding Jr., Robert De Niro, Charlize Theron","The story ultimately revolves around two ""men of honor""; their relationship, their individual and joint failures and triumphs. Carl Brashear is determined to be the first African American Navy Diver in a time where racism is rife. Leslie Sunday is his embittered trainer, determined to see him fail. Fate, challenges and circumstances eventually draw these two men together in a tale of turbulence and ultimately triumph.",English,United States,11 nominations total,https://m.media-amazon.com/images/M/MV5BMDY2YzVjZDgtOTMxZi00ZDIzLWI0YjYtZDUxMTNhZWUyMTJjXkEyXkFqcGc@._V1_SX300.jpg,"[{'Source': 'Internet Movie Database', 'Value': '7.2/10'}, {'Source': 'Rotten Tomatoes', 'Value': '42%'}, {'Source': 'Metacritic', 'Value': '56/100'}]",56,7.2,"130,056",tt0203019,movie,N/A,"$48,818,921",N/A,N/A,True,CINE.pdf,
Max Payne,2008,PG-13,17 Oct 2008,100 min,"Action, Crime, Drama",John Moore,"Beau Thorne, Sam Lake","Mark Wahlberg, Mila Kunis, Beau Bridges","Three years ago, NYPD detective Max Payne's wife and baby were murdered. Max gets himself transferred to the cold case office where he can continue searching for the killer who got away. He's a loner, but two people reach out to him during a fateful week: Alex, his ex-partner who may have found a clue, and BB, the security chief at the pharmaceutical company where Max's wife worked. Meanwhile, bodies are piling up, some as a result of a drug on the street that is highly addictive and, for many who take it, brings hideous hallucinations. When one of the bodies is a woman Payne was the last to see alive, her sister comes looking for him armed to the teeth; Max must move fast.","English, Russian, Spanish","United States, Canada",1 nomination total,https://m.media-amazon.com/images/M/MV5BNGY5NzEyZmEtMDUyYS00YTRmLWE0MjAtYTllM2YwMTg3OWUwXkEyXkFqcGc@._V1_SX300.jpg,"[{'Source': 'Internet Movie Database', 'Value': '5.3/10'}, {'Source': 'Rotten Tomatoes', 'Value': '16%'}, {'Source': 'Metacritic', 'Value': '31/100'}]",31,5.3,"133,347",tt0467197,movie,N/A,"$40,689,393",N/A,N/A,True,CINE.pdf,
Máxima traición,1993,N/A,N/A,N/A,N/A,José Medina,Veronica Thompson,Mario Almada,N/A,Spanish,Mexico,N/A,N/A,[],N/A,N/A,N/A,tt0325869,movie,N/A,N/A,N/A,N/A,True,CINE.pdf,
Maxima velocidad,2004,N/A,N/A,90 min,Action,Luis Estrada,N/A,"Alberto Estrella, Jorge Ortín, Valentin Trujillo Jr., Carmen Buitron",N/A,Spanish,Mexico,N/A,https://m.media-amazon.com/images/M/MV5BYjU1Mjk3NDctOGJlZi00ZjcyLWFhZjUtYWVmYTBiZDE5MmJhXkEyXkFqcGdeQXVyMTA3NTg0Mzc0._V1_SX300.jpg,[],N/A,N/A,N/A,tt1019936,movie,N/A,N/A,N/A,N/A,True,CINE.pdf,
Mente Siniestra,2017,N/A,15 Oct 2017,14 min,"Short, Thriller",Sebastián Vidal,Hubert Aguilar,Alex Ramos Alvarez,N/A,Spanish,Guatemala,N/A,N/A,[],N/A,N/A,N/A,tt12648764,movie,N/A,N/A,N/A,N/A,True,CINE.pdf,
Hugo: Más allá de las Fronteras,2018,N/A,14 Jun 2018,46 min,Documentary,"Victoriano Rubio, Alezeya Sánchez","Victoriano Rubio, Alezeya Sánchez",N/A,N/A,Spanish,Spain,N/A,N/A,[],N/A,N/A,N/A,tt11958578,movie,N/A,N/A,N/A,N/A,True,CINE.pdf,
Mentiras piadosas,2008,N/A,20 Aug 2009,100 min,"Comedy, Drama",Diego Sabanés,"Diego Sabanés, Julio Cortázar","Marilú Marini, Walter Quiroz, Claudio Tolcachir","The story of an Argentine family entangled in a web of lies, all of which relate to the fabricated adventures of a lost son who sends gifts from foreign lands. What begins as a liberating game becomes a trap from which none in the family can escape.",Spanish,"Argentina, Spain",8 nominations,https://m.media-amazon.com/images/M/MV5BY2VmODE1YzctOTU0Ny00MmNlLTg1NzQtMzkyNWJlYmI5ODQ2XkEyXkFqcGdeQXVyNjY2MDgyNDA@._V1_SX300.jpg,"[{'Source': 'Internet Movie Database', 'Value': '6.8/10'}]",N/A,6.8,93,tt0940828,movie,N/A,N/A,N/A,N/A,True,CINE.pdf,
Mezcal,2006,N/A,15 Jun 2007,90 min,"Drama, Family, Fantasy",Ignacio Ortiz,Ignacio Ortiz,"Ana Graham, Dagoberto Gama, Ricardo Blume",N/A,Spanish,Mexico,12 wins & 10 nominations,https://m.media-amazon.com/images/M/MV5BNDNkZjBkMzAtMmU3YS00Y2M2LWFhNzEtMjg0YTc2N2YwYTJhXkEyXkFqcGdeQXVyMzY2MDk0MTk@._V1_SX300.jpg,"[{'Source': 'Internet Movie Database', 'Value': '6.8/10'}]",N/A,6.8,74,tt0419963,movie,N/A,N/A,N/A,N/A,True,CINE.pdf,
Mi mujer me los pone con el marido de mi amante,2009,N/A,15 Mar 2009,N/A,"Short, Comedy",N/A,N/A,N/A,N/A,Spanish,Spain,N/A,N/A,[],N/A,N/A,N/A,tt4722136,movie,N/A,N/A,N/A,N/A,True,CINE.pdf,
Metropia,2009,TV-14,27 Nov 2009,86 min,"Animation, Drama, Mystery",Tarik Saleh,"Truls Andersen, Fredrik Edin, Martin Hultman","Vincent Gallo, Juliette Lewis, Udo Kier","In the near future, oil reserves are nearly depleted and Europe is connected by series of underground tunnels. While navigating these tunnels, Roger hears voices, one in particular. Seeking a way to rid himself of the voice only leads Roger deeper into a bizarre conspiracy of control - mind and body.",English,"Sweden, Denmark, Norway",3 wins & 6 nominations,https://m.media-amazon.com/images/M/MV5BNjFmNTk1ZTktYmQwMi00ZTU1LTg3YWEtMjQwNjdjN2ZjMTBiXkEyXkFqcGc@._V1_SX300.jpg,"[{'Source': 'Internet Movie Database', 'Value': '6.2/10'}, {'Source': 'Rotten Tomatoes', 'Value': '50%'}, {'Source': 'Metacritic', 'Value': '47/100'}]",47,6.2,"8,183",tt0985058,movie,N/A,N/A,N/A,N/A,True,CINE.pdf,
Metrópolis,1985–,N/A,21 Apr 1985,N/A,Documentary,N/A,N/A,"Jorge Torregrossa, Michel Gondry, Ryuichi Sakamoto",N/A,Spanish,Spain,1 nomination,https://m.media-amazon.com/images/M/MV5BNGI4NGZhNTEtYjlmYS00OWIxLWJjMDYtYmIwYmVmNjM5ZmZkXkEyXkFqcGdeQXVyNzAyMjI3NTI@._V1_SX300.jpg,"[{'Source': 'Internet Movie Database', 'Value': '7.8/10'}]",N/A,7.8,15,tt0472646,series,,,,,True,CINE.pdf,1
México de mis recuerdos,1944,N/A,06 Apr 1944,91 min,"Musical, Comedy, Drama",Juan Bustillo Oro,Juan Bustillo Oro,"Fernando Soler, Sofía Álvarez, Joaquín Pardavé","Chucho Flores, a bohemian composer writes a waltz ""Carmelita"" dedicated to the wife of president Diaz, after listening the waltz the president instructs to Susanito Peñafiel y Somellera seek the composer and to give him a piano as a gratitude token. Susanito finds Chucho, who lives drunk and surrounded by poets, musicians and artists.",Spanish,Mexico,N/A,https://m.media-amazon.com/images/M/MV5BMGRhNDU0OGUtMDgzYy00NzlmLWFhZjgtNmRmMjJmN2Y4YzNmXkEyXkFqcGdeQXVyMTIxNTU2NDA@._V1_SX300.jpg,"[{'Source': 'Internet Movie Database', 'Value': '7.4/10'}]",N/A,7.4,124,tt0036190,movie,N/A,N/A,N/A,N/A,True,CINE.pdf,
Mi querido Tom Mix,1992,N/A,25 Dec 1992,90 min,"Action, Adventure, Western",Carlos García Agraz,Consuelo Garrido,"Carmen Beato, Lourdes Carrillo, Eduardo Casals","Joaquina (Murguia) is aging in a small Mexican village in the 1920s. Her life is boring and she spends her days dreaming of her hero, cowboy Tom Mix. Everything Joaquina wants is to meet him. Her life changes when a bunch of bandits appears nearby. It's time for Tom Mix to stop the thieves and fulfill Joaquina's dreams of adventure.",Spanish,Mexico,3 wins & 4 nominations total,https://m.media-amazon.com/images/M/MV5BNDQ0MmEzYzYtYmE0NS00OTQwLWExZDUtMjkwZjk5ZDI3NmVlXkEyXkFqcGc@._V1_SX300.jpg,"[{'Source': 'Internet Movie Database', 'Value': '7.0/10'}]",N/A,7.0,72,tt0102442,movie,N/A,N/A,N/A,N/A,True,CINE.pdf,
Metropolis,1927,Passed,13 Mar 1927,153 min,"Drama, Sci-Fi",Fritz Lang,"Thea von Harbou, Fritz Lang","Brigitte Helm, Alfred Abel, Gustav Fröhlich","Sometime in the future, the city of Metropolis is home to a Utopian society where its wealthy residents live a carefree life. One of those is Freder Fredersen. One day, he spots a beautiful woman with a group of children, she and the children quickly disappear. Trying to follow her, he is horrified to find an underground world of workers who apparently run the machinery that keeps the Utopian world above ground functioning. One of the few people above ground who knows about the world below is Freder's father, John Fredersen, who is the founder and master of Metropolis. Freder learns that the woman is called Maria, who espouses the need to join the ""hands"" - the workers - to the ""head"" - those in power above - by a mediator who will act as the ""heart"". Freder wants to help the plight of the workers in their struggle for a better life. But when John learns of what Maria is advocating and that Freder has joined their cause, with the assistance of an old colleague. an inventor called Rotwang, who turns out to be But their nemesis goes to works towards quashing a proposed uprising, with Maria at the centre of their plan. John, unaware that Rotwang has his own agenda., makes plans that include shutting down the machines, with the prospect of unleashing total anarchy both above and below ground.","German, None",Germany,7 wins & 6 nominations total,https://m.media-amazon.com/images/M/MV5BMjhjMGYyMjAtMzJkYy00NzhlLWIwY2MtMWQ2ODIxZDUyOGYyXkEyXkFqcGc@._V1_SX300.jpg,"[{'Source': 'Internet Movie Database', 'Value': '8.2/10'}, {'Source': 'Rotten Tomatoes', 'Value': '97%'}, {'Source': 'Metacritic', 'Value': '98/100'}]",98,8.2,"199,601",tt0017136,movie,N/A,"$1,236,166",N/A,N/A,True,CINE.pdf,
Miedo,2010,N/A,17 Jul 2010,25 min,"Short, Horror",Jaume Balagueró,"Jaume Balagueró, Àngel Romero","Mario Casas, María Castro, Kat Dagover","After arguing with his girlfriend Eva, who decided to spend the weekend with her friends instead of him, Sergio decides to go to a bar. There he meets a girl for whom he feels an attraction that turns out to be mutual. Sergio could not have imagined what awaited him and how strange it would be to continue their acquaintance.",Spanish,Spain,N/A,https://m.media-amazon.com/images/M/MV5BZGFlYmVlZDAtNTc0Yi00Y2EyLWJlM2MtNDIxMjg3MDk1ZjBmXkEyXkFqcGdeQXVyNjU3MDc1MTI@._V1_SX300.jpg,"[{'Source': 'Internet Movie Database', 'Value': '5.7/10'}]",N/A,5.7,129,tt1951193,movie,N/A,N/A,N/A,N/A,True,CINE.pdf,
Mi hermana y yo,2008,N/A,N/A,10 min,"Documentary, Short",Virginia García del Pino,Virginia García del Pino,N/A,N/A,Spanish,Spain,1 nomination.,N/A,[],N/A,N/A,N/A,tt4706782,movie,N/A,N/A,N/A,N/A,True,CINE.pdf,
Destino,2003,PG,05 Aug 2003,7 min,"Animation, Short",Dominique Monfery,"Salvador Dalí, John Hench, Donald W. Ernst","Dora Luz, Jennifer Esposito","Over a half-century in the making, witness the stunning collaboration of two of the world's most renowned artists. Destino began in 1945 as a joint venture between Salvador Dalí and Walt Disney, but production was halted when the studio ran into financial difficulties. Finally completed by Walt's nephew Roy in 2003, Destino features the tragic love story of Chronos, the personification of time, and a mortal woman as they seek each other out across the surreal landscapes so often used in the paintings of Salvador Dalí.""",English,"France, United States",Nominated for 1 Oscar. 6 wins & 2 nominations total,https://m.media-amazon.com/images/M/MV5BZTYwZDdiZmItMTRlMS00NzkzLThlNWUtMjNhMzk0MjM0YWI0XkEyXkFqcGc@._V1_SX300.jpg,"[{'Source': 'Internet Movie Database', 'Value': '7.6/10'}, {'Source': 'Rotten Tomatoes', 'Value': '100%'}]",N/A,7.6,"6,156",tt0377770,movie,N/A,N/A,N/A,N/A,True,CINE.pdf,
Mirando al mar,2004–,N/A,05 Jul 2004,120 min,N/A,N/A,N/A,Cristina Tárrega,N/A,Spanish,Spain,N/A,N/A,[],N/A,N/A,N/A,tt0417341,series,,,,,True,CINE.pdf,N/A
Miseria,2024,N/A,01 Aug 2024,110 min,"Action, Drama",Elyes Baccar,Elyes Baccar,N/A,"Nada, a 20-year-old suffering from schizophrenia, falls into a dark depression after the mysterious murder of her twin sister Lina. But her encounter with Hela, a neighbor and a passionate boxer, offers her hope of a new friendshi...",Arabic,"Tunisia, United States",N/A,https://m.media-amazon.com/images/M/MV5BYzUzYmM3ZTMtNmM1NC00NmY1LWIyY2QtNzNjNjdjNzVlMmY5XkEyXkFqcGdeQXVyODI2NDM3OTM@._V1_SX300.jpg,[],N/A,N/A,N/A,tt28348721,movie,N/A,N/A,N/A,N/A,True,CINE.pdf,
Los miserables,2014–2015,TV-14,30 Sep 2014,N/A,"Drama, Romance",N/A,N/A,"Aracely Arámbula, Erik Hayser, Aylín Mújica","A woman named Lucia ""Lucha"" Duran is accused of a crime she hasn't committed and has to find a way of not going back to prison a second time.",Spanish,Mexico,1 nomination,https://m.media-amazon.com/images/M/MV5BNTM3MGVkM2MtOGEyNi00MzI2LTgwMTUtOWMxZGUwZTM5Y2YyXkEyXkFqcGdeQXVyMjQ2MDQwNDU@._V1_SX300.jpg,"[{'Source': 'Internet Movie Database', 'Value': '6.7/10'}]",N/A,6.7,330,tt3904944,series,,,,,True,CINE.pdf,1
Mishima: A Life in Four Chapters,1985,R,20 Sep 1985,120 min,"Biography, Drama",Paul Schrader,"Chieko Schrader, Paul Schrader, Leonard Schrader","Ken Ogata, Masayuki Shionoya, Hiroshi Mikami","A fictionalized account in four chapters of the life of celebrated Japanese author Yukio Mishima. Three of the segments parallel events in Mishima's life with his novels (The Temple of the Golden Pavilion, Kyoko's House, and Runaway Horses), while the fourth depicts the actual events of the 25th Nov. 1970, ""The Last Day"".","Japanese, English","Japan, United States",1 win & 1 nomination total,https://m.media-amazon.com/images/M/MV5BYTRjOGMzNDAtNGMzOS00ZjI2LWE3ZWEtNTVmNzA3OWNkOTkxXkEyXkFqcGc@._V1_SX300.jpg,"[{'Source': 'Internet Movie Database', 'Value': '7.9/10'}, {'Source': 'Rotten Tomatoes', 'Value': '79%'}, {'Source': 'Metacritic', 'Value': '84/100'}]",84,7.9,"16,296",tt0089603,movie,N/A,"$437,547",N/A,N/A,True,CINE.pdf,
Million Dollar Baby,2004,PG-13,28 Jan 2005,132 min,"Drama, Sport",Clint Eastwood,"Paul Haggis, F.X. Toole","Hilary Swank, Clint Eastwood, Morgan Freeman","Wanting to learn from the best, aspiring boxer Maggie Fitzgerald (Hilary Swank) wants Frankie Dunn (Clint Eastwood) to train her. At the outset, he flatly refuses saying he has no interest in training a girl. Frankie leads a lonely existence, alienated from his only daughter and having few friends. Maggie's rough around the edges, but shows a lot of grit in the ring and he eventually relents. Maggie not only proves to be the boxer he always dreamed of having under his wing, but a friend who fills the great void he's had in his life. Maggie's career skyrockets, but an accident in the ring leads her to ask Frankie for one last favor.","English, Irish Gaelic, German",United States,Won 4 Oscars. 68 wins & 86 nominations total,https://m.media-amazon.com/images/M/MV5BMTkxNzA1NDQxOV5BMl5BanBnXkFtZTcwNTkyMTIzMw@@._V1_SX300.jpg,"[{'Source': 'Internet Movie Database', 'Value': '8.1/10'}, {'Source': 'Rotten Tomatoes', 'Value': '90%'}, {'Source': 'Metacritic', 'Value': '86/100'}]",86,8.1,"762,462",tt0405159,movie,N/A,"$100,492,203",N/A,N/A,True,CINE.pdf,
The Green Mile,1999,R,10 Dec 1999,189 min,"Crime, Drama, Fantasy",Frank Darabont,"Stephen King, Frank Darabont","Tom Hanks, Michael Clarke Duncan, David Morse","Death Row guards at a penitentiary, in the 1930's, have a moral dilemma with their job when they discover one of their prisoners, a convicted murderer, has a special gift.","English, French",United States,Nominated for 4 Oscars. 15 wins & 37 nominations total,https://m.media-amazon.com/images/M/MV5BMTUxMzQyNjA5MF5BMl5BanBnXkFtZTYwOTU2NTY3._V1_SX300.jpg,"[{'Source': 'Internet Movie Database', 'Value': '8.6/10'}, {'Source': 'Rotten Tomatoes', 'Value': '78%'}, {'Source': 'Metacritic', 'Value': '61/100'}]",61,8.6,"1,543,237",tt0120689,movie,N/A,"$136,801,374",N/A,N/A,True,CINE.pdf,
Mimic,1997,R,22 Aug 1997,105 min,"Horror, Sci-Fi",Guillermo del Toro,"Donald A. Wollheim, Matthew Robbins, Guillermo del Toro","Mira Sorvino, Jeremy Northam, Alexander Goodwin","A disease carried by common cockroaches is killing Manhattan children. In an effort to stop the epidemic an entomologist, Susan Tyler, creates a mutant breed of insect that secretes a fluid to kill the roaches. This mutant breed was engineered to die after one generation, but three years later Susan finds out that the species has survived and evolved into a large, gruesome monster that can mimic human form.","English, Italian, Mandarin",United States,3 wins & 8 nominations total,https://m.media-amazon.com/images/M/MV5BNGY4YjcwMmQtNDk4Yi00YTZkLWEzMDYtMzM0N2IwZWRmZGI1XkEyXkFqcGc@._V1_SX300.jpg,"[{'Source': 'Internet Movie Database', 'Value': '6.0/10'}, {'Source': 'Rotten Tomatoes', 'Value': '67%'}, {'Source': 'Metacritic', 'Value': '56/100'}]",56,6.0,"57,996",tt0119675,movie,N/A,"$25,480,490",N/A,N/A,True,CINE.pdf,
Miss Potter,2006,PG,09 Mar 2007,88 min,"Biography, Drama, Romance",Chris Noonan,Richard Maltby Jr.,"Renée Zellweger, Ewan McGregor, Emily Watson","In 1902, in London, spinster Beatrix Potter (Renée Zellweger) lives with her bourgeois parents. Her snobbish mother, Helen Potter (Barbara Flynn), had introduced several bachelors to Beatrix until she was twenty-years-old, but she had turned them all down. Beatrix Potter has been drawing animals and making up stories about them since she was a child, but her parents have never recognized her as an artist. One day, Miss Potter offers her stories to a print house, and a rookie publisher, Norman Warne (Ewan McGregor), who is delighted with her tales, publishes her first children's book. This success leads Norman to publish two other books, and Miss Potter meanwhile becomes the best friend of his single sister Millie Warne (Emily Watson). Soon Beatrix and Norman fall in love with each other, but Helen does not accept that her daughter would marry a ""trader"". However, Beatrix's father Rupert Potter (Bill Paterson) proposes that his daughter spend the summer with his wife and him in their country house in Lake District, and if she is still interested in Norman after the summertime, he would bless their marriage. When Miss Potter stops receiving letters from Norman, she is disappointed. Then one day she receives a letter from Millie explaining what had happened to Norman.",English,"United Kingdom, United States, Isle of Man",5 wins & 5 nominations total,https://m.media-amazon.com/images/M/MV5BMTA0NjgzMDIzNjVeQTJeQWpwZ15BbWU3MDE3ODk0NDE@._V1_SX300.jpg,"[{'Source': 'Internet Movie Database', 'Value': '7.0/10'}, {'Source': 'Rotten Tomatoes', 'Value': '68%'}, {'Source': 'Metacritic', 'Value': '57/100'}]",57,7.0,"33,755",tt0482546,movie,N/A,"$3,005,605",N/A,N/A,True,CINE.pdf,
Misterio,2013,Not Rated,01 Feb 2013,11 min,"Short, Mystery, Sci-Fi",Chema García Ibarra,Chema García Ibarra,"Luismi Bienvenido, Finita Durá, Carmen Escribano","They say that if you put your ear to the back of his neck, you can hear the Virgin talk.",Spanish,Spain,8 wins & 8 nominations,https://m.media-amazon.com/images/M/MV5BM2U1YzJjM2MtN2RhNy00NjlhLThmYzMtODc4ZTI2ZDdiMGYxXkEyXkFqcGc@._V1_SX300.jpg,"[{'Source': 'Internet Movie Database', 'Value': '6.2/10'}]",N/A,6.2,194,tt2555000,movie,N/A,N/A,N/A,N/A,True,CINE.pdf,
Molière,2007,PG-13,31 Jan 2007,120 min,"Biography, Comedy",Laurent Tirard,"Laurent Tirard, Grégoire Vigneron","Romain Duris, Fabrice Luchini, Laura Morante","In 1657, playwright/actor Molière, having been given a theater in the capital by the King, is back in Paris after touring the kingdom of France with his company of players. One day, a young lady asks him to follow her to the deathbed of her mother... Thirteen years earlier, Molière already runs a troupe but goes broke and is thrown to prison. Fortunately (?) his debt is covered by Monsieur Jourdain, a rich man who wants him to help him rehearse a one-act play he has written with a view to seducing a beautiful bright young widow, Célimène. As Jourdain is married to Elmire, and is the ""respectable"" father of two daughters his design must remain secret so Molière is introduced into the house as Tartuffe, an austere priest...",French,France,3 wins & 5 nominations,https://m.media-amazon.com/images/M/MV5BZDEyNzllN2MtZTRhNi00YmE4LTljMDUtMzliNzUzM2ZlZmYzXkEyXkFqcGc@._V1_SX300.jpg,"[{'Source': 'Internet Movie Database', 'Value': '7.1/10'}, {'Source': 'Rotten Tomatoes', 'Value': '68%'}, {'Source': 'Metacritic', 'Value': '59/100'}]",59,7.1,"6,630",tt0796335,movie,N/A,"$635,733",N/A,N/A,True,CINE.pdf,
The Mummy Returns,2001,PG-13,04 May 2001,130 min,"Action, Adventure, Fantasy",Stephen Sommers,Stephen Sommers,"Brendan Fraser, Rachel Weisz, John Hannah","Many years ago, in Ancient Egypt, the Scorpion King led a menacing army, but when he sold his soul to Anubis, he was erased from history. Now he is only a myth...or is he? Rick and Evelyn O'Connell are still discovering new artifacts, along with their 8 year old son Alex. They discover the Bracelet of Anubis. But someone else is after the bracelet. High Priest Imhotep has been brought back from the dead once again and wants the bracelet, to control the Scorpion King's army. That's not the only problem. Imhotep now has Alex and with the bracelet attached to him, doesn't have long to live.","English, Arabic","United States, Morocco, United Kingdom, Jordan",6 wins & 19 nominations total,https://m.media-amazon.com/images/M/MV5BMjdiYzVlNjUtNGI5MC00MDE5LTk0MmQtNDc0YzIzOGRmMDNkXkEyXkFqcGc@._V1_SX300.jpg,"[{'Source': 'Internet Movie Database', 'Value': '6.4/10'}, {'Source': 'Rotten Tomatoes', 'Value': '46%'}, {'Source': 'Metacritic', 'Value': '48/100'}]",48,6.4,"362,637",tt0209163,movie,N/A,"$202,019,785",N/A,N/A,True,CINE.pdf,
Las mil y una noches,1958,N/A,17 Sep 1958,90 min,"Comedy, Fantasy",Fernando Cortés,"María Luisa Algarra, Josefina Vicens, Fernando de Fuentes","Germán Valdés, María Antonieta Pons, Óscar Pulido",N/A,Spanish,Mexico,N/A,https://m.media-amazon.com/images/M/MV5BNTc1NjY0OTk3MF5BMl5BanBnXkFtZTcwMzA2ODc4Mw@@._V1_SX300.jpg,"[{'Source': 'Internet Movie Database', 'Value': '6.9/10'}]",N/A,6.9,46,tt0241725,movie,N/A,N/A,N/A,N/A,True,CINE.pdf,
Misión la reliquia,2006–2007,N/A,19 Jul 2006,25 min,Reality-TV,N/A,N/A,"Nelyi Larice, Margarita Valle, Oscar Rivera, Fermin Galeano","Mr. Ernesto Rivera, is a Honduran millionaire that chose 5 participants, giving them as a mission, find a relic in the entire territory of Honduras in less than 360 hours.",Spanish,Honduras,N/A,N/A,[],N/A,N/A,N/A,tt3455220,series,,,,,True,CINE.pdf,N/A
Morir en el golfo,1990,N/A,08 Mar 1990,93 min,Drama,Alejandro Pelayo,"Héctor Aguilar Camín, Alejandro Pelayo, Víctor Hugo Rascón Banda","Blanca Guerra, Enrique Rocha, Alejandro Parodi","The story of the oil leader Lázaro Pizarro, of his political and personal wars, the use of crime to settle conflicts and the course of his power between the basements and the domes of Mexican politics, have a narrative record made in the Gulf of accuracy and dexterity",Spanish,Mexico,4 wins & 4 nominations,https://m.media-amazon.com/images/M/MV5BNDQ4MzM0NTUtODdhNS00MTdjLTg4NjktNjkyNjg2NDNkMjhmXkEyXkFqcGdeQXVyNzI4MDMyMTU@._V1_SX300.jpg,"[{'Source': 'Internet Movie Database', 'Value': '6.9/10'}]",N/A,6.9,62,tt0097912,movie,N/A,N/A,N/A,N/A,True,CINE.pdf,
Cristo,1977,N/A,N/A,50 min,Drama,Teo Hernandez,Teo Hernandez,"Gaël Badaud, Arturo De Narvaez, Jeanine Domette","All of history, that of Christ or any other, permeates the world, leaves its mark, modifying and informing history, and all that the human reproduces and creates.",French,France,N/A,https://m.media-amazon.com/images/M/MV5BMWFjNGM4NzMtZDdjYi00ZTQ1LThiMjQtM2ExMDY0MzllMmIwXkEyXkFqcGdeQXVyMTMwNjQxNDU1._V1_SX300.jpg,"[{'Source': 'Internet Movie Database', 'Value': '7.4/10'}]",N/A,7.4,28,tt1196135,movie,N/A,N/A,N/A,N/A,True,CINE.pdf,
Morning Glory,2010,PG-13,10 Nov 2010,107 min,"Comedy, Drama, Romance",Roger Michell,Aline Brosh McKenna,"Rachel McAdams, Harrison Ford, Diane Keaton","Becky (Rachel McAdams) is a hard-working morning TV show producer, or at least she was until she got fired. Desperate to get a job, she finally gets an interview with Jerry (Jeff Goldblum) - who is desperate to hire a producer for the struggling show ""Daybreak"". Becky accepts the job and it proves to be more difficult than even she might be able to handle. She has to fire the sexist co-host, then try to convince egotistical news reporter, Mike Pomeroy (Harrison Ford), to take the job, and then try and get him to actually do the job, properly. And she has to do this while falling for handsome Adam (Patrick Wilson), and trying to save the show from plummeting ratings. Will Becky be able to hold on to her dream job and her sanity?","English, Ukrainian, Spanish","United Kingdom, United States",1 win & 3 nominations total,https://m.media-amazon.com/images/M/MV5BZDQ4NTdkZTAtNjk2Mi00NjkxLWI2ZjktYzNjMjViY2Q3ZDViXkEyXkFqcGc@._V1_SX300.jpg,"[{'Source': 'Internet Movie Database', 'Value': '6.5/10'}, {'Source': 'Rotten Tomatoes', 'Value': '57%'}, {'Source': 'Metacritic', 'Value': '57/100'}]",57,6.5,"87,158",tt1126618,movie,N/A,"$31,011,732",N/A,N/A,True,CINE.pdf,
Mortal Kombat,2021,R,23 Apr 2021,110 min,"Action, Adventure, Fantasy",Simon McQuoid,"Greg Russo, Dave Callaham, Oren Uziel","Lewis Tan, Jessica McNamee, Josh Lawson","MMA fighter Cole Young (Lewis Tan), accustomed to taking a beating for money, is unaware of his heritage-or why Outworld's Emperor Shang Tsung (Chin Han) has sent his best warrior, Sub-Zero (Joe Taslim), an otherworldly Cryomancer, to hunt Cole down. Fearing for his family's safety, Cole goes in search of Sonya Blade (Jessica McNamee) at the direction of Jax (Mehcad Brooks), a Special Forces Major who bears the same strange dragon marking Cole was born with. Soon, he finds himself at the temple of Lord Raiden (Tadanobu Asano), an Elder God and the protector of Earthrealm, who grants sanctuary to those who bear the mark. Here, Cole trains with experienced warriors Liu Kang (Ludi Lin), Kung Lao (Max Huang) and rogue mercenary Kano (Josh Lawson), as he prepares to stand with Earth's greatest champions against the enemies of Outworld in a high stakes battle for the universe. But will Cole be pushed hard enough to unlock his arcana-the immense power from within his soul-in time to save not only his family but to stop Outworld once and for all?","English, Japanese, Chinese",United States,4 wins & 10 nominations total,https://m.media-amazon.com/images/M/MV5BNmRmN2I5M2EtNDA1Ny00N2ZmLWE3YWYtMjQ1NTFjY2Q4NWM5XkEyXkFqcGc@._V1_SX300.jpg,"[{'Source': 'Internet Movie Database', 'Value': '6.1/10'}, {'Source': 'Rotten Tomatoes', 'Value': '55%'}, {'Source': 'Metacritic', 'Value': '44/100'}]",44,6.1,"202,893",tt0293429,movie,N/A,"$42,326,031",N/A,N/A,True,CINE.pdf,
Mother and Child,2009,R,02 Jul 2010,125 min,"Drama, Romance",Rodrigo García,Rodrigo García,"Naomi Watts, Annette Bening, Kerry Washington","Almost forty years ago, a young girl of fourteen has sex, gets pregnant, and gives her baby up for adoption. Fast-forwarding to the present day, we meet three very different women, each of whom struggles to maintain control of their lives. There's Elizabeth, a smart and successful lawyer who uses her body to her advantage. Any time she feels that she doesn't have the upper hand, and cannot control the situation, she uses her sex appeal - whether that be starting a romance with her boss when she suspects he is trying to start one himself, or finding some way to control her overly friendly neighbor and husband. Karen, meanwhile, is a bitter health care professional who obviously has a lot of heart but never shows it. She gave up a daughter at the age of fourteen (wonderfully shown rather than told, she is the young girl and mother of Elizabeth), and has never gotten over it - her bitterness inspiring her to lash out at everyone around her - even the gentle man at work who is undeniably drawn to her. Finally, Lucy is a woman who has failed to conceive with her husband, so she turns to adoption to make the family she desires.",English,"United States, Spain",4 wins & 12 nominations,https://m.media-amazon.com/images/M/MV5BMTg4NTM5MTE0N15BMl5BanBnXkFtZTcwOTM2MTgyMw@@._V1_SX300.jpg,"[{'Source': 'Internet Movie Database', 'Value': '7.2/10'}, {'Source': 'Rotten Tomatoes', 'Value': '78%'}, {'Source': 'Metacritic', 'Value': '64/100'}]",64,7.2,"12,922",tt1121977,movie,N/A,"$1,110,509",N/A,N/A,True,CINE.pdf,
La Mosca,2013,N/A,07 Feb 2013,7 min,"Animation, Short, Comedy",Andoni Garrido Fernandez,Andoni Garrido Fernandez,"Maitane Aspe Fid, Joana Carbajales Bernal, Jhony Durden","Have you ever had to finish work late at night but a small fly do not stop buzzing near your ear? Have you ever tried to sleep after a hard day at work but you have not slept well for that damn fly that keeps buzzing, not in reality but in your head? What if that fly had not come to you by chance? What if that fly wanted to screw you, screw you over and over again?",Spanish,Spain,N/A,https://m.media-amazon.com/images/M/MV5BM2M4NWUyZjMtOWRiMC00YmI2LTk0OWUtODkwNmI2NDlmZmFkXkEyXkFqcGdeQXVyNDU3MzcyOTc@._V1_SX300.jpg,[],N/A,N/A,N/A,tt3188542,movie,N/A,N/A,N/A,N/A,True,CINE.pdf,
Boys Don't Cry,1999,R,31 Mar 2000,118 min,"Biography, Crime, Drama",Kimberly Peirce,"Kimberly Peirce, Andy Bienen","Hilary Swank, Chloë Sevigny, Peter Sarsgaard","Based on actual events. Brandon Teena is the popular new guy in a tiny Nebraska town. He hangs out with the guys, drinking, cussing, and bumper surfing, and he charms the young women, who've never met a more sensitive and considerate young man. Life is good for Brandon, now that he's one of the guys and dating hometown beauty Lana; however, he's forgotten to mention one important detail. It's not that he's wanted in another town for GTA and other assorted crimes, but that Brandon Teena was actually born a woman named Teena Brandon. When his best friends make this discovery, Brandon's life is ripped apart.",English,United States,Won 1 Oscar. 50 wins & 39 nominations total,https://m.media-amazon.com/images/M/MV5BYTMwYWZkOWQtMDY4My00MzE5LThkODAtN2Q2Y2FmNzY3ZmE2XkEyXkFqcGc@._V1_SX300.jpg,"[{'Source': 'Internet Movie Database', 'Value': '7.5/10'}, {'Source': 'Rotten Tomatoes', 'Value': '90%'}, {'Source': 'Metacritic', 'Value': '86/100'}]",86,7.5,"107,093",tt0171804,movie,N/A,"$11,540,607",N/A,N/A,True,CINE.pdf,
Muerte súbita,2002,N/A,N/A,18 min,"Comedy, Short",N/A,"Pablo Guerrero, Antonio Ródenas, Javier Ródenas","Pablo Rivero, Vicky Freire, Victoria Freire, Carlos Martínez",N/A,Spanish,Spain,N/A,N/A,[],N/A,N/A,N/A,tt0336874,movie,N/A,N/A,N/A,N/A,True,CINE.pdf,
Mogambo,1953,Approved,09 Oct 1953,116 min,"Adventure, Drama, Romance",John Ford,"John Lee Mahin, Wilson Collison","Clark Gable, Grace Kelly, Ava Gardner","Victor Marswell runs a big game trapping company in Kenya. Eloise Kelly is ditched there, and an immediate attraction happens between them. Then Mr. and Mrs. Nordley show up for their gorilla documenting safari. Mrs. Nordley is not infatuated with her husband any more, and takes a liking to Marswell. The two men and two women have some difficulty arranging these emotions to their mutual satisfaction, but eventually succeed.",English,United States,Nominated for 2 Oscars. 3 wins & 4 nominations total,https://m.media-amazon.com/images/M/MV5BMWViMTliMjItOTBmMy00YzIwLWJjZWEtYzNmY2RlZGRiOGNlXkEyXkFqcGc@._V1_SX300.jpg,"[{'Source': 'Internet Movie Database', 'Value': '6.6/10'}, {'Source': 'Rotten Tomatoes', 'Value': '75%'}]",N/A,6.6,"9,369",tt0046085,movie,N/A,N/A,N/A,N/A,True,CINE.pdf,
Moulin Rouge,1952,Approved,10 Apr 1953,119 min,"Biography, Drama, Music",John Huston,"Pierre La Mure, Anthony Veiller, John Huston","José Ferrer, Zsa Zsa Gabor, Suzanne Flon","A fictionalized account of the latter part of the life of French artist Henri de Toulouse Lautrec (1864-1901) is presented, he who is arguably most renowned professionally for immortalizing the characters of the Paris can-can dance hall, the Moulin Rouge, on canvas. This phase of his story begins in 1890. Born into aristocracy, Toulouse-Lautrec moves to Paris to pursue his art as he hangs out at the Moulin Rouge where he feels like he fits in being a misfit among other misfits. His misfit status is due to his diminutive physical stature, his legs which were broken and stopped growing following a childhood fall down some stairs. Because of the way he looks, he believes he is never destined to experience the true love of a woman. That lack of love in his life may change as he meets two women. The first is prostitute Marie Charlet, who he saves from imprisonment in a white knight act. Their relationship ends up being a turbulent one, the downs where each feels the need to hurt the other with their core issues, namely Toulouse-Lautrec's disability and Marie's profession. The second is socialite Myriamme Hayam. In more indirect acts, Toulouse-Lautrec also ends up being her savior, one of those indirect acts being his painting, one which she has purchased, its subject making her reflect on what she sees as the troubles with her own life.","English, French",United Kingdom,Won 2 Oscars. 6 wins & 10 nominations total,https://m.media-amazon.com/images/M/MV5BNDExZTc0MmMtOTc1Yy00ODMzLWE1OTctZGM5NWIzNWU4M2UxXkEyXkFqcGc@._V1_SX300.jpg,"[{'Source': 'Internet Movie Database', 'Value': '7.0/10'}, {'Source': 'Rotten Tomatoes', 'Value': '73%'}]",N/A,7.0,"6,803",tt0044926,movie,N/A,N/A,N/A,N/A,True,CINE.pdf,
Mr. Brooks,2007,R,01 Jun 2007,120 min,"Crime, Drama, Mystery",Bruce A. Evans,"Bruce A. Evans, Raynold Gideon","Kevin Costner, Demi Moore, Dane Cook","Earl Brooks is a highly respected businessman and was recently named Portland's Man of the Year. He hides a terrible secret however: he is a serial killer known as the Thumbprint Killer. He has been attending AA meetings and has kept his addiction to killing under control for two years now but his alter ego, Marshall, has re-appeared and is pushing him to kill again. When he does kill a couple while they are making love, he is seen and photographed by someone who also has his own death and murder fetish. In a parallel story, the police detective investigating the murder is having problems of her own. She is going through a messy divorce and a violent criminal who had vowed revenge some years before has escaped from prison and is after her.",English,United States,2 nominations total,https://m.media-amazon.com/images/M/MV5BMTQyNTk5MTMxN15BMl5BanBnXkFtZTcwNTc0ODI1NA@@._V1_SX300.jpg,"[{'Source': 'Internet Movie Database', 'Value': '7.2/10'}, {'Source': 'Rotten Tomatoes', 'Value': '56%'}, {'Source': 'Metacritic', 'Value': '45/100'}]",45,7.2,"162,228",tt0780571,movie,N/A,"$28,549,298",N/A,N/A,True,CINE.pdf,
What's My Name: Muhammad Ali,2019,TV-14,15 May 2019,165 min,"Documentary, Biography, Sport",Antoine Fuqua,Steven Leckart,"Bill Cosby, Ossie Davis, Kareem Abdul-Jabbar","One of the most iconic figures in athletic history, Muhammad Ali's incredible story from world champion boxer to inspiring social activist is explored through his own voice and never-before-seen archival material.",English,United States,Nominated for 1 Primetime Emmy. 4 wins & 8 nominations total,https://m.media-amazon.com/images/M/MV5BZWZlZTBkNGMtM2NmOC00Zjc3LTk3NTMtMWNhYjcwOGFlNTkwXkEyXkFqcGc@._V1_SX300.jpg,"[{'Source': 'Internet Movie Database', 'Value': '8.4/10'}, {'Source': 'Rotten Tomatoes', 'Value': '96%'}]",N/A,8.4,"2,559",tt6328046,movie,N/A,N/A,N/A,N/A,True,CINE.pdf,
Usted tiene ojos de mujer fatal,1947,N/A,18 Jul 1947,N/A,Drama,Ramón Peón,"Enrique Jardiel Poncela (play), Ramón Pereda, Carlos Sampelayo (additional dialogue)","Rafael Acevedo, Luana Alcañiz, Carolina Barret, José Baviera",N/A,Spanish,Mexico,N/A,https://m.media-amazon.com/images/M/MV5BNDkxNGYwZjMtODNjNi00NTFlLTliZWEtMWUwOTFmYzE2YTc0XkEyXkFqcGdeQXVyNzA4ODc3ODU@._V1_SX300.jpg,[],N/A,N/A,N/A,tt0140666,movie,N/A,N/A,N/A,N/A,True,CINE.pdf,
La mujer de Benjamín,1991,N/A,03 Jul 1992,90 min,"Comedy, Drama",Carlos Carrera,"Carlos Carrera, Ignacio Ortiz","Eduardo López Rojas, Malena Doria, Arcelia Ramírez","Old bachelor Benjamin (Lopez Rojas) still lives with his sister Micaela (Doria) in the boredom of a small town. His only entertainment is getting together with a bunch of old men and spare time playing like children. Benjamin falls inlove with beautiful and young Natividad (Ramirez). First, he writes love letters for her. Then, when this strategy fails, Benjamin and the old men plan to abduct her and wait for her falling inlove.",Spanish,Mexico,11 wins & 14 nominations,https://m.media-amazon.com/images/M/MV5BMTkwNjQyOTc5M15BMl5BanBnXkFtZTcwNjE3MDQyMQ@@._V1_SX300.jpg,"[{'Source': 'Internet Movie Database', 'Value': '7.0/10'}]",N/A,7.0,488,tt0102478,movie,25 Jan 2005,N/A,N/A,N/A,True,CINE.pdf,
A Good Woman,2004,PG,13 May 2005,93 min,"Drama, Comedy, Romance",Mike Barker,"Oscar Wilde, Howard Himelstein","Helen Hunt, Scarlett Johansson, Tom Wilkinson","In 1930, Mrs. Erlynne (Helen Hunt), who describes herself as poor and infamous, driven from New York City society by jealous wives, sees a news photo of wealthy Lord Windermere (Mark Umbers) and his young wife (Scarlett Johansson). She heads for the Amalfi Coast to be amongst the rich and famous for ""the season"" and to snare Mr. Windermere. Gossips twitter as he spends his afternoons with her, his wife blissfully innocent as she blushingly fends off attentions from a young English nobleman, an international playboy who thinks he's in love. Mrs. Erlynne is also pursued by a worldly-wise older English nobleman. Mrs. Windermere's twentieth birthday party approaches, where all plays out amidst numerous amoral Wildean aphorisms.","English, Italian","United Kingdom, Italy, Spain, Luxembourg, United States",3 nominations,https://m.media-amazon.com/images/M/MV5BYTU3YjkwMDgtNjRjOC00MWZiLWExN2YtNGUxMDg3NjA4ZWRjXkEyXkFqcGc@._V1_SX300.jpg,"[{'Source': 'Internet Movie Database', 'Value': '6.4/10'}, {'Source': 'Rotten Tomatoes', 'Value': '37%'}, {'Source': 'Metacritic', 'Value': '53/100'}]",53,6.4,"14,342",tt0379306,movie,N/A,"$238,609",N/A,N/A,True,CINE.pdf,
Mulan,1998,G,19 Jun 1998,87 min,"Animation, Adventure, Comedy","Tony Bancroft, Barry Cook","Robert D. San Souci, Rita Hsiao, Chris Sanders","Ming-Na Wen, Eddie Murphy, BD Wong","This retelling of the old Chinese folktale is about the story of a young Chinese maiden who learns that her weakened and lame father is to be called up into the army in order to fight the invading Huns. Knowing that he would never survive the rigours of war in his state, she decides to disguise herself and join in his place. Unknown to her, her ancestors are aware of this and to prevent it, they order a tiny disgraced dragon, Mushu to join her in order to force her to abandon her plan. He agrees, but when he meets Mulan, he learns that she cannot be dissuaded and so decides to help her in the perilous times ahead.","English, Mandarin",United States,Nominated for 1 Oscar. 17 wins & 21 nominations total,https://m.media-amazon.com/images/M/MV5BYzU0ZTQxZDktOGY0Yy00NjdiLTllNDItMTMzMjI1YjMyYjRhXkEyXkFqcGc@._V1_SX300.jpg,"[{'Source': 'Internet Movie Database', 'Value': '7.7/10'}, {'Source': 'Rotten Tomatoes', 'Value': '91%'}, {'Source': 'Metacritic', 'Value': '72/100'}]",72,7.7,"343,199",tt0120762,movie,N/A,"$120,620,254",N/A,N/A,True,CINE.pdf,
Mujercitas,1973,N/A,13 Dec 1973,88 min,"Drama, Romance",José Díaz Morales,"Louisa May Alcott, Francisco Cavazos, Jose A. De Toledo","Nubia Martí, Ricardo Cortés, Delia Peña Orta","Louisa May Alcott's autobiographical account of her life with her three sisters in Concord, Massachusetts in the 1860s. With their father fighting in the American Civil War, sisters Jo, Meg, Amy and Beth are at home with their mother, a very outspoken women for her time. The story tells of how the sisters grow up, find love and find their place in the world.",Spanish,Mexico,N/A,https://m.media-amazon.com/images/M/MV5BMzM4MTZkMTQtNTMwOS00YTBlLTg0NGItYjlhYzc2NTFiZmFlXkEyXkFqcGc@._V1_SX300.jpg,"[{'Source': 'Internet Movie Database', 'Value': '6.7/10'}]",N/A,6.7,31,tt0308608,movie,N/A,N/A,N/A,N/A,True,CINE.pdf,
Mulholland Drive,2001,R,19 Oct 2001,147 min,"Drama, Mystery, Thriller",David Lynch,David Lynch,"Naomi Watts, Laura Harring, Justin Theroux","Still untarnished by the false promises of the rapacious film industry, the wide-eyed actress, Betty, sets foot on bustling, sun-kissed Hollywood. Brimming with hope, and eager to spread her wings and prove her worth, Betty moves in Aunt Ruth's expensive apartment, unbeknownst to her, however, that fate has other plans in store for her, setting the stage for life-altering experiences with the unexpected, the indecipherable, and the unknown. Now, in the centre of an elaborate labyrinth of half-truths, faded memories, unrequited loves, and dangerous encounters with the city's ugly face lies a strange key to a mysterious keyhole, an even stranger indigo-blue cube, the young director, Adam, and one cryptic woman: the amnesiac brunette and devilishly seductive car-crash survivor, Rita. But, time flies and Rita's opaque past demands answers. After all, both women deserve the truth. What is the secret of the serpentine, dream-crushing Mulholland Drive?","English, Spanish, French","France, United States",Nominated for 1 Oscar. 50 wins & 61 nominations total,https://m.media-amazon.com/images/M/MV5BNjliY2UwMjQtYjVlNi00NzExLTg1MDMtMjE2OTYwYjI0NTcxXkEyXkFqcGc@._V1_SX300.jpg,"[{'Source': 'Internet Movie Database', 'Value': '7.9/10'}, {'Source': 'Rotten Tomatoes', 'Value': '84%'}, {'Source': 'Metacritic', 'Value': '87/100'}]",87,7.9,"415,244",tt0166924,movie,N/A,"$7,220,243",N/A,N/A,True,CINE.pdf,
Munich,2005,R,06 Jan 2006,164 min,"Drama, History, Thriller",Steven Spielberg,"Tony Kushner, Eric Roth, George Jonas","Eric Bana, Daniel Craig, Marie-Josée Croze","After Black September's assassination of Israeli athletes at the Munich Olympics in 1972, Prime Minister Golda Meir okays a covert operation to hunt down and kill all involved. A team of five gathers in Switzerland led by Avner, a low-level Mossad techie whose father was a war hero and whose wife is pregnant. It's an expendable team, but relying on paid informants, they track and kill several in Europe and Lebanon. They must constantly look over their shoulders for the CIA, KGB, PLO, and their own sources. As the body count mounts -- with retribution following retribution -- so do questions, doubts, and sleepless nights. Loyalties blur. What does it mean to be a Jew?","English, German, French, Hebrew, Arabic, Italian, Greek, Russian, Dutch","France, Canada, United States",Nominated for 5 Oscars. 14 wins & 75 nominations total,https://m.media-amazon.com/images/M/MV5BMTcwNzYzMzMwMF5BMl5BanBnXkFtZTcwMzMzODczMQ@@._V1_SX300.jpg,"[{'Source': 'Internet Movie Database', 'Value': '7.5/10'}, {'Source': 'Rotten Tomatoes', 'Value': '79%'}, {'Source': 'Metacritic', 'Value': '74/100'}]",74,7.5,"251,412",tt0408306,movie,N/A,"$47,403,685",N/A,N/A,True,CINE.pdf,
There's No Business Like Show Business,1954,Approved,06 Jan 1955,117 min,"Comedy, Drama, Musical",Walter Lang,"Phoebe Ephron, Henry Ephron, Lamar Trotti","Ethel Merman, Marilyn Monroe, Donald O'Connor","The Donahues - husband and wife Terry and Molly, and their three offspring Steve, Katy and Tim - are a song and dance act. Their survival as a performing act of five and as a family collective is presented. Under their family name, Terry and Molly were a successful vaudeville act in the early 1920s, they who subsequently under the names the Three Donahues, the Four Donahues and the Five Donahues, trotted out Steve, then Steve and Katy, then Steve, Katy and Tim on stage as early as they being toddlers. Molly was able to convince Terry to give the kids a stable education at a boarding school as the two of them continued their on the road career in Molly wanting the kids to have a normal life. They were pleasantly surprised that the kids grew up not only to have musical performing talent, but wanted to perform as a family unit as the Five Donahues. That harmony on and off stage was threatened first by Steve contemplating following another calling - the threat not only in his thought of leaving the act, but in the nature of that calling - and second when Tim becomes infatuated with up and coming singer Vicky Parker, who unlike the naturally talented Donahues, has to tailor her act to showcase her assets. While Vicky is not a bad person per se despite Molly's thoughts to the contrary, Vicky's drive to become a star with Tim's addictive nature proves to be a potentially destructive combination.","English, Latin",United States,Nominated for 3 Oscars. 4 nominations total,https://m.media-amazon.com/images/M/MV5BMzQ3MmNkY2UtYTU5Mi00ZmY3LTk5MTQtM2ZjZTU5YzFhYzBkXkEyXkFqcGc@._V1_SX300.jpg,"[{'Source': 'Internet Movie Database', 'Value': '6.4/10'}, {'Source': 'Rotten Tomatoes', 'Value': '67%'}]",N/A,6.4,"7,076",tt0047574,movie,N/A,"$5,103,000",N/A,N/A,True,CINE.pdf,
Muñecas,2010,N/A,15 Mar 2010,25 min,Short,Miguel Salgado,"Alfredo Mendoza, Miguel Salgado","Meraqui Pradis, Mariana Beyer, Guillermo Larrea",Valeria's family is all love and harmony. However - when Valeria decides to terminate her piano lessons- a secret comes to light- and everything inside the family starts convulsing in an atonal tragedy....,Spanish,Mexico,N/A,https://m.media-amazon.com/images/M/MV5BNGE5MTcwZjItNzdkOS00NzI5LTg4NzctMTBhMmNkYWFiZGQ3XkEyXkFqcGdeQXVyNjQxNjA1OTk@._V1_SX300.jpg,"[{'Source': 'Internet Movie Database', 'Value': '6.4/10'}]",N/A,6.4,54,tt1636818,movie,N/A,N/A,N/A,N/A,True,CINE.pdf,
Mr. Turner,2014,R,31 Oct 2014,150 min,"Biography, Drama, History",Mike Leigh,Mike Leigh,"Timothy Spall, Paul Jesson, Dorothy Atkinson","Mr. Turner explores the last quarter century of the great if eccentric British painter J.M.W. Turner (1775-1851). Profoundly affected by the death of his father, loved by a housekeeper he takes for granted and occasionally exploits sexually, he forms a close relationship with a seaside landlady with whom he eventually lives incognito in Chelsea, where he dies. Throughout this, he travels, paints, stays with the country aristocracy, visits brothels, is a popular if anarchic member of the Royal Academy of Arts, has himself strapped to the mast of a ship so that he can paint a snowstorm, and is both celebrated and reviled by the public and by royalty.",English,"United Kingdom, France, Germany, United States, Belgium",Nominated for 4 Oscars. 20 wins & 71 nominations total,https://m.media-amazon.com/images/M/MV5BMjUzNTg0MzM3NF5BMl5BanBnXkFtZTgwNDg3NTY5MjE@._V1_SX300.jpg,"[{'Source': 'Internet Movie Database', 'Value': '6.8/10'}, {'Source': 'Rotten Tomatoes', 'Value': '96%'}, {'Source': 'Metacritic', 'Value': '94/100'}]",94,6.8,"28,294",tt2473794,movie,N/A,"$3,958,500",N/A,N/A,True,CINE.pdf,
Mujer bonita,2001,N/A,02 Apr 2001,N/A,Drama,N/A,N/A,"Adriana Fonseca, René Strickler, Roberto Ballesteros",N/A,Spanish,Mexico,N/A,https://m.media-amazon.com/images/M/MV5BY2E1YmU5NjQtMTc5YS00ZTM5LWEwNjYtNjU5YjhiOTBkNzRhXkEyXkFqcGdeQXVyMzQxNzU3NA@@._V1_SX300.jpg,[],N/A,N/A,N/A,tt0281470,series,,,,,True,CINE.pdf,1
"Músico, poeta y loco",1948,N/A,08 May 1948,90 min,"Comedy, Music",Humberto Gómez Landero,"Antonio Guzmán Aguilera, Humberto Gómez Landero","Germán Valdés, Marcelo Chávez, Meche Barba",N/A,Spanish,Mexico,N/A,https://m.media-amazon.com/images/M/MV5BMzZiNzhiOTktMmM5Ny00OWM2LTlhYjYtYTNhNzQzNjczNjkyXkEyXkFqcGdeQXVyNDA5NDY4MzU@._V1_SX300.jpg,"[{'Source': 'Internet Movie Database', 'Value': '7.3/10'}]",N/A,7.3,62,tt0249826,movie,N/A,N/A,N/A,N/A,True,CINE.pdf,
Birth of a Nation,1997,N/A,N/A,85 min,Documentary,Jonas Mekas,N/A,"Chantal Akerman, Kenneth Anger, Michel Auder","Mekas leads an archival avant-garde, a fast-paced parade of 160 underground film people he captured on film over four decades, described as, ""160 portraits or rather appearances, sketches and glimpses of avant-garde, independent filmmakers and film activists between 1955 and 1996. Why 'Birth of a Nation'? Because the film independents IS a nation in itself. We are surrounded by commercial cinema Nation same way as the indigenous people of the United States or of any other country are surrounded by the Ruling Powers. We are the invisible, but essential nation of cinema. We are the cinema.""",English,United States,N/A,https://m.media-amazon.com/images/M/MV5BMmE2YWFiODEtNDZkZi00OTljLWI3YmQtODRmOTk4MDY0OTU2XkEyXkFqcGdeQXVyMjI3MDczMjI@._V1_SX300.jpg,"[{'Source': 'Internet Movie Database', 'Value': '7.2/10'}]",N/A,7.2,104,tt0401265,movie,N/A,N/A,N/A,N/A,True,CINE.pdf,
Plaga zombie: Zona mutante,2001,N/A,21 Dec 2001,101 min,Horror,"Pablo Parés, Hernán Sáez","Pablo Parés, Hernán Sáez","Berta Muñiz, Pablo Parés, Hernán Sáez, Paulo Soria","Three survivors of a zombie outbreak (caused by an alien virus) intercepted by the authorities and thrown straight back into the now quarantined town. The trio, an ex pro-wrestler named John West (Pablo Parés), medical student Bill (Pablo Parés), and a nerd called Max (Hernán Sáez), fend off the undead whilst trying to figure out a way to escape their predicament.",Spanish,Argentina,N/A,https://m.media-amazon.com/images/M/MV5BMTgzNjE3MDY4OF5BMl5BanBnXkFtZTcwODE3MzEzMQ@@._V1_SX300.jpg,"[{'Source': 'Internet Movie Database', 'Value': '6.1/10'}]",N/A,6.1,650,tt0210909,movie,N/A,N/A,N/A,N/A,True,CINE.pdf,
Amarás,2022,N/A,07 Jun 2022,N/A,Drama,"Paula Hernández, Simone Sojo","Curro Bejarano, Joaquin Caballero, Bella Cutugno","Eloína Marcos, Rosa Sayago, Nico Dechent",N/A,Spanish,Spain,N/A,https://m.media-amazon.com/images/M/MV5BZDE2N2NhYmYtZjhiMS00YTdmLWIzNmMtMTY1OWE2NDEzMmE2XkEyXkFqcGdeQXVyMTgwODQ3MzAw._V1_SX300.jpg,[],N/A,N/A,N/A,tt32235855,movie,N/A,N/A,N/A,N/A,True,CINE.pdf,
"No eres tú, soy yo",2011–2020,N/A,14 Mar 2011,N/A,Talk-Show,N/A,N/A,"Carola Brethauer, Gabriel Martina, Javiera Suárez",N/A,Spanish,Chile,N/A,https://m.media-amazon.com/images/M/MV5BNDkyNzZiODMtNGI2OS00Njg3LThjZjktNmQyMzQ2YmI4N2VhXkEyXkFqcGdeQXVyMjM4OTczNjQ@._V1_SX300.jpg,[],N/A,N/A,7,tt4892932,series,,,,,True,CINE.pdf,1
Don't Tell Anyone (No Le Digas a Nadie),2015,N/A,21 Sep 2015,75 min,"Documentary, News",Mikaela Shwer,Mikaela Shwer,N/A,"In a community where silence is often seen as necessary for survival, undocumented activist Angy Rivera steps out of the shadows to share her parallel journey of being an undocumented immigrant and a victim of sexual assault.",English,United States,1 win,https://m.media-amazon.com/images/M/MV5BMzY2OTg1MTIwM15BMl5BanBnXkFtZTgwNDMwMTg3NjE@._V1_SX300.jpg,"[{'Source': 'Internet Movie Database', 'Value': '6.5/10'}]",N/A,6.5,31,tt3576292,movie,N/A,N/A,N/A,N/A,True,CINE.pdf,
Matarás,1999,N/A,N/A,18 min,"Short, Thriller",Camilo Cavalcante,Camilo Cavalcante,N/A,N/A,Portuguese,Brazil,N/A,https://m.media-amazon.com/images/M/MV5BZDBmMmRhYWItNDhhYi00MjNmLTk5ZTEtMmQ2YzE3MTRkMTY3XkEyXkFqcGdeQXVyMTI0Nzk5NTQ2._V1_SX300.jpg,[],N/A,N/A,N/A,tt14657972,movie,N/A,N/A,N/A,N/A,True,CINE.pdf,
Personnel,1975,N/A,13 Jan 1976,67 min,Drama,Krzysztof Kieslowski,Krzysztof Kieslowski,"Juliusz Machulski, Irena Lorentowicz, Wlodzimierz Borunski","Romek, an idealistc 19-year-old boy, takes a job as a tailor in the costume department of a Warsaw theater company where his new colleague, Sowa, is pressured to make a costume for an overbearing soloist, named Siedlecki, who does not like the final result and takes his problems on Sowa and Romek who defends him.",Polish,Poland,3 wins,https://m.media-amazon.com/images/M/MV5BMzBjMDIyOTAtYjM2Zi00NGNmLThkMjktNzhiNjRjMjlmODdkXkEyXkFqcGc@._V1_SX300.jpg,"[{'Source': 'Internet Movie Database', 'Value': '6.7/10'}]",N/A,6.7,578,tt0073532,movie,N/A,N/A,N/A,N/A,True,CINE.pdf,
No se lo digas a nadie,1985,N/A,N/A,12 min,"Short, Thriller",José Luis Velasco,"Juan Madrid, José Luis Velasco","María Barranco, José Manuel Cervino, Joaquín Climent",N/A,Spanish,Spain,N/A,N/A,[],N/A,N/A,N/A,tt0428890,movie,N/A,N/A,N/A,N/A,True,CINE.pdf,
Golpe de estadio,1998,N/A,25 Dec 1998,105 min,"Comedy, Romance, Sport",Sergio Cabrera,"Sergio Cabrera, Humberto Dorado, Claudia Gómez","Emma Suárez, Nicolás Montero, César Mora","An oil company has set up a camp for geological research in a small village in Colombia that have been named New Texas so it becomes the target of the guerrillas holding constant clashes with police in the area, the confrontation is altered in the interest of the sides of continuing the transmission of the world Cup qualifiers of U.S. 94 as a truce to end up doing together to watch the match between Colombia and the National Team Selection in Argentina remains the only TV working in the town.",Spanish,"Spain, Italy, Colombia",1 win & 1 nomination,https://m.media-amazon.com/images/M/MV5BNDRkMzZjYjctMDU5Ni00NWZiLWI4MGEtMzZjNzA4MDlkZjk0XkEyXkFqcGc@._V1_SX300.jpg,"[{'Source': 'Internet Movie Database', 'Value': '6.7/10'}]",N/A,6.7,444,tt0183127,movie,N/A,N/A,N/A,N/A,True,CINE.pdf,
"Visiones, no todo es lo que parece",2005,N/A,N/A,80 min,N/A,Diego F. Antico,Diego F. Antico,"Martín Amuy, Pablo Antico, Silvio Bertero, Valeria Cavassa",N/A,Spanish,Argentina,N/A,N/A,[],N/A,N/A,N/A,tt0493961,movie,N/A,N/A,N/A,N/A,True,CINE.pdf,
Stalgia,2021,N/A,N/A,13 min,"Short, Drama",Michaela Jill Murphy,Michaela Jill Murphy,"Michaela Jill Murphy, Samantha Pilar, Alexander Rios","Kate moved back home due to Covid-19 and enjoys a sunny afternoon with her friends (Dex, Hope, and Royal) during quarantine. After some fun, Kate has a heart to heart with long time friend and partial love interest, Roy, and they reminisce about high school days. Kate wants to move across the country to pursue writing but is a bit nervous, and Roy wants her to stay. The two eventually meet in the middle and part on good terms as the whole crew gazes into the sunset.",English,United States,N/A,https://m.media-amazon.com/images/M/MV5BNDRjZmJjYjUtODdjOC00MjA2LWFlYTYtYzRlOGM4ODhkZmQwXkEyXkFqcGdeQXVyOTE2OTYxMw@@._V1_SX300.jpg,[],N/A,N/A,N/A,tt13827944,movie,N/A,N/A,N/A,N/A,True,CINE.pdf,
Atlantis,2013–2015,TV-PG,23 Nov 2013,1 min,"Adventure, Drama, Fantasy",N/A,"Howard Overman, Johnny Capps, Julian Murphy","Mark Addy, Jack Donnelly, Robert Emms","Far from home, Jason washes up on the shores of the ancient and mysterious city of Atlantis.",English,United Kingdom,4 nominations total,https://m.media-amazon.com/images/M/MV5BZWFiNGMxNGUtYjRmYy00ZDJhLTlkOTQtZWJiOWZkZTE0ZDdiXkEyXkFqcGc@._V1_SX300.jpg,"[{'Source': 'Internet Movie Database', 'Value': '6.5/10'}]",N/A,6.5,"12,723",tt2705602,series,,,,,True,CINE.pdf,2
Rose,2011,N/A,03 Feb 2012,90 min,"Drama, War",Wojciech Smarzowski,Michal Szczerbic,"Marcin Dorocinski, Agata Kulesza, Malwina Buss","A harrowing tale of survival centers on Rose, a Masurian woman, whose husband, a German soldier, was killed in the war, leaving her alone on their farm. A single woman had no defense against Russian soldiers who raped as a form of revenge, nor against plundering Poles who found themselves in desperate straits. The law of the jungle had replaced the rule of law. Help arrives for Rose in the form of Tadeusz, a former officer in the Polish Home Army who survived the Warsaw uprising and is attempting to hide his identity.","Polish, German, Russian",Poland,16 wins & 5 nominations,https://m.media-amazon.com/images/M/MV5BZjA4ZTQ1YWEtMTNmYi00YzU2LWE0ZDEtZTQ1NTBiY2NkN2JhXkEyXkFqcGc@._V1_SX300.jpg,"[{'Source': 'Internet Movie Database', 'Value': '7.6/10'}]",N/A,7.6,"4,041",tt2043979,movie,N/A,N/A,N/A,N/A,True,CINE.pdf,
The New Adventures of Madeline,1995–2001,TV-Y,12 Aug 1995,23 min,"Animation, Adventure, Family",N/A,N/A,"David Morse, Andrea Libman, Stevie Louise Vallance","Based on Ludwig Bemelmans' classic books, MADELINE stars a clever little redheaded girl whose capricious antics have won the hearts of children, parents and educators everywhere. Narrated in rhyme by Christopher Plummer, who was awarded a Prime Time Emmy Award for his voice-over work, MADELINE has been recognized as one of the highest quality animated programs produced for television. MADELINE's many awards include a Cable ACE Award for children's series, TV Guide's Top Ten Children's Programs for 1994 and TV Guide's Top Children's Video Programs for 1995.",English,United States,Won 1 Primetime Emmy. 3 wins & 7 nominations total,https://m.media-amazon.com/images/M/MV5BMTExNzNlZWMtZDM4Zi00NzUxLTljNzgtMTBhNDlmMDhjYTM1XkEyXkFqcGc@._V1_SX300.jpg,"[{'Source': 'Internet Movie Database', 'Value': '7.9/10'}]",N/A,7.9,202,tt0262977,series,,,,,True,CINE.pdf,3
Oblivion,2013,PG-13,19 Apr 2013,124 min,"Action, Adventure, Sci-Fi",Joseph Kosinski,"Karl Gajdusek, Michael Arndt, Joseph Kosinski","Tom Cruise, Morgan Freeman, Andrea Riseborough","One of the few remaining drone repairmen assigned to Earth, its surface devastated after decades of war with the alien Scavs, discovers a crashed spacecraft with contents that bring into question everything he believed about the war, and may even put the fate of mankind in his hands.",English,"United States, United Kingdom, Japan, Iceland",1 win & 17 nominations total,https://m.media-amazon.com/images/M/MV5BMTQwMDY0MTA4MF5BMl5BanBnXkFtZTcwNzI3MDgxOQ@@._V1_SX300.jpg,"[{'Source': 'Internet Movie Database', 'Value': '7.0/10'}, {'Source': 'Rotten Tomatoes', 'Value': '53%'}, {'Source': 'Metacritic', 'Value': '54/100'}]",54,7.0,"583,313",tt1483013,movie,N/A,"$89,107,235",N/A,N/A,True,CINE.pdf,
Luggage,2015,N/A,14 Mar 2015,80 min,"Adventure, Drama, Thriller",Jonesy Jones,Jonesy Jones,"Adam Brotman, Larry Thompson, Brinton Ward","In a mysterious desert world, a young man embarks on a perilous adventure where he discovers that letting go is the only way to save himself.",English,United States,N/A,https://m.media-amazon.com/images/M/MV5BMjM2NjY4OTMxN15BMl5BanBnXkFtZTgwMzcxNjkyMjE@._V1_SX300.jpg,[],N/A,N/A,12,tt2443726,movie,N/A,N/A,N/A,N/A,True,CINE.pdf,
Oliver Twist,2005,PG-13,30 Sep 2005,130 min,"Crime, Drama",Roman Polanski,"Charles Dickens, Ronald Harwood","Barney Clark, Ben Kingsley, Jeremy Swift","In the Nineteenth Century, orphan Oliver Twist is sent from the orphanage to a workhouse, where the children are mistreated and barely fed. He moves to the house of an undertaker, but after an unfair severe spank, he starts a seven day runaway to London. He arrives exhausted and starving, and is soon welcomed in a gang of pickpockets lead by the old crook Fagin. When he is mistakenly taken as a thief, the wealthy victim Mr. Brownlow brings Oliver to his home and shelters him. But Fagin and the dangerous Bill Sykes decide to kidnap Oliver to burglarize Mr. Brownlow's fancy house.",English,"Czech Republic, United Kingdom, France, United States",2 wins & 4 nominations total,https://m.media-amazon.com/images/M/MV5BZDBiNjAxMjQtODZiNi00NDUxLWJlZTctMmUwODc2NTM2ZjQyXkEyXkFqcGc@._V1_SX300.jpg,"[{'Source': 'Internet Movie Database', 'Value': '6.8/10'}, {'Source': 'Metacritic', 'Value': '65/100'}]",65,6.8,"35,189",tt0380599,movie,19 Sep 2006,"$2,080,321",N/A,N/A,True,CINE.pdf,
Segunda Oportunidad,2022,N/A,02 Dec 2022,8 min,"Short, Comedy",Carlos Mera,Carlos Mera,Daniel Núñez,N/A,N/A,Spain,N/A,N/A,[],N/A,N/A,N/A,tt32176854,movie,N/A,N/A,N/A,N/A,True,CINE.pdf,
Ella (Trágica obsesión),1973,N/A,07 Dec 1973,82 min,Drama,Tulio Demicheli,Juan Ignacio Galván,"Glen Lee, Patty Shepard, Mariano Vidal Molina",N/A,Spanish,Spain,N/A,https://m.media-amazon.com/images/M/MV5BNWFhNDZlODctNTdkZS00YTk1LTgyNTUtMjA2MDA4OWU2NWEzXkEyXkFqcGdeQXVyMTAxMDQ0ODk@._V1_SX300.jpg,[],N/A,N/A,N/A,tt0068534,movie,N/A,N/A,N/A,N/A,True,CINE.pdf,
Valkyrie,2008,PG-13,25 Dec 2008,121 min,"Drama, History, Thriller",Bryan Singer,"Christopher McQuarrie, Nathan Alexander","Tom Cruise, Bill Nighy, Carice van Houten","In Nazi Germany during World War II, as the tide turned in favor of the Allies, a cadre of senior German officers and politicians desperately plot to topple the Nazi regime before the nation is crushed in a nearly inevitable defeat. To this end, Colonel Claus von Stauffenberg, an Army officer convinced he must save Germany from Adolf Hitler, is recruited to mastermind a real plan. To do so, he arranges for the internal emergency measure, Operation: Valkyrie, to be changed to enable his fellows to seize control of Berlin after the assassination of Der Führer. However, even as the plan is put into action, a combination of bad luck and human failings conspire on their own to create a tragedy that would prolong the greater one gripping Europe.","English, German","United Kingdom, France, Germany, Italy, Spain, Japan, United States",3 wins & 11 nominations total,https://m.media-amazon.com/images/M/MV5BMTg3Njc2ODEyN15BMl5BanBnXkFtZTcwNTAwMzc3NA@@._V1_SX300.jpg,"[{'Source': 'Internet Movie Database', 'Value': '7.1/10'}, {'Source': 'Rotten Tomatoes', 'Value': '62%'}, {'Source': 'Metacritic', 'Value': '56/100'}]",56,7.1,"272,480",tt0985699,movie,N/A,"$83,077,833",N/A,N/A,True,CINE.pdf,
El octavo día de la creación,2003,N/A,11 Apr 2003,15 min,"Animation, Short, Fantasy","Rita Basulto, Juan J. Medina",N/A,Gonzalo Gavira,"At the end of the eighth day, the Creator has taken refuge in a dark dungeon. Obsessed with transcending, he manipulates life to the extreme and tries to engender the perfect being that will immortalize him.",None,Mexico,2 wins,https://m.media-amazon.com/images/M/MV5BMGU4Y2M0MzQtMjg0YS00NTNjLWFjNjEtZjc1NTJiYTM0YzZlXkEyXkFqcGdeQXVyMTMxMzUzNzc5._V1_SX300.jpg,"[{'Source': 'Internet Movie Database', 'Value': '6.8/10'}]",N/A,6.8,74,tt0276369,movie,N/A,N/A,N/A,N/A,True,CINE.pdf,
El orfanato llega a Hollywood,2007,N/A,14 Dec 2007,39 min,Documentary,Gonzalo Cabrera,Raquel Santos,"Belén Rueda, J.A. Bayona, Geraldine Chaplin",N/A,"English, Catalan, Spanish",Spain,N/A,https://m.media-amazon.com/images/M/MV5BZjY3MTA5N2QtMGUyZS00MGZmLWFhNjAtYTkxNjc1MzhkYWYxXkEyXkFqcGc@._V1_SX300.jpg,"[{'Source': 'Internet Movie Database', 'Value': '6.3/10'}]",N/A,6.3,29,tt1158755,movie,N/A,N/A,N/A,N/A,True,CINE.pdf,
El Origen,2020,N/A,14 Mar 2020,6 min,"Short, History","Carlos Javier González Calero, Jannik Ohlendieck","Carlos Javier González Calero, Jannik Ohlendieck",Regina Pérez,"""El Origen"" is the age-old story of the origin of light and its relationship with life on Earth. The short film establishes light's significance to humanity as well as the evolution of the world.",Spanish,Spain,N/A,https://m.media-amazon.com/images/M/MV5BZTkxMjg1OTMtNjM1Ny00Nzk1LWIwYjktY2MzMjBhY2EzMDg2XkEyXkFqcGdeQXVyODAzMTk2NzQ@._V1_SX300.jpg,[],N/A,N/A,N/A,tt11985244,movie,N/A,N/A,N/A,N/A,True,CINE.pdf,
Oscar Wilde,1960,Not Rated,01 May 1960,96 min,"Biography, Drama, History",Gregory Ratoff,"Jo Eisinger, Leslie Stokes, Frank Harris","Robert Morley, Phyllis Calvert, Ralph Richardson","In the 1890s, famed writer Oscar Wilde embarks on a relationship with Lord Alfred Douglas, despite his marriage to Constance. As their relationship creates a public scandal and feeds the outrage of Alfred's father, the Marquis of Queensberry, Wilde charges the Marquis with libel - a decision that turns against him when the Marquis' lawyer leads him to admit to his homosexuality, resulting in Wilde's own prosecution.",English,United Kingdom,N/A,https://m.media-amazon.com/images/M/MV5BMjU3NWY0Y2QtNDg1OS00NTI0LWFmODEtNGJjY2UzNTIyNzA4XkEyXkFqcGdeQXVyMTY5Nzc4MDY@._V1_SX300.jpg,"[{'Source': 'Internet Movie Database', 'Value': '6.8/10'}]",N/A,6.8,624,tt0053149,movie,N/A,N/A,N/A,N/A,True,CINE.pdf,
Otra mujer,1986,N/A,N/A,N/A,N/A,Daniel Díaz Torres,Jesús Díaz,"Bobby Carcassés, René de la Cruz, Dagoberto Gainza","It reflects the transformation which a woman undergoes in the crisis of personal fulfillment that her husband is going through. In the middle of a complex process, marked by contradictions and failures, she will grow and express her independence as a human being. She will be another woman, determined to continue the difficult and unknown daily struggle.",Spanish,Cuba,N/A,N/A,[],N/A,N/A,N/A,tt0138001,movie,N/A,N/A,N/A,N/A,True,CINE.pdf,
La otra familia,1996,N/A,16 Sep 1996,N/A,Drama,N/A,N/A,"Héctor Melgares, Blanca Portillo, Antonio Hortelano",N/A,Spanish,N/A,N/A,N/A,[],N/A,N/A,N/A,tt0400007,series,,,,,True,CINE.pdf,1
La otra virginidad,1975,N/A,24 Apr 1975,110 min,Drama,Juan Manuel Torres,"Luis Carrion, Juan Manuel Torres","Valentín Trujillo, Leticia Perdigón, Arturo Beristáin","Is really hard to see this type of movies, the plot is so vague that you Ask yourselves what's this movie all about, the movie is very slow, the characters are very poor portrayed and not well connected, is hard to know who is who and you need to remember why they are involved. Two girls are waitresses in a coffee shop, 5 retired male persons meet daily in the coffee shop making bets to see which one of the mature ladies will leave earlier, these mature ladies are seeking for a relationship and placed an add on the news paper, the retired male persons answered the add and check out how many showed up, then the bets start. In the mean time one male person (Valentin Trujillo) who delivers film to theaters is attracted to one of the waitress and plays hard to get (Leticia Perdigon) he also has a friend who wants him to go out with the other waitress (Meche Carreño) but as a terminal illness and doesn't want to talk about it, he dies but never revealing the illness. The film delivery guy gets very up set when he finds what they are doing to these mature Ladies, that same night of lady is so depress that she shoots herself in the coffee shop and the film delivery guy shoots the older male persons and goes to jail. Almost at the end of the movie you might get an idea of the semi-plot but then again the end is so wide open that you need use your imagination.",Spanish,Mexico,1 win & 5 nominations,https://m.media-amazon.com/images/M/MV5BZmRlZDNlYWYtNjFjZS00NTJkLTg4NWQtN2FlN2JhZThmMzJlXkEyXkFqcGc@._V1_SX300.jpg,"[{'Source': 'Internet Movie Database', 'Value': '6.7/10'}]",N/A,6.7,86,tt0134875,movie,N/A,N/A,N/A,N/A,True,CINE.pdf,
Out for a Kill,2003,R,19 Aug 2003,90 min,"Action, Crime, Thriller",Michael Oblowitz,"Danny Lerner (story), Dennis Dimster (screenplay)","Michelle Goh, Steven Seagal, Corey Johnson, Tom Wu","Archeology Professor Robert Burns is on location leading an important dig in the ancient ruins on the Far Eastern Chinese border. He accidentally discovers that the Chinese Mafia, the Tong, is using his newly discovered ancient Chinese artifacts to hide and smuggle narcotics across the border. Robert immediately tries to flee with his assistant and narrowly manages to escape the pursuing Tong but not without a heavy price. His loyal assistant is killed and he is framed with the evidence at the Chinese border by the Chinese military and U.S. Drug Enforcement Agency. He is locked up in a Chinese prison where he is guilty until proven innocent. His loving wife Maya vows to help get him out of jail. The DEA finally convinces the Chinese military that Robert may be of more help to them outside jail by leading them to the real smugglers. Once he leaves his Chinese prison cell Robert would rather enjoy his freedom back in the U.S. and keep his past behind him, but The Tong catches up to him and threatens not only his life but that of his wife. They threatened the wrong man. Secrets of Robert's past start to emerge as he unleashes his awesome martial arts fighting abilities to defend himself and his wife. Now that The Tong and their drug cartel know who he is they will stop at nothing to kill Robert to protect their own corrupt interests. To avenge the lives of loved ones he has lost, Robert must hunt down, pursue and find each of the Tong members. In a classic homage to Chinese martial arts films, he is involved in intense hand to hand combat including sword fighting, guns, car chases, and other ingenious forms of fighting to mame and kill these Tong members. He deciphers their ancient coded Tong tattoos which leads him to their don, Wong Dai- The Emperor; the man who controls an empire of crime and corruption across many borders. As an added twist Robert discovers upon meeting Wong Dai, that the evil man himself has been manipulating our protagonist in order to have him kill Wong Dai's own Tong members and thus, secure the ill gotten gains of Wong Dai's empire of crime for himself.",English,"Aruba, USA",N/A,https://m.media-amazon.com/images/M/MV5BOGU1NjllNWMtNjRiNC00YjFmLWJlNzItZTUyYjFhNjc0MjdlXkEyXkFqcGdeQXVyNjQ2MjQ5NzM@._V1_SX300.jpg,"[{'Source': 'Internet Movie Database', 'Value': '3.4/10'}]",N/A,3.4,"6,083",tt0323531,movie,N/A,N/A,N/A,N/A,True,CINE.pdf,
Osama,2003,PG-13,27 Jun 2003,83 min,Drama,Siddiq Barmak,Siddiq Barmak,"Marina Golbahari, Zubaida Sahar, Khwaja Nader","The Taliban are ruling Afghanistan, they being a repressive regime especially for women, who, among other things, are not allowed to work. This situation is especially difficult for one family consisting solely of three women representing three successive generations. All the males in their family have died in various Afghani wars. The mother had been working as a nurse in a hospital, but regardless of she not being allowed to work, the Taliban has cut off funding to the hospital. The mother and grandmother make what they feel is the only decision they can to survive: they will have the preteen daughter masquerade as a boy so that she can get a job to support the family. The daughter, feeling powerless, agrees despite being scared as if the Taliban discover her masquerade, she is certain they will kill her. Partly as a symbolic measure, the daughter plants a lock of her now cut hair in a pot so that her lost femininity can flourish. The only people outside the family who know of the ruse are the milk vendor who employs the daughter - he who was a friend of her deceased father - and a local boy named Espandi who recognizes her despite her outward change in appearance. Espandi renames her Osama. The masquerade becomes more difficult when the Taliban recruit all the local boys to school, which includes military training.","Dari, Pashtu, English, French, Arabic","Afghanistan, Ireland, Japan, Netherlands, Iran",15 wins & 13 nominations total,https://m.media-amazon.com/images/M/MV5BMTg3NTM5MDAxMF5BMl5BanBnXkFtZTcwNTk0OTQyMQ@@._V1_SX300.jpg,"[{'Source': 'Internet Movie Database', 'Value': '7.3/10'}, {'Source': 'Rotten Tomatoes', 'Value': '96%'}, {'Source': 'Metacritic', 'Value': '83/100'}]",83,7.3,"9,671",tt0368913,movie,N/A,"$1,270,904",N/A,N/A,True,CINE.pdf,
Los olvidados,2018,N/A,01 Apr 2018,75 min,Documentary,Agustín Flores,N/A,"Don Cony, Kitty, Nancy","Aníbal González - ""DON CONY"", and his brother Christian González - ""KITTY"" were born and raised in Marconi neighborhood, which is considered one of the most dangerous zones of Montevideo, Uruguay. Today, they struggle to make a li...",Spanish,Uruguay,N/A,https://m.media-amazon.com/images/M/MV5BMmYwZDUyYzctMjAzMC00Y2FmLTllMGQtN2NjZjBjNWU2OTUwXkEyXkFqcGdeQXVyOTQ4Nzc4NDE@._V1_SX300.jpg,"[{'Source': 'Internet Movie Database', 'Value': '6.0/10'}]",N/A,6.0,5,tt8828808,movie,N/A,N/A,N/A,N/A,True,CINE.pdf,
Los Pájaros,2021,N/A,10 Jul 2021,N/A,"Short, Drama",Natalio Pagés,N/A,"Daniel Krohn, María Andrea Turdera","Rodrigo is a lonely guy. After a bad breakup, he couldn't face the grieving process. And since then, he hasn't found new companion. As a way of dealing with the pain, he began to lock himself in his house to listen to progressive ...",Spanish,Argentina,N/A,https://m.media-amazon.com/images/M/MV5BYmMwODE5YTMtYTlmNS00MTBlLWI5ZjQtMzM5MzQxZmVjMDMyXkEyXkFqcGc@._V1_SX300.jpg,[],N/A,N/A,N/A,tt7999306,movie,N/A,N/A,N/A,N/A,True,CINE.pdf,
El Oso,2017,N/A,N/A,18 min,"Short, Drama",Colin Earner,Adriel Velazquez,"Shaira Barton, Miguel Girona, Alvino Medina","Tom is an estranged father who has not seen his daughter since she was born. With the news of his grandchild's birth, he attends a family celebration where he must face the consequences of his past.","English, Spanish",United States,N/A,https://m.media-amazon.com/images/M/MV5BYzRiMjcxNWQtNGNkYi00MjExLWEzYTMtMjBjYzI5Mzc2M2ZhXkEyXkFqcGdeQXVyNDE1MTU3MzM@._V1_SX300.jpg,[],N/A,N/A,N/A,tt8399562,movie,N/A,N/A,N/A,N/A,True,CINE.pdf,
Pandemia,2012,N/A,06 Dec 2012,90 min,"Adventure, Drama, Sci-Fi",Lucio Fiorentino,N/A,"Chiara Baffi, Veronica De Laurentiis, Marco Foschi",A tremendous plague was brought by the rain. Some survivors has found shelter in a small village in the countryside. A boy comes in the community and everything changes.,Italian,Italy,N/A,https://m.media-amazon.com/images/M/MV5BMTQ2NTYzMTQyNV5BMl5BanBnXkFtZTcwNjgzMzY3Mw@@._V1_SX300.jpg,"[{'Source': 'Internet Movie Database', 'Value': '4.0/10'}]",N/A,4.0,31,tt1673647,movie,N/A,N/A,N/A,N/A,True,CINE.pdf,
The Pink Panther Strikes Again,1976,PG,15 Dec 1976,103 min,"Comedy, Crime",Blake Edwards,"Frank Waldman, Blake Edwards","Peter Sellers, Herbert Lom, Lesley-Anne Down","Charles Dreyfus (Herbert Lom) escapes from the mental asylum and tries to kill Chief Inspector Jacques Clouseau (Peter Sellers). He doesn't succeed at first, so he takes on another strategy, namely to build a Doomsday machine and demand that someone else kills Jacques Clouseau, or Dreyfus will use the machine to wipe out whole cities and even whole countries. With about twenty-six assassins from all over the globe on his tail, Clouseau decides to find Dreyfus alone and put him back in the mental asylum.",English,"United Kingdom, United States",Nominated for 1 Oscar. 2 wins & 3 nominations total,https://m.media-amazon.com/images/M/MV5BMzdhZDYxYjktYjdhOS00MDAyLTk3YjgtNTc5ZmVmYmVjMjJiXkEyXkFqcGc@._V1_SX300.jpg,"[{'Source': 'Internet Movie Database', 'Value': '7.1/10'}, {'Source': 'Rotten Tomatoes', 'Value': '72%'}, {'Source': 'Metacritic', 'Value': '60/100'}]",60,7.1,"33,587",tt0075066,movie,N/A,"$33,833,201",N/A,N/A,True,CINE.pdf,
Paranoid Park,2007,R,24 Oct 2007,85 min,"Crime, Drama, Mystery",Gus Van Sant,"Gus Van Sant, Blake Nelson","Gabe Nevins, Daniel Liu, Taylor Momsen","The teenager and skateboarder Alex is interviewed by Detective Richard Lu that is investigating the death of a security guard in the rail yards severed by a train who was apparently hit by a skate board. While dealing with the separation process of his parents and the sexual heat of his virgin girlfriend Jennifer, Alex writes his last experiences in Paranoid Park with his new acquaintances and how the guard was killed, trying to relieve his feeling of guilty from his conscience.","English, French","France, United States",7 wins & 14 nominations,https://m.media-amazon.com/images/M/MV5BMTM4NjM1MTg2Nl5BMl5BanBnXkFtZTcwMjc2MDE2MQ@@._V1_SX300.jpg,"[{'Source': 'Internet Movie Database', 'Value': '6.6/10'}, {'Source': 'Rotten Tomatoes', 'Value': '76%'}, {'Source': 'Metacritic', 'Value': '84/100'}]",84,6.6,"32,216",tt0842929,movie,N/A,"$486,767",N/A,N/A,True,CINE.pdf,
Thief,1981,R,27 Mar 1981,123 min,"Action, Crime, Drama",Michael Mann,"Michael Mann, Frank Hohimer","James Caan, Tuesday Weld, Willie Nelson","Frank is an expert professional safecracker, specializing in high-profile diamond jobs. After having spent many years in prison, he has a very concrete picture of what he wants out of life--including a nice home, a wife, and kids. As soon as he is able to assemble the pieces of this collage, by means of his chosen profession, he intends to retire and become a model citizen. In an effort to accelerate this process, he signs on to take down a huge score for a big-time gangster. Unfortunately, Frank's obsession for his version of the American Dream allows him to overlook his natural wariness and mistrust, when making the deal for his final job. He is thus ensnared and robbed of his freedom, his independence, and, ultimately, his dream.",English,United States,2 wins & 6 nominations total,https://m.media-amazon.com/images/M/MV5BNzk2MGQ3NjMtNDc4Yy00NzEwLTk5ZDQtNzYwMjhmMzcwN2JiXkEyXkFqcGc@._V1_SX300.jpg,"[{'Source': 'Internet Movie Database', 'Value': '7.4/10'}, {'Source': 'Rotten Tomatoes', 'Value': '80%'}, {'Source': 'Metacritic', 'Value': '78/100'}]",78,7.4,"42,015",tt0083190,movie,N/A,"$11,492,915",N/A,N/A,True,CINE.pdf,
Padre Nuestro,2005,N/A,05 Oct 2006,105 min,"Comedy, Drama",Rodrigo Sepúlveda,Rodrigo Sepúlveda,"Luis Gnecco, Francisco Pérez-Bannen, Amparo Noguera",Children come to a hospital to visit their dying father they haven't seen for 8 years. They try to recover their relationships before he dies.,Spanish,"Chile, Argentina",2 wins & 4 nominations,https://m.media-amazon.com/images/M/MV5BMzlmYTg2M2QtZWRhNy00YzY2LWI3YjQtNTM2Yjg0YjRjODU4XkEyXkFqcGdeQXVyMTcxNTYyMjM@._V1_SX300.jpg,"[{'Source': 'Internet Movie Database', 'Value': '6.3/10'}]",N/A,6.3,173,tt0483305,movie,31 Aug 1993,N/A,N/A,N/A,True,CINE.pdf,
Párpados azules,2007,R,01 Feb 2008,98 min,"Comedy, Drama",Ernesto Contreras,Carlos Contreras,"Cecilia Suárez, Enrique Arreola, Magali Boysselle","Marina wins a paradise vacation for two, but when she realizes that she has no one to bring along, she decides to invite a stranger named Victor. The pair soon discovers that true love depends more on compatibility rather than idyllic scenery.",Spanish,Mexico,10 wins & 7 nominations,https://m.media-amazon.com/images/M/MV5BMTQxODI3Mzg0OV5BMl5BanBnXkFtZTcwMDgxMTY0MQ@@._V1_SX300.jpg,"[{'Source': 'Internet Movie Database', 'Value': '6.9/10'}, {'Source': 'Rotten Tomatoes', 'Value': '82%'}]",N/A,6.9,854,tt0481320,movie,N/A,N/A,N/A,N/A,True,CINE.pdf,
Dragon Ball Z,1996–2003,TV-PG,13 Sep 1996,17S min,"Animation, Action, Adventure",N/A,N/A,"Doc Harris, Christopher Sabat, Scott McNeil","Son Goku, the world's most powerful fighter and guardian of justice, must protect the Earth from the Saiyan Warriors working under the tyrannical space warlord Frieza. Against all odds, Goku must team up with his longtime nemesis Piccolo to save everyone he loves from these new, unpredictable threats to humanity.","Japanese, English","Japan, United States, Canada",N/A,https://m.media-amazon.com/images/M/MV5BN2VlNTdlMzQtYzE5OC00YmYwLTgyZTItYjEzMWY0ZDNjMTJhXkEyXkFqcGc@._V1_SX300.jpg,"[{'Source': 'Internet Movie Database', 'Value': '8.8/10'}]",N/A,8.8,"165,034",tt0214341,series,,,,,True,CINE.pdf,16
Pasión de amor,2015–2016,N/A,01 Jun 2015,N/A,"Crime, Drama, Romance",N/A,N/A,"Teresa Loyzaga, Wendell Ramos, Kazel Kinouchi","Follow the story of the Samonte family: Juan (Jake Cuenca), Oca (Ejay Falcon), Cocoy (Joseph Marco), and Lyvia (Ingrid dela Paz). Juan, being the eldest, wanted to provide a better life for his family after their parents died. Little did Juan and his brothers know that Olivia was seeing a much older and wealthy man, Bernardo Elizondo (Ronaldo Valdez). When Bernardo's wife, Gabriela (Teresa Loyzaga), finds out about his affair, she hires men to kill Olivia. When Olivia was brutally raped and murdered, Juan and his brothers will stop at nothing to bring justice to her death.The Samonte brothers will infiltrate the household of the Elizondos, the family Juan suspects is responsible for what happened to Lyvia. There, Juan will meet Gabriela - the powerful matriarch, and Norma (Arci Muñoz) - the mysterious eldest daughter who has unwittingly captured his interest.The more he spends time with the family, the more he's sure of Gabriela's guilt. But her daughters, Norma in particular, will protect their family and their mother no matter what. Juan must think of a way to get closer to the truth he's so desperately seeking, and the only way he finds is to make Norma fall in love. As time passes they have to fight for their love under the dangers caused by Gabriel Salcedo (Wendell Ramos), Gabriela's illegitimate son, and tries to succeed but as Juan and Norma get married along with Oca and Sari (Ellen Adarna) and Cocoy and Jamie (Coleen Garcia), they suffered in the hands of Gabriel during their honeymoon and succeeds in killing Jamie. Gabriel kidnaps Oca and Sari and the rest including JD and plants a bomb in the cave at first they succeed but they got caught causing Norma to have an accident in order for her and Juan's son to escape. As for Gabriela, she teams up with them to destroy her son to stop his plan and kills both Gabriel and his father, Lazaro, in order to be safe. Norma is sent to the hospital to recover but as the doctors stated that Norma will die causing Gabriela to redeem her soul and regret her sins. At the hospital lobby, the Elizondos and Samontes are visited by a young image of the Elizondos father, Bernardo, and gives his daughter her life back and gives a chance of redemption of their mistakes, as a sign of Gabriela's sorrowful cries and hopes of a new hope. Two years later, they finally lived a peaceful life after all the struggles and hardships in the past years and Juan remembers his promise to his father for being the eldest he must be ready to protect his loved ones.","Filipino, English",Philippines,N/A,https://m.media-amazon.com/images/M/MV5BODVhNTk4NDYtZTdjZi00YTMwLWJkNDMtMThlODlkNzk3Y2IyXkEyXkFqcGc@._V1_SX300.jpg,[],N/A,N/A,44,tt15552682,series,,,,,True,CINE.pdf,1
La pasión de Cristo según los coras de la mesa del nayar,1970,N/A,N/A,34 min,Short,Alfonso Muñoz,Jorge Hernandez Moreno,N/A,N/A,Spanish,Mexico,N/A,N/A,[],N/A,N/A,N/A,tt1310614,movie,N/A,N/A,N/A,N/A,True,CINE.pdf,
Clementine,2004,N/A,14 Dec 2004,100 min,"Action, Drama",Du-yeong Kim,Hye-rim Eun,"Lee Dong-jun, Steven Seagal, Kim Hye-ri","Kim is a Taekwondo champion who decides to give up his fighting career for good in order to take care of his daughter Sa Rang. But when an evil gambling kingpin kidnaps Sa Rang, Kim must agree to fight in a rigged boxing match in exchange for Sa Rang's freedom. Kim now finds himself face to face with ""King of the Cage"" fighter Jack Miller. A man who has never lost.","English, Korean","South Korea, United States",N/A,https://m.media-amazon.com/images/M/MV5BMDhmYzJmN2YtOTM5ZS00MzQ5LWIxOWUtZTY0ZDU4ZmE4ZjYwXkEyXkFqcGc@._V1_SX300.jpg,"[{'Source': 'Internet Movie Database', 'Value': '3.0/10'}]",N/A,3.0,"1,385",tt0406661,movie,N/A,N/A,N/A,N/A,True,CINE.pdf,
Las paredes hablan,2012,N/A,07 Dec 2012,N/A,"Drama, History",Antonio Zavala Kugler,Carmen Boullosa,"María Aura, Kuno Becker, Mario Zaragoza","This fascinating story weaves the historical calamities that marked the destiny of a nation, with the petty miseries and the tragic destinies of its people. It initiates with ""Casa Espíritu"" Spirit House in the prime of Mexico's Independence Movement (1810), as it's bricks speaks of its first habitants: A revolutionary priest, his artist friends and of his valiant daughter. One hundred years later, an identical construction is erected wall against wall; ""Casa Santo"" Saint's House. Now living in the two houses, inevitably confronting each other, are the Minister of War and his neighbors who are more inclined to the new tendencies that have brought the Revolution of 1910. Arriving to current times, the twin houses will be inhabited by families representatives of the social and ideological polarities of this country; the obscenely wealthy nouveau riche, whose affluence derives from corruption and shady businesses, and a family from the ancient lineage that is unable to adapt to the current changes.",Spanish,Mexico,N/A,https://m.media-amazon.com/images/M/MV5BOTY5ODE1ODQ2Ml5BMl5BanBnXkFtZTcwMDg5MTk1OA@@._V1_SX300.jpg,"[{'Source': 'Internet Movie Database', 'Value': '5.1/10'}]",N/A,5.1,78,tt2407420,movie,N/A,N/A,N/A,N/A,True,CINE.pdf,
¡Paso a la juventud..!,1958,N/A,11 Dec 1958,90 min,"Musical, Comedy",Gilberto Martínez Solares,"Juan García, Gilberto Martínez Solares, Fernando de Fuentes hijo","Germán Valdés, Ana Bertha Lepe, Erna Martha Bauman",N/A,Spanish,Mexico,N/A,https://m.media-amazon.com/images/M/MV5BMTQwNjE3NjUxNF5BMl5BanBnXkFtZTcwNTk4NTc2Mw@@._V1_SX300.jpg,"[{'Source': 'Internet Movie Database', 'Value': '5.5/10'}]",N/A,5.5,23,tt0050823,movie,N/A,N/A,N/A,N/A,True,CINE.pdf,
Patch Adams,1998,PG-13,25 Dec 1998,115 min,"Biography, Comedy, Drama",Tom Shadyac,"Patch Adams, Maureen Mylander, Steve Oedekerk","Robin Williams, Daniel London, Monica Potter","Patch Adams is determined to become a medical doctor because he enjoys helping people. Unfortunately, the medical and scientific community does not appreciate his methods of healing the sick, while the actual patients, medical professors, and hospital nurses all appreciate the work *he* can do, because they are unable to do it.",English,United States,Nominated for 1 Oscar. 1 win & 7 nominations total,https://m.media-amazon.com/images/M/MV5BYjEwMTJhMDktZDFjZi00MzQ5LTg0NWMtMDlhNmNiYWRkMDk1XkEyXkFqcGc@._V1_SX300.jpg,"[{'Source': 'Internet Movie Database', 'Value': '6.9/10'}, {'Source': 'Rotten Tomatoes', 'Value': '22%'}, {'Source': 'Metacritic', 'Value': '26/100'}]",26,6.9,"128,833",tt0129290,movie,N/A,"$135,026,902",N/A,N/A,True,CINE.pdf,
Patton,1970,PG,02 Apr 1970,172 min,"Biography, Drama, War",Franklin J. Schaffner,"Francis Ford Coppola, Edmund H. North, Ladislas Farago","George C. Scott, Karl Malden, Stephen Young","""Patton"" tells the tale of General George S. Patton, famous tank commander of World War II. The film begins with Patton's career in North Africa and progresses through the invasion of Europe and the fall of the Third Reich. Side plots also speak of Patton's numerous faults such his temper and tendency toward insubordination, faults that would prevent him from becoming the lead American general in the Normandy Invasion as well as to his being relieved as Occupation Commander of Germany.","English, German, French, Russian, Arabic, Italian",United States,Won 7 Oscars. 25 wins & 8 nominations total,https://m.media-amazon.com/images/M/MV5BYzQwNmI5MDItMGEyZi00Y2FjLTkzMTUtOTliOTIyOWRlN2Q0XkEyXkFqcGc@._V1_SX300.jpg,"[{'Source': 'Internet Movie Database', 'Value': '7.9/10'}, {'Source': 'Rotten Tomatoes', 'Value': '92%'}, {'Source': 'Metacritic', 'Value': '86/100'}]",86,7.9,"112,477",tt0066206,movie,N/A,"$61,749,765",N/A,N/A,True,CINE.pdf,
El patrullero 777,1978,N/A,27 Apr 1978,120 min,"Action, Comedy, Crime",Miguel M. Delgado,"Cantinflas, Isaac Díaz Araiza, Carlos León","Cantinflas, Ana Bertha Lepe, Valeria Pani","Follows Diogenes as he goes about his day as a police officer. He's prone to do things the right way, surrounded by a pretty much corrupt &amp; citizen distant police department, &amp; always resolves his duties with a personal method.",Spanish,Mexico,N/A,https://m.media-amazon.com/images/M/MV5BMDM1ZWY4NDItYTI3NC00NDM3LWIyYzQtNTQ5OGViMWRkODdlXkEyXkFqcGdeQXVyNDUzNzExOTE@._V1_SX300.jpg,"[{'Source': 'Internet Movie Database', 'Value': '6.4/10'}]",N/A,6.4,626,tt0076532,movie,N/A,N/A,N/A,N/A,True,CINE.pdf,
Peacock,2010,PG-13,28 May 2010,90 min,"Drama, Mystery, Thriller",Michael Lander,"Michael Lander, Ryan O Roy","Cillian Murphy, Elliot Page, Susan Sarandon",A train accident in rural Nebraska gradually unveils a mystery involving the town's bank clerk.,English,United States,N/A,https://m.media-amazon.com/images/M/MV5BMjA3MTg2NDA0Ml5BMl5BanBnXkFtZTcwNzI4ODIzMw@@._V1_SX300.jpg,"[{'Source': 'Internet Movie Database', 'Value': '6.2/10'}]",N/A,6.2,"12,734",tt1188113,movie,N/A,N/A,N/A,N/A,True,CINE.pdf,
Pearl Harbor,2001,PG-13,25 May 2001,183 min,"Action, Drama, Romance",Michael Bay,Randall Wallace,"Ben Affleck, Kate Beckinsale, Josh Hartnett","Pearl Harbor is a classic tale of romance set during a war that complicates everything. It all starts when childhood friends Rafe and Danny become Army Air Corps pilots and meet Evelyn, a Navy nurse. Rafe falls head over heels and he and Evelyn and Rafe hook up. Then Rafe volunteers to go fight in Britain, and Evelyn and Danny get transferred to Pearl Harbor. While Rafe is off fighting, suddenly one morning comes the air raid we now know as ""Pearl Harbor.""","English, Japanese, French, Latin, Chinese",United States,Won 1 Oscar. 14 wins & 51 nominations total,https://m.media-amazon.com/images/M/MV5BMTQ3MDc0MDc1NF5BMl5BanBnXkFtZTYwODI1ODY2._V1_SX300.jpg,"[{'Source': 'Internet Movie Database', 'Value': '6.3/10'}, {'Source': 'Rotten Tomatoes', 'Value': '24%'}, {'Source': 'Metacritic', 'Value': '44/100'}]",44,6.3,"367,857",tt0213149,movie,N/A,"$198,542,554",N/A,N/A,True,CINE.pdf,
Pelotón,2007–2010,N/A,02 Jan 2007,N/A,"Game-Show, Reality-TV",N/A,N/A,"Rafael Araneda, María Eugenia Larraín, Nabih Chadud",N/A,Spanish,Chile,1 win,https://m.media-amazon.com/images/M/MV5BOWM5MGM5NGItNjkwZS00ZjBmLTg2NTEtOGJjNjNkZjFmYjhiXkEyXkFqcGdeQXVyMTcxNTYyMjM@._V1_SX300.jpg,[],N/A,N/A,11,tt2084564,series,,,,,True,CINE.pdf,4
Pena de muerte,2012,N/A,01 Nov 2012,100 min,"Documentary, Animation, Action",Tevo Díaz,Tevo Díaz,"Maria Eliana Comene, Nelson Lillo Merodio, Simeon Rizo Castellon","Death Penalty is a doc film about the most thrilling series of crimes recorded in Chilean history. A group of psychopath killers murdered and raped without any precedent. The film wants to portray a wicked mind that found place, developed and expressed itself during the military government in the 80.",Spanish,"Chile, United States",N/A,N/A,"[{'Source': 'Internet Movie Database', 'Value': '6.9/10'}]",N/A,6.9,19,tt2635130,movie,N/A,N/A,N/A,N/A,True,CINE.pdf,
Pepe El Toro,1953,Not Rated,21 Aug 1953,120 min,Drama,Ismael Rodríguez,"Carlos Orellana, Ismael Rodríguez, Pedro de Urdimalas","Pedro Infante, Evita Muñoz 'Chachita', Amanda del Llano","Pepe el Toro becomes a boxer and accidentally kills his best friend during a semi-final match. Channeling his anger and frustration, Pepe goes on to win the championship while beginning close friends with his friend's widower. The...",Spanish,Mexico,4 nominations,https://m.media-amazon.com/images/M/MV5BZGQ5NjIzY2MtYzQ1Yi00YzA1LWEyYTYtN2MyZTlmMDBlNzY0XkEyXkFqcGc@._V1_SX300.jpg,"[{'Source': 'Internet Movie Database', 'Value': '7.3/10'}]",N/A,7.3,560,tt0045023,movie,N/A,N/A,N/A,N/A,True,CINE.pdf,
Sunshine,2007,R,27 Jul 2007,107 min,"Sci-Fi, Thriller",Danny Boyle,Alex Garland,"Cillian Murphy, Rose Byrne, Chris Evans","50 years into the future, the Sun begins to die, and Earth is dying as a result. A team of astronauts is sent to revive the Sun - but the mission fails. Seven years later, a new team is sent to finish the mission as mankind's last hope.",English,"United Kingdom, United States",1 win & 22 nominations total,https://m.media-amazon.com/images/M/MV5BNmExYTA4MGYtNWUwNC00YTZhLWE0YzUtMjI0OGYyMmQ4YTVkXkEyXkFqcGc@._V1_SX300.jpg,"[{'Source': 'Internet Movie Database', 'Value': '7.2/10'}, {'Source': 'Rotten Tomatoes', 'Value': '77%'}, {'Source': 'Metacritic', 'Value': '64/100'}]",64,7.2,"284,835",tt0448134,movie,N/A,"$3,675,753",N/A,N/A,True,CINE.pdf,
Perla: La Película,2015,N/A,02 Jun 2023,N/A,"Comedy, Drama, Family",Sergio M. Castilla,Sergio M. Castilla,"Diego Acuña, Renzo Albertini, Gustavo Alessandri","A female mutt called ""Perla"" (Pearl) is abandoned by her owner on the top of the San Cristobal hill, in the capital city of Santiago, Chile. Without knowing what to do, soon Perla is part of the huge amount of street city dogs. Until the day she meets Samuel, a troubled man, and they both start the way of mutual recovery.",Spanish,Chile,N/A,https://m.media-amazon.com/images/M/MV5BYmI2M2Y2ZmItMGExYi00ODBkLWI5NDktY2U3MjIwOWZiOTdhXkEyXkFqcGdeQXVyMTcxNTYyMjM@._V1_SX300.jpg,"[{'Source': 'Internet Movie Database', 'Value': '6.4/10'}]",N/A,6.4,30,tt4559988,movie,N/A,N/A,N/A,N/A,True,CINE.pdf,
Persecución implacable,2001,N/A,N/A,N/A,N/A,Enrique Murillo,Carlos Valdemar (story),"Luis Reynoso, Eleazar Garcia Jr., Carlos Cardán, Héctor Reynoso",N/A,Spanish,Mexico,N/A,N/A,[],N/A,N/A,N/A,tt0398262,movie,N/A,N/A,N/A,N/A,True,CINE.pdf,
El pianista,1998,N/A,19 Mar 1999,90 min,Drama,Mario Gas,"Mario Gas, André Grall, Gustau Hernández Mor","Mercè Arànega, Nadala Batiste, Damià Barbany","A famous composer and conductor, Luis Doria is in present-day Barcelona, and after a performance he is persuaded to go to a drag club to relax. It's seedy and horrible, but he is suddenly transfixed when he realises that the pianist is the gifted Alberto Rossel, a close friend from before the Spanish Civil War. The film then flashes back to 1946, when Rossel has just been released from prison, having been captured at the outset by Franco's fascist forces. He is withdrawn and friendless, but his neighbours soon befriend him for his ability with the piano, and despite his classical musical interests, he manages to bang out a boogie for them to dance to. Earlier, in pre-war Paris, we see the development of the friendship between Rossel and Doria, and of romance with Teresa. We see that in those days, the young Rossel was dedicated to his music and to noble sentiments, while Doria is dedicated only to pleasure and to himself. As tension in Spain mounts, culminating in the military takeover by Franco, everyone decides to leave for Spain to fight for freedom. Everyone, that is, except Doria. Back to the present day, and at the end of the tawdry drag show, Doria finds Rossel and greets him. Does Doria understand what the intervening decades have done to their relationship?",Spanish,Spain,4 wins & 2 nominations,https://m.media-amazon.com/images/M/MV5BODcwNTcyNjktOWRjNy00MWMxLThmZmQtNTJiMjM5N2RhZjBkXkEyXkFqcGdeQXVyMTA0MjU0Ng@@._V1_SX300.jpg,"[{'Source': 'Internet Movie Database', 'Value': '7.3/10'}]",N/A,7.3,107,tt0158088,movie,N/A,N/A,N/A,N/A,True,CINE.pdf,
La pianista di Haynes,1921,N/A,01 Sep 1921,N/A,N/A,Ubaldo Maria Del Colle,"Ubaldo Maria Del Colle, Amleto Palermi","Leda Gys, Ubaldo Maria Del Colle, Gian Paolo Rosmino",N/A,None,Italy,N/A,N/A,[],N/A,N/A,N/A,tt0463162,movie,N/A,N/A,N/A,N/A,True,CINE.pdf,
El Piano,2024–,N/A,26 Nov 2024,N/A,Musical,N/A,N/A,"Ruth Lorenzo, Pablo López, Mika",N/A,Spanish,Spain,N/A,https://m.media-amazon.com/images/M/MV5BMWNhYzA0MjEtYmFkYS00ZDVlLTk0NTctZTE0MDI3YmI1MDY0XkEyXkFqcGc@._V1_SX300.jpg,[],N/A,N/A,N/A,tt34700236,series,,,,,True,CINE.pdf,N/A
Dixie,1943,Approved,10 Feb 1944,89 min,"Comedy, Musical",A. Edward Sutherland,"William Rankin, Karl Tunberg, Darrell Ware","Bing Crosby, Dorothy Lamour, Billy De Wolfe","A young songwriter leaves his Kentucky home to try to make it in New Orleans. Eventually he winds up in New York, where he sells his songs to a music publisher, but refuses to sell his most treasured composition: ""Dixie."" The film is based on the life of Daniel Decatur Emmett, who wrote the classic song ""Dixie.""",English,United States,N/A,https://m.media-amazon.com/images/M/MV5BOGZkOTdlOWEtZjMxNy00OWJmLWI3MTctZTE1NzgyMGMxNjI4XkEyXkFqcGc@._V1_SX300.jpg,"[{'Source': 'Internet Movie Database', 'Value': '6.0/10'}]",N/A,6.0,178,tt0035810,movie,N/A,N/A,N/A,N/A,True,CINE.pdf,
Una piraña en el bidé,1996,N/A,20 Sep 1996,93 min,Comedy,"Carlos Pastor, José Picazo","Nicolás Muñoz Avia, Carlos Pastor","Tito Valverde, Silvia Munt, Enrique San Francisco","An 11 year old girl tries to reunite her parents. In addition to her own plan, she can count on some luck: especially if her stepfather falls in love with her nannie. This, the girl thinks, will make her mother end her new relationship, and return to the girl's father.",Spanish,Spain,N/A,https://m.media-amazon.com/images/M/MV5BYjE0OTczNDEtOWI4My00NDBmLTlkZjQtYjBhZjdhNDEwYzA5XkEyXkFqcGdeQXVyMTM2Mzg4MA@@._V1_SX300.jpg,"[{'Source': 'Internet Movie Database', 'Value': '6.2/10'}]",N/A,6.2,32,tt0117344,movie,N/A,N/A,N/A,N/A,True,CINE.pdf,
Planet of the Apes,2001,PG-13,27 Jul 2001,120 min,"Action, Adventure, Sci-Fi",Tim Burton,"Pierre Boulle, William Broyles Jr., Lawrence Konner","Mark Wahlberg, Helena Bonham Carter, Tim Roth","It is the year 2029: Astronaut Leo Davidson boards a pod cruiser on a Space Station on a rescue and recovery mission. But an abrupt detour through a space time wormhole lands him on a strange planet where talking apes rule over the human race. With the help of a sympathetic chimpanzee activist named Ari and a small band of human rebels, Leo leads the effort to evade the advancing Gorilla Army led by General Thade and his most trusted warrior Attar. Now the race is on to reach a sacred temple within the planet's Forbidden Zone to discover the shocking secrets of mankind's past - and the key to its future.",English,United States,Nominated for 2 BAFTA 11 wins & 32 nominations total,https://m.media-amazon.com/images/M/MV5BYjczODRhOTQtZjdkYi00MmM2LTg1ZmEtZDQ3YjA5MDJhODNhXkEyXkFqcGc@._V1_SX300.jpg,"[{'Source': 'Internet Movie Database', 'Value': '5.7/10'}, {'Source': 'Rotten Tomatoes', 'Value': '42%'}, {'Source': 'Metacritic', 'Value': '50/100'}]",50,5.7,"241,183",tt0133152,movie,N/A,"$180,011,740",N/A,N/A,True,CINE.pdf,
Rise of the Planet of the Apes,2011,PG-13,05 Aug 2011,105 min,"Action, Drama, Sci-Fi",Rupert Wyatt,"Rick Jaffa, Amanda Silver, Pierre Boulle","James Franco, Andy Serkis, Freida Pinto","At the story's heart is Caesar (Andy Serkis), a chimpanzee who gains human-like intelligence and emotions from an experimental drug. Raised like a child by the drug's creator, Will Rodman (James Franco) and a primatologist Caroline Aranha (Freida Pinto), Caesar ultimately finds himself taken from the humans he loves and imprisoned in an ape sanctuary in San Bruno. Seeking justice for his fellow inmates, Caesar gives the fellow apes the same drug that he inherited. He then assembles a simian army and escapes the sanctuary - putting man and ape on a collision course that could change the planet forever.","English, Sign ","United States, United Kingdom, Canada",Nominated for 1 Oscar. 21 wins & 45 nominations total,https://m.media-amazon.com/images/M/MV5BMjllODU1NDItODU1Ni00N2Y2LTg4Y2ItOTJjMTczZDliN2FhXkEyXkFqcGc@._V1_SX300.jpg,"[{'Source': 'Internet Movie Database', 'Value': '7.6/10'}, {'Source': 'Rotten Tomatoes', 'Value': '82%'}, {'Source': 'Metacritic', 'Value': '68/100'}]",68,7.6,"600,908",tt1318514,movie,N/A,"$176,760,185",N/A,N/A,True,CINE.pdf,
Playa azul,1982,N/A,01 Jul 1983,90 min,"Drama, Romance",Jaime Jesús Balcázar,"Louis P. Bastias, Angelino Fons, Jaime Jesús Balcázar","Juanita Brown, Bord Theed, José Febles",A mature lady and her friends of holidays in Spain are seducing young boys.,Spanish,"Spain, Switzerland",N/A,https://m.media-amazon.com/images/M/MV5BMDU5YzVjMDAtZTJhYS00NTNmLWIzMjYtOWI3MWZkNTFmNjU4XkEyXkFqcGc@._V1_SX300.jpg,"[{'Source': 'Internet Movie Database', 'Value': '3.6/10'}]",N/A,3.6,40,tt0082915,movie,N/A,N/A,N/A,N/A,True,CINE.pdf,
Somewhere in Time,1980,PG,03 Oct 1980,103 min,"Drama, Fantasy, Romance",Jeannot Szwarc,Richard Matheson,"Christopher Reeve, Jane Seymour, Christopher Plummer","The movie opens with college student Richard Collier gathering rave reviews for his debut play. At the party, he comes face to face with an old woman who presses something in his hand and whispers ""Come back to me."" He opens his hand to find an old pocket watch. Eight years later, Collier is a successful playwright in the middle of a break-up and writer's block. He leaves Chicago for awhile to think things out and finds himself near his alma mater at the Grand Hotel. While wandering around the hotel, he finds a photograph of a beautiful young woman. Richard is entranced, and attempts to find out whatever he can about her. During the course of his research, he learns she was Elise McKenna, a famous actress from the turn of the century. He also discovers she was the mysterious old woman who gave him the pocket watch. Finally determining that he must meet her somehow, he employs self-hypnosis and wills himself back to 1912. He meets Elise and they fall in love, which does not make her manager, William Fawcett Robinson, rather happy. Will their love survive Robinson's disapproval? Will Richard be able to remain in 1912?",English,United States,Nominated for 1 Oscar. 7 wins & 5 nominations total,https://m.media-amazon.com/images/M/MV5BNjJjNjhjMDUtNDJjMC00ZmE5LTlkN2UtNWI0YjY4ZGNmZWE3XkEyXkFqcGc@._V1_SX300.jpg,"[{'Source': 'Internet Movie Database', 'Value': '7.2/10'}, {'Source': 'Rotten Tomatoes', 'Value': '52%'}, {'Source': 'Metacritic', 'Value': '29/100'}]",29,7.2,"35,584",tt0081534,movie,N/A,"$9,709,597",N/A,N/A,True,CINE.pdf,
El show de los Polivoces,1960–1976,N/A,N/A,30 min,Comedy,N/A,Mauricio Kleiff,"Enrique Cuenca, Eduardo Manzano, Jorge Zamora","Mexican TV series. The Polivoces (multi-voices) is a comedy duo with a gift for voice impressions, creating satirical sketches of the famous people of the sixties and seventies, while also creating characters of their own. Accompanied by other comedians, they dress as other men (and women) to make fun of people and situations, sometimes even in song.",Spanish,Mexico,N/A,https://m.media-amazon.com/images/M/MV5BMWRkOGRjNWMtZjg3MC00M2U0LWJjYjYtYzMzZThhYjFhMTJkXkEyXkFqcGdeQXVyMTg1MjE4Nzc@._V1_SX300.jpg,"[{'Source': 'Internet Movie Database', 'Value': '8.5/10'}]",N/A,8.5,59,tt0272409,series,,,,,True,CINE.pdf,N/A
Las poquianchis (De los pormenores y otros sucedidos del dominio público que acontecieron a las hermanas de triste memoria a quienes la maledicencia así las bautizó),1976,N/A,25 Nov 1976,110 min,"Crime, Drama, Horror",Felipe Cazals,"Tomás Pérez Turrent, Xavier Robles","Diana Bracho, Jorge Martínez de Hoyos, Salvador Sánchez","In the middle 70's in the mexican state of Guanajuato, authorities discover a clandestine burial ground, the corpses were from murdered prostitutes. the suspects are three sisters known as ""Las Poquianchis"" The sisters were very religious but were the owners of brothels and recruited poor girls with the false promises of jobs, instead they were forced to prostitution, and some were killed.",Spanish,Mexico,2 wins & 3 nominations,https://m.media-amazon.com/images/M/MV5BZTk2ODY0NjctOTJmOS00MmRiLTgyN2QtODZhMzQ1NmE1YzE5XkEyXkFqcGc@._V1_SX300.jpg,"[{'Source': 'Internet Movie Database', 'Value': '7.2/10'}]",N/A,7.2,427,tt0075089,movie,N/A,N/A,N/A,N/A,True,CINE.pdf,
Por Ella,2020,N/A,N/A,30 min,"Short, Drama","Genaro T. Perez, Carlos Diaz",Genaro T. Perez,"Dean Christensen, Leyla Diaz, Angelo Dylen",N/A,Spanish,United States,N/A,https://m.media-amazon.com/images/M/MV5BMWE4YmFkM2YtN2YxOS00MzRjLWJiNzYtOGZlMDVlYzdlM2FjXkEyXkFqcGdeQXVyNjg0MzIxNDA@._V1_SX300.jpg,[],N/A,N/A,N/A,tt11934226,movie,N/A,N/A,N/A,N/A,True,CINE.pdf,
Post Tenebras Lux,2012,Not Rated,23 Nov 2012,115 min,Drama,Carlos Reygadas,Carlos Reygadas,"Nathalia Acevedo, Adolfo Jiménez Castro, Rut Reygadas","Juan, a wealthy householder and Natalia are an artistic middle-class couple. They decide to change the life of the city. And they move to countryside with their two young children Eleazar and Rut for a plain and simple country life. Starting again with an ostentatious house (in comparison to the homes of the few neighbors), they initially enjoy the taste of rural life. However this change in taste begins to make the marriage crumble. The children, on the other hand, are not encumbered by previous ideas and enjoy the life offered by this bleak place. Juan begins to have contact with people who have the same ideals. Seven, a man who usually does everything in his power to survive leads him to Alcoholics Anonymous meetings in a ramshackle cabin in the woods. At one stage, the couple jet off for an up-scale sex holiday in Europe, where the rooms in the bath-house are named after Hegel and Duchamp.","Spanish, English, French","Mexico, France, Netherlands, Germany",6 wins & 7 nominations total,https://m.media-amazon.com/images/M/MV5BYjQwNjlhODAtYzY4OS00OTU3LTlhMmUtYTQxZGZmNjJjZjYzXkEyXkFqcGc@._V1_SX300.jpg,"[{'Source': 'Internet Movie Database', 'Value': '6.5/10'}, {'Source': 'Rotten Tomatoes', 'Value': '53%'}, {'Source': 'Metacritic', 'Value': '70/100'}]",70,6.5,"6,197",tt1754367,movie,N/A,"$39,185",N/A,N/A,True,CINE.pdf,
Pozoamargo,2015,N/A,12 Nov 2015,99 min,Drama,Enrique Rivero,Enrique Rivero,"Natalia de Molina, Sophie Gómez, Jesús Gallego","After he find out has a venerial disease, Jesús decides to run away to the country side. Desire, guilt and self-punishment accompanying him through his new journey as a shadow.",Spanish,"Mexico, Spain",1 win,https://m.media-amazon.com/images/M/MV5BMTg3MTgwNTM4OV5BMl5BanBnXkFtZTgwNTIzMzkwNzE@._V1_SX300.jpg,"[{'Source': 'Internet Movie Database', 'Value': '5.7/10'}]",N/A,5.7,39,tt3779574,movie,N/A,N/A,N/A,N/A,True,CINE.pdf,
El Pozo,2012,N/A,19 Apr 2012,107 min,Drama,Rodolfo Carnevale,"Rodolfo Carnevale, Nicolas Manservigi","Eduardo Blanco, Patricia Palmer, Ana Fontán","Pilar is autistic since she was four years old, now she is 26. The father wants to send her to an Institution , but the mother refuses, this creates a rift in the couple. The family is breaking up: Alejo, the youngest son, has conflicts at school and with his friends. Pilar suffers from increasingly frequent attacks that makes their living really impossible. Finally, they put her in an Institution. She will find another way to live, but something will happen that will change the course of the family.",Spanish,Argentina,1 win,https://m.media-amazon.com/images/M/MV5BMGM1NTU0MjMtNDdlMS00OGNmLTkzZDItODUxNDk2YjIwMzIzXkEyXkFqcGc@._V1_SX300.jpg,"[{'Source': 'Internet Movie Database', 'Value': '6.2/10'}]",N/A,6.2,61,tt1869395,movie,N/A,N/A,N/A,N/A,True,CINE.pdf,
Powder Blue,2009,R,15 Oct 2009,106 min,"Action, Crime, Drama",Timothy Linh Bui,"Timothy Linh Bui, Stephane Gauger","Jessica Biel, Eddie Redmayne, Forest Whitaker","Los Angelenos meet on Christmas Eve through chance, tragedy, and divine intervention. Velvet Larry is the sleazy owner of the strip club where the glamorous but struggling single mother Rose Johnny dances. Qwerty Doolittle is a shy young mortician who falls in love with her. Randall is the head of a corporate crime organization who tries to convince a former employee just released from prison not to seek vengeance on his former co-workers. Charlie is a suicidally depressed ex-priest. Lexus is a lonely transsexual prostitute who shares an unexpected bond with the former priest.",English,United States,N/A,https://m.media-amazon.com/images/M/MV5BNjc2NzMzNTUtOWNjNC00YjJjLWE4NzQtOWNjMDY5ZGUzNjM0XkEyXkFqcGc@._V1_SX300.jpg,"[{'Source': 'Internet Movie Database', 'Value': '6.2/10'}, {'Source': 'Rotten Tomatoes', 'Value': '25%'}]",N/A,6.2,"15,437",tt1032819,movie,N/A,N/A,N/A,N/A,True,CINE.pdf,
El premio,2009,Not Rated,14 Oct 2009,92 min,Drama,Alberto Durant,Alberto Durant,"Aristóteles Picho, Jose Luis Ruiz, José Luis Ruiz","Durant Alex is having an affair with his cousin Lisbet, a young woman married to a taxi driver who is involved in fraudulent dealings. When Alex and Lisbet are fired from the shop where they work, Alex turns to selling porn films in Lima's Polvos Azules market. Antonio, who is Alex's father, wins the lottery and travels to Lima to collect the money and visit the son he has not seen in years. Antonio has no idea how his luck will change the rest of his life.",Spanish,Peru,N/A,https://m.media-amazon.com/images/M/MV5BODczNDcyOTI5OF5BMl5BanBnXkFtZTgwMjYxNDA2NDE@._V1_SX300.jpg,"[{'Source': 'Internet Movie Database', 'Value': '6.5/10'}]",N/A,6.5,70,tt1524934,movie,N/A,N/A,N/A,N/A,True,CINE.pdf,
"1994, El primer año del resto de nuestras vidas",2023,N/A,24 Aug 2023,N/A,Documentary,N/A,N/A,N/A,N/A,N/A,Colombia,N/A,https://m.media-amazon.com/images/M/MV5BMzRlNWQxNDgtMjA2Ni00ODdkLTgyNjgtMTAyYmI0ZGY2MGJlXkEyXkFqcGc@._V1_SX300.jpg,[],N/A,N/A,N/A,tt37617802,movie,N/A,N/A,N/A,N/A,True,CINE.pdf,
Princesas,2024,N/A,16 Oct 2024,3 min,"Short, Comedy",Ricardo Sanz,Ricardo Sanz,"Pep Durán, Sergio Fidemraizer, Rafaela Rivas",N/A,N/A,Spain,N/A,https://m.media-amazon.com/images/M/MV5BZTM3ZDM2NWQtOTUwNC00YjA3LTgwOWQtYmNiZDUzMDcyODUwXkEyXkFqcGc@._V1_SX300.jpg,[],N/A,N/A,N/A,tt35512986,movie,N/A,N/A,N/A,N/A,True,CINE.pdf,
El principio,1973,N/A,03 Dec 1973,135 min,"Action, Drama, History",Gonzalo Martínez Ortega,Gonzalo Martínez Ortega,"Lucha Villa, Narciso Busquets, Andrés García",A man returns from Paris to find his home of Chihuahua Mexico occupied by Francisco Villa's revolutionary troops.,Spanish,Mexico,10 wins & 4 nominations,https://m.media-amazon.com/images/M/MV5BZDA0YmVkYmQtZDZjMC00OTBlLTk0NDItYTM0MDEzYzhjZDE4XkEyXkFqcGdeQXVyMzY2MDk0MTk@._V1_SX300.jpg,"[{'Source': 'Internet Movie Database', 'Value': '7.4/10'}]",N/A,7.4,69,tt0134907,movie,N/A,N/A,N/A,N/A,True,CINE.pdf,
A Voz da Profecia Produtos 01,2002,N/A,21 Feb 2002,N/A,Short,Fabian Santos,Fabian Santos,N/A,N/A,Portuguese,Brazil,N/A,N/A,[],N/A,N/A,N/A,tt7924198,movie,N/A,N/A,N/A,N/A,True,CINE.pdf,
El Profesional,2015,N/A,15 Apr 2015,N/A,Crime,Oscar Lopez,N/A,Fabián López,N/A,Spanish,Mexico,N/A,N/A,[],N/A,N/A,N/A,tt4645318,movie,N/A,N/A,N/A,N/A,True,CINE.pdf,
Siete Vidas - El Levanton,2024,N/A,22 Aug 2024,45 min,Action,Leopoldo Bolanos,"Leopoldo Bolanos, Raul Figueroa","Leopoldo Bolanos, Carlos Morales De Littos, Raul Figueroa","A couple of small time thieves steal the money from a cartel deal ignoring the money belongs to a powerful Colombian Capo, finding themselves in a perilous situation.",N/A,Mexico,N/A,https://m.media-amazon.com/images/M/MV5BYWQzOTFlYWUtZGU2YS00M2Y5LTlhMGQtMDI1ODc5ZDFhYzkyXkEyXkFqcGc@._V1_SX300.jpg,[],N/A,N/A,N/A,tt33499962,movie,N/A,N/A,N/A,N/A,True,CINE.pdf,
La primera noche,1998,N/A,27 Mar 1998,100 min,Drama,Alejandro Gamboa,Benjamín Cann,"Florencio Almazán, Judith Arciniega, Marta Aura","In the middle of a city facing a new century, a group of friends between the ages of 15 and 18 lives out the adventures, deceptions, and anxieties of ""The First Night""",Spanish,Mexico,1 win & 1 nomination,https://m.media-amazon.com/images/M/MV5BZjI4M2ExMGMtNjlkMy00NTY5LWE1ZDktODNkZTViYzE4YmY5XkEyXkFqcGdeQXVyMzU0NzkwMDg@._V1_SX300.jpg,"[{'Source': 'Internet Movie Database', 'Value': '5.4/10'}]",N/A,5.4,245,tt0146054,movie,N/A,N/A,N/A,N/A,True,CINE.pdf,
Protección Total,2008,N/A,N/A,N/A,Short,Ramón Paso,Ramón Paso,Deborah Domínguez,N/A,Spanish,Spain,N/A,N/A,[],N/A,N/A,N/A,tt4170534,movie,N/A,N/A,N/A,N/A,True,CINE.pdf,
Próxima Salida,2004,N/A,07 Oct 2004,110 min,Drama,Nicolás Tuozzo,"Marcos Negri, Nicolás Tuozzo","Darío Grandinetti, Pablo Rago, Mercedes Morán",The stories of five railroad workers who have been sacked as a consequence of the economic crisis.,Spanish,Argentina,4 wins & 2 nominations,https://m.media-amazon.com/images/M/MV5BZTEzZWQ0MDAtNDU3NS00ZTEwLTk1ZmYtNzk5ZWRkMzhhYjEzXkEyXkFqcGc@._V1_SX300.jpg,"[{'Source': 'Internet Movie Database', 'Value': '7.2/10'}]",N/A,7.2,186,tt0362995,movie,N/A,N/A,N/A,N/A,True,CINE.pdf,
Psicosis,2003–,N/A,N/A,159 min,Drama,N/A,N/A,"Guillermo Valedon, Jose Luis Munoz, Javier E. Gómez",N/A,Spanish,Puerto Rico,N/A,https://m.media-amazon.com/images/M/MV5BZDBhZjkyZGYtMTQwOS00N2Q5LTg3MTItYzRmZGIyYjA1MjUyXkEyXkFqcGdeQXVyMjMxNjUwODA@._V1_SX300.jpg,[],N/A,N/A,N/A,tt0450380,series,,,,,True,CINE.pdf,1
Pueblerina,1949,N/A,N/A,105 min,"Drama, Romance",Emilio Fernández,"Emilio Fernández, Mauricio Magdaleno","Columba Domínguez, Roberto Cañedo, Arturo Soto Rangel","Aurelio Rodríguez is released from jail, and tries to start a new life marrying Paloma and working his land. But the local landowners, the brothers González, interfere with his plans.",Spanish,Mexico,3 wins & 7 nominations,https://m.media-amazon.com/images/M/MV5BNjZkYTA5MjctODllNy00NTQxLWE3ODUtOWUwMmEyMGQwNzQ5XkEyXkFqcGc@._V1_SX300.jpg,"[{'Source': 'Internet Movie Database', 'Value': '7.6/10'}]",N/A,7.6,295,tt0040715,movie,N/A,N/A,N/A,N/A,True,CINE.pdf,
Pulp Fiction,1994,R,14 Oct 1994,154 min,"Crime, Drama",Quentin Tarantino,"Quentin Tarantino, Roger Avary","John Travolta, Uma Thurman, Samuel L. Jackson","Jules Winnfield (Samuel L. Jackson) and Vincent Vega (John Travolta) are two hit men who are out to retrieve a suitcase stolen from their employer, mob boss Marsellus Wallace (Ving Rhames). Wallace has also asked Vincent to take his wife Mia (Uma Thurman) out a few days later when Wallace himself will be out of town. Butch Coolidge (Bruce Willis) is an aging boxer who is paid by Wallace to lose his fight. The lives of these seemingly unrelated people are woven together comprising of a series of funny, bizarre and uncalled-for incidents.","English, Spanish, French",United States,Won 1 Oscar. 69 wins & 72 nominations total,https://m.media-amazon.com/images/M/MV5BYTViYTE3ZGQtNDBlMC00ZTAyLTkyODMtZGRiZDg0MjA2YThkXkEyXkFqcGc@._V1_SX300.jpg,"[{'Source': 'Internet Movie Database', 'Value': '8.8/10'}, {'Source': 'Rotten Tomatoes', 'Value': '92%'}, {'Source': 'Metacritic', 'Value': '95/100'}]",95,8.8,"2,410,498",tt0110912,movie,N/A,"$107,928,762",N/A,N/A,True,CINE.pdf,
Pulse,2006,PG-13,11 Aug 2006,90 min,"Horror, Sci-Fi, Thriller",Jim Sonzero,"Kiyoshi Kurosawa, Wes Craven, Ray Wright","Kristen Bell, Rick Gonzalez, Christina Milian","The hacker Josh invades the computer of Douglas Ziegler, who is developing a powerful wireless signal, and accidentally releases a mysterious force that takes the will to live of human beings, generating a suicide epidemic and increasing the force. His girlfriend and student of psychology, Mattie, sees each one of their common friends die and the destruction of the modern world, and together with her new acquaintance Dexter, they try to plan a virus developed by Josh in the network to shutdown the system and save mankind.",English,"South Africa, United States",1 nomination total,https://m.media-amazon.com/images/M/MV5BMTMyOTg5MjY1OF5BMl5BanBnXkFtZTcwNTM1ODYzMQ@@._V1_SX300.jpg,"[{'Source': 'Internet Movie Database', 'Value': '4.7/10'}, {'Source': 'Rotten Tomatoes', 'Value': '11%'}, {'Source': 'Metacritic', 'Value': '29/100'}]",29,4.7,"31,712",tt0454919,movie,N/A,"$20,264,436",N/A,N/A,True,CINE.pdf,
Puños de acero,1996,N/A,N/A,N/A,Action,Guillermo Jaime Alarid,N/A,"Agustín Bernal, Patricia Muñoz, Guillermo Quintanilla",N/A,Spanish,Mexico,N/A,N/A,[],N/A,N/A,N/A,tt0922573,movie,N/A,N/A,N/A,N/A,True,CINE.pdf,
Puños de Furia,1972,N/A,03 Mar 1972,115 min,Drama,Wei Lo,N/A,N/A,N/A,English,Hong Kong,N/A,https://m.media-amazon.com/images/M/MV5BYmIxNzUzMWYtNzcyYS00MDNmLWE3NzAtZjU3ZjEyZWM2ZDJhXkEyXkFqcGdeQXVyMTA3NTY0ODI2._V1_SX300.jpg,[],N/A,N/A,N/A,tt13937166,movie,N/A,N/A,N/A,N/A,True,CINE.pdf,
El que con niños se acuesta..,1959,N/A,20 Aug 1959,90 min,"Comedy, Drama, Romance",Rogelio A. González,"Ulises Petit de Murat, Carlos A. Petit","Germán Valdés, Lilia Prado, Óscar Ortiz de Pinedo",N/A,Spanish,Mexico,N/A,N/A,"[{'Source': 'Internet Movie Database', 'Value': '6.7/10'}]",N/A,6.7,32,tt0191984,movie,N/A,N/A,N/A,N/A,True,CINE.pdf,
Quemar las naves,2007,PG-13,04 Apr 2008,100 min,Drama,Francisco Franco Alba,"Francisco Franco Alba, María Renée Prudencio","Irene Azuela, Ángel Onésimo Nevares, Claudette Maillé","Eugenia is a former pop singer who is bedridden and dying of cancer. Her 19 year old daughter Helena dreams of traveling the world and learns foreign languages at home and wishes she could be a glamorous pop star like her mother was. Helena cares for her mother with the help their house maid Chaya who also keeps the aging house in working order. Sebastian is Helena's teenage brother who attends a Catholic high school run by a Monsignor who plays classical music over the loudspeakers thinking it will calm down the boisterous kids. Sebastian's dreams are simple and he merely wants to move to the beach. Helena is smart and pretty but she has no friends, male or female and is totally devoted to her mother's care and is also on the verge of initiating an incestuous relationship with Sebastian. Sebastian however, is falling in love with a boy at school named Juan who is the school roughneck and the son of a single father who owns a little bar...",Spanish,Mexico,6 wins & 4 nominations,https://m.media-amazon.com/images/M/MV5BNjhjNmE0ZWYtMjM5YS00ZDNmLThmNjQtMjMzMTY3M2ZkY2MyXkEyXkFqcGdeQXVyNTMzOTU3NzA@._V1_SX300.jpg,"[{'Source': 'Internet Movie Database', 'Value': '7.1/10'}]",N/A,7.1,784,tt1125914,movie,N/A,N/A,N/A,N/A,True,CINE.pdf,
Pueblo de madera,1990,N/A,17 Nov 1990,98 min,Drama,Juan Antonio de la Riva,"Francisco Sánchez, Juan Antonio de la Riva","Alonso Echánove, Gabriela Roel, Ignacio Guadalupe","In San Miguel de Cruces, a timber town in northern Mexico, friends Jose Luis and Juan Jose finish their primary education at the local school. During the last holidays together, we see life in the town: their parents' work, the old cinema and the parties, the teenagers' love...",Spanish,"Mexico, Spain",1 win & 11 nominations,https://m.media-amazon.com/images/M/MV5BYjA2N2MxNDYtY2UzNS00MTk3LWIyODQtMDA5NTJhYmE5NjM4XkEyXkFqcGdeQXVyMTk4MDgwNA@@._V1_SX300.jpg,"[{'Source': 'Internet Movie Database', 'Value': '6.9/10'}]",N/A,6.9,113,tt0100432,movie,10 Jul 2007,N/A,N/A,N/A,True,CINE.pdf,
The Princess Bride,1987,PG,09 Oct 1987,98 min,"Adventure, Comedy, Family",Rob Reiner,William Goldman,"Cary Elwes, Mandy Patinkin, Robin Wright","An elderly man reads the book ""The Princess Bride"" to his sick and thus currently bedridden adolescent grandson, the reading of the book which has been passed down within the family for generations. The grandson is sure he won't like the story, with a romance at its core, he prefers something with lots of action and ""no kissing"", but he lets grandfather continue, because he doesn't want to hurt his feelings. The story centers on Buttercup, a former farm girl who has been chosen as the princess bride to Prince Humperdinck of Florian. Buttercup does not love him, she who still laments the death of her one true love, Westley, five years ago. Westley was a hired hand on the farm, his stock answer of ""as you wish"" to any request she made of him which she came to understand was his way of saying that he loved her. But Westley went away to sea, only to be killed by the Dread Pirate Roberts. On a horse ride to clear her mind of her upcoming predicament of marriage, Buttercup is kidnapped by a band of bandits: Vizzini who works on his wits, and his two associates, a giant named Fezzik who works on his brawn, and a Spaniard named Inigo Montoya, who has trained himself his entire life to be an expert swordsman. They in turn are chased by the Dread Pirate Roberts himself. But chasing them all is the Prince, and his men led by Count Tyrone Rugen. What happens to these collectives is dependent partly on Buttercup, who does not want to marry the Prince, and may see other options as lesser evils, and partly on the other motives of individuals within the groups. But a larger question is what the grandson will think of the story as it proceeds and at its end, especially as he sees justice as high a priority as action.",English,United States,Nominated for 1 Oscar. 7 wins & 11 nominations total,https://m.media-amazon.com/images/M/MV5BMjFiOTEyNGMtN2E4MC00ZjZlLTk3ZDQtNTU1ZGNiZTA1MzJlXkEyXkFqcGc@._V1_SX300.jpg,"[{'Source': 'Internet Movie Database', 'Value': '8.0/10'}, {'Source': 'Rotten Tomatoes', 'Value': '96%'}, {'Source': 'Metacritic', 'Value': '78/100'}]",78,8.0,"481,984",tt0093779,movie,N/A,"$30,857,814",N/A,N/A,True,CINE.pdf,
Slumdog Millionaire,2008,R,25 Dec 2008,120 min,"Crime, Drama, Romance","Danny Boyle, Loveleen Tandan","Simon Beaufoy, Vikas Swarup","Dev Patel, Freida Pinto, Saurabh Shukla","The story of Jamal Malik, an 18 year-old orphan from the slums of Mumbai, who is about to experience the biggest day of his life. With the whole nation watching, he is just one question away from winning a staggering 20 million rupees on India's Kaun Banega Crorepati? (2000) (Who Wants To Be A Millionaire?) But when the show breaks for the night, police arrest him on suspicion of cheating; how could a street kid know so much? Desperate to prove his innocence, Jamal tells the story of his life in the slum where he and his brother grew up, of their adventures together on the road, of vicious encounters with local gangs, and of Latika, the girl he loved and lost. Each chapter of his story reveals the key to the answer to one of the game show's questions. Each chapter of Jamal's increasingly layered story reveals where he learned the answers to the show's seemingly impossible quizzes. But one question remains a mystery: what is this young man with no apparent desire for riches really doing on the game show? When the new day dawns and Jamal returns to answer the final question, the Inspector and sixty million viewers are about to find out. At the heart of its storytelling lies the question of how anyone comes to know the things they know about life and love.","English, Hindi","United Kingdom, France, United States, India",Won 8 Oscars. 154 wins & 133 nominations total,https://m.media-amazon.com/images/M/MV5BMTE5ZTRkYWEtZmU5MC00NDJjLTk3NmUtZGJlYTM2MmQ3NTJkXkEyXkFqcGc@._V1_SX300.jpg,"[{'Source': 'Internet Movie Database', 'Value': '8.0/10'}, {'Source': 'Rotten Tomatoes', 'Value': '92%'}, {'Source': 'Metacritic', 'Value': '84/100'}]",84,8.0,"907,124",tt1010048,movie,N/A,"$141,319,928",N/A,N/A,True,CINE.pdf,
August,2008,R,08 Oct 2009,88 min,Drama,Austin Chick,Howard A. Rodman,"Josh Hartnett, Naomie Harris, Adam Scott","Tom and Josh Sterling have a start-up dot-com. It's gone public to initial success. Josh is the technical genius. Tom is the fast-talking and abrasive CEO, in charge of the business side. It's August, 2001, less than a month before they can sell their shares and, perhaps, make lots of money. But the company is running out of cash, its main client is stalling, and share values are falling. For Tom to maintain the firm's appearance, he must find cash: investors could rescue him, but at a high cost of his potential wealth and company control. Tom goes to his brother for a loan. At the same time, an old flame, Sarrah, comes back to the city. Can Tom hold things together, bravura and all?",English,United States,N/A,https://m.media-amazon.com/images/M/MV5BNmJlNzU5N2QtMGYyNy00NzgzLTliNTItY2Q4N2M4M2M0MzRkXkEyXkFqcGc@._V1_SX300.jpg,"[{'Source': 'Internet Movie Database', 'Value': '5.3/10'}, {'Source': 'Rotten Tomatoes', 'Value': '36%'}, {'Source': 'Metacritic', 'Value': '39/100'}]",39,5.3,"4,361",tt0470679,movie,N/A,"$12,636",N/A,N/A,True,CINE.pdf,
Rashomon,1950,Not Rated,26 Dec 1951,88 min,"Crime, Drama, Mystery",Akira Kurosawa,"Ryûnosuke Akutagawa, Akira Kurosawa, Shinobu Hashimoto","Toshirô Mifune, Machiko Kyô, Masayuki Mori","A priest, a woodcutter and another man are taking refuge from a rainstorm in the shell of a former gatehouse called Rashômon. The priest and the woodcutter are recounting the story of a murdered samurai whose body the woodcutter discovered three days earlier in a forest grove. Both were summoned to testify at the murder trial, the priest who ran into the samurai and his wife traveling through the forest just before the murder occurred. Three other people who testified at the trial are supposedly the only direct witnesses: a notorious bandit named Tajômaru, who allegedly murdered the samurai and raped his wife; the white veil cloaked wife of the samurai; and the samurai himself who testifies through the use of a medium. The three tell a similarly structured story - that Tajômaru kidnapped and bound the samurai so that he could rape the wife - but which ultimately contradict each other, the motivations and the actual killing being what differ. The woodcutter reveals at Rashômon that he knows more than he let on at the trial, thus bringing into question his own actions. But another discovery at Rashômon and the resulting actions from the discovery bring back into focus the woodcutter's own humanity or lack thereof.",Japanese,Japan,Nominated for 1 Oscar. 9 wins & 5 nominations total,https://m.media-amazon.com/images/M/MV5BZDlkYjViMDAtYjkxNy00ZDk1LWE5MmUtNDc4NDU3ZWJmOTYzXkEyXkFqcGc@._V1_SX300.jpg,"[{'Source': 'Internet Movie Database', 'Value': '8.1/10'}, {'Source': 'Rotten Tomatoes', 'Value': '98%'}, {'Source': 'Metacritic', 'Value': '98/100'}]",98,8.1,"195,453",tt0042876,movie,N/A,"$46,808",N/A,N/A,True,CINE.pdf,
El rapto,1954,N/A,23 Apr 1954,85 min,"Comedy, Drama, Music",Emilio Fernández,"Emilio Fernández, Mauricio Magdaleno, Íñigo de Martino","Jorge Negrete, María Félix, Andrés Soler","Ricardo Alfaro, rich rancher of a small town disappears without a trace. Taking advantage of this, Aurora Campos purchase his properties, but when Ricardo reappears a battle is triggered.",Spanish,Mexico,N/A,https://m.media-amazon.com/images/M/MV5BMjgyODE1MTYwNl5BMl5BanBnXkFtZTcwOTM5MTk2MQ@@._V1_SX300.jpg,"[{'Source': 'Internet Movie Database', 'Value': '7.0/10'}]",N/A,7.0,105,tt0046226,movie,N/A,N/A,N/A,N/A,True,CINE.pdf,
Rauhreif,1963,N/A,N/A,89 min,Drama,Hans-Erich Korbschmitt,"Hans-Erich Korbschmitt, Helga Korff-Edel, Bernhard Seeger","Horst Weinheimer, Armin Mueller-Stahl, Annekathrin Bürger",N/A,German,East Germany,N/A,https://m.media-amazon.com/images/M/MV5BMjI1YWUxNmItZDM3Yy00YzlhLWFhMzEtM2E2MTc5ZmU5NzRjXkEyXkFqcGdeQXVyMjE4MTIyNDI@._V1_SX300.jpg,"[{'Source': 'Internet Movie Database', 'Value': '6.9/10'}]",N/A,6.9,19,tt1309482,movie,N/A,N/A,N/A,N/A,True,CINE.pdf,
Reeker,2005,Unrated,17 Feb 2006,90 min,"Horror, Mystery, Thriller",Dave Payne,Dave Payne,"Devon Gummersall, Derek Richardson, Tina Illman",Strangers trapped at an eerie travel oasis in the desert must unravel the mystery behind their visions of dying people while they are preyed upon by a decaying creature.,English,United States,N/A,https://m.media-amazon.com/images/M/MV5BMTI0ODY5MDU0M15BMl5BanBnXkFtZTcwNTU2NjczMQ@@._V1_SX300.jpg,"[{'Source': 'Internet Movie Database', 'Value': '5.1/10'}, {'Source': 'Rotten Tomatoes', 'Value': '50%'}]",N/A,5.1,"11,294",tt0393635,movie,N/A,N/A,N/A,N/A,True,CINE.pdf,
Rebelde sin causa,1990,N/A,N/A,N/A,"Documentary, Short",Alberto Cortés,N/A,N/A,N/A,Spanish,Mexico,N/A,N/A,[],N/A,N/A,N/A,tt0406172,movie,N/A,N/A,N/A,N/A,True,CINE.pdf,
La razón de la culpa,1943,N/A,02 Apr 1943,96 min,"Drama, Romance",Juan José Ortega,"Jaime Contreras, Catalina D'Erzell, Ramón Pérez Peláez","Blanca de Castejón, Andrés Soler, María Elena Marqués","Roberto on a journey to Mexico knows to Maria de La Paz, a woman older than he, who falls in love, she also has feelings for him, but doesn't give him hopes cause she is married. Fate reunites them without imagine it, they will have to face a moral dilemma.",Spanish,Mexico,N/A,https://m.media-amazon.com/images/M/MV5BMmYyNjg0ODEtOGIzZS00MTkxLTk2NjktYjJiNDVhY2QyZTA1XkEyXkFqcGdeQXVyMTk4MDgwNA@@._V1_SX300.jpg,"[{'Source': 'Internet Movie Database', 'Value': '6.7/10'}]",N/A,6.7,24,tt0035243,movie,N/A,N/A,N/A,N/A,True,CINE.pdf,
El Rebelde,2025,N/A,10 Jun 2025,85 min,Drama,Ozzie Lozza,N/A,"Fernando Banda, Aracely Cardenas, Napoleon Rodriguez Gomez",N/A,N/A,Mexico,N/A,https://m.media-amazon.com/images/M/MV5BZGVlOGI3MWMtMzcxMi00ZDJhLTkzYmUtMWY5OWM2MjYyNWQ3XkEyXkFqcGc@._V1_SX300.jpg,[],N/A,N/A,N/A,tt39833121,movie,N/A,N/A,N/A,N/A,True,CINE.pdf,
El rebozo de Soledad,1952,PG,13 Nov 1952,108 min,Drama,Roberto Gavaldón,"Roberto Gavaldón, Estela Inda, Javier López Ferrer","Arturo de Córdova, Pedro Armendáriz, Estela Inda","Melodrama about Dr. Alberto Robles, an idealistic city physician living in a rural community ruled by macho customs and feudalistic landowners, who falls for Soledad, a peasant woman.",Spanish,Mexico,8 wins & 8 nominations,https://m.media-amazon.com/images/M/MV5BOTk0Yzc0OTktMjQyOS00ZGNmLWI4OTMtMzI3MDA5ZWEwN2FiXkEyXkFqcGdeQXVyODY5Njk4Njc@._V1_SX300.jpg,"[{'Source': 'Internet Movie Database', 'Value': '7.8/10'}]",N/A,7.8,148,tt0132464,movie,N/A,N/A,N/A,N/A,True,CINE.pdf,
Reconstrucción,2015,N/A,25 Feb 2015,N/A,Documentary,Leandro Ipiña,Andrés Maino,N/A,N/A,Spanish,Argentina,N/A,N/A,[],N/A,N/A,N/A,tt8290076,movie,N/A,N/A,N/A,N/A,True,CINE.pdf,
Being John Malkovich,1999,R,03 Dec 1999,113 min,"Comedy, Drama, Fantasy",Spike Jonze,Charlie Kaufman,"John Cusack, Cameron Diaz, Catherine Keener","Puppeteer Craig Schwartz and animal lover and pet store clerk Lotte Schwartz are just going through the motions of their marriage. Despite not being able to earn a living solely through puppeteering, Craig loves his profession as it allows him to inhabit the skin of others. He begins to take the ability to inhabit the skin of others to the next level when he is forced to take a job as a file clerk for the off-kilter LesterCorp, located on the five-foot tall 7½ floor of a Manhattan office building. Behind one of the filing cabinets in his work area, Craig finds a hidden door which he learns is a portal into the mind of John Malkovich, the visit through the portal which lasts fifteen minutes after which the person is spit into a ditch next to the New Jersey Turnpike. Craig is fascinated by the meaning of life associated with this finding. Lotte's trips through the portal make her evaluate her own self. And the confident Maxine Lund, one of Craig's co-workers who he tells about the portal if only because he is attracted to her, thinks that it is a money making opportunity in selling trips into Malkovich's mind after office hours for $200 a visit. Craig, Lotte and Maxine begin to understand that anyone entering the portal has the ability to control Malkovich's mind, which also alters his entire being. This experience makes Maxine fall in love with a composite. This ability to control Malkovich's mind begs the question of the ultimate psychedelic trip for Malkovich himself, who begins to feel that something is not right in the world as he knows it.",English,United States,Nominated for 3 Oscars. 49 wins & 79 nominations total,https://m.media-amazon.com/images/M/MV5BNDExODk1MTktNzRiYS00MWEyLTgyOWItYTI1OWY4NzI1NDM2XkEyXkFqcGc@._V1_SX300.jpg,"[{'Source': 'Internet Movie Database', 'Value': '7.7/10'}, {'Source': 'Rotten Tomatoes', 'Value': '94%'}, {'Source': 'Metacritic', 'Value': '90/100'}]",90,7.7,"367,080",tt0120601,movie,N/A,"$22,863,596",N/A,N/A,True,CINE.pdf,
Poseidón enamorado,2014,N/A,N/A,6 min,"Short, Drama, Fantasy",Marina Santana,Marina Santana,"Andrei Sarkisian, Dulce Maria Santana","The story of young Poseidon, who falls deeply in love for the first time, only to realize that although he is beautiful, he can also be cruel and unpredictable like the ocean.",N/A,Mexico,N/A,N/A,[],N/A,N/A,N/A,tt3538696,movie,N/A,N/A,N/A,N/A,True,CINE.pdf,
Quince minutos en España,1935,N/A,N/A,N/A,Short,Heinrich Gärtner,N/A,N/A,N/A,N/A,Spain,N/A,N/A,[],N/A,N/A,N/A,tt0026906,movie,N/A,N/A,N/A,N/A,True,CINE.pdf,
Ricos de Amor,2020,TV-14,30 Apr 2020,104 min,"Comedy, Romance","Bruno Garotti, Jessica Blue, Anita Barbosa","Bruno Garotti, Sylvio Gonçalves","Danilo Mesquita, Giovanna Lancellotti, Jaffar Bambirra","Rich kid Teto is determined to prove himself to Paula, his love interest. But when he tells her he grew up poor, the lie spins out of control.","English, Portuguese",Brazil,N/A,https://m.media-amazon.com/images/M/MV5BZGMxNGFiN2MtOTBlNy00OTNmLWE0ZmUtYWUyNjM5ZmViNzA2XkEyXkFqcGc@._V1_SX300.jpg,"[{'Source': 'Internet Movie Database', 'Value': '6.0/10'}]",N/A,6.0,"3,712",tt10329566,movie,N/A,N/A,N/A,N/A,True,CINE.pdf,
Poison Ivy,1992,R,08 May 1992,93 min,"Drama, Thriller",Katt Shea,"Melissa Goddard, Andy Ruben, Katt Shea","Drew Barrymore, Sara Gilbert, Tom Skerritt","Ivy ('Drew Barrymore'), a sexy teen who lives with her aunt, moves in with a reclusive teen (Gilbert) and slowly works her way into the lives of her adopted family. The mother (Ladd) is sickly and can't sexually satisfy her husband (Skerritt) any more, and to the daughter's horror, Ivy begins seducing her father.",English,United States,2 nominations total,https://m.media-amazon.com/images/M/MV5BNzNlNjQ4MTUtNTJmYi00MzU5LTlkNmQtZTIwMDZkNzlmMTgzXkEyXkFqcGc@._V1_SX300.jpg,"[{'Source': 'Internet Movie Database', 'Value': '5.4/10'}, {'Source': 'Rotten Tomatoes', 'Value': '38%'}, {'Source': 'Metacritic', 'Value': '51/100'}]",51,5.4,"21,202",tt0105156,movie,N/A,"$1,829,804",N/A,N/A,True,CINE.pdf,
El refugio,2021,N/A,26 Nov 2021,91 min,Comedy,Macarena Astorga,"Macarena Astorga, Beatriz Iznaola, Alicia Luna","Loles León, Carlos Alcántara, María Barranco",N/A,Spanish,Spain,N/A,https://m.media-amazon.com/images/M/MV5BYWQxNjQ2NWUtNzQ1My00YmI4LWIyMjktNDYwYTUzMzI5ZjZkXkEyXkFqcGdeQXVyMTM2Mzg4MA@@._V1_SX300.jpg,[],N/A,N/A,194,tt14941452,movie,N/A,N/A,N/A,N/A,True,CINE.pdf,
The Jacket,2005,R,04 Mar 2005,103 min,"Drama, Fantasy, Mystery",John Maybury,"Tom Bleecker, Marc Rocco, Massy Tadjedin","Adrien Brody, Keira Knightley, Daniel Craig","The film centers on a wounded Gulf war veteran who returns to his native Vermont suffering from bouts of amnesia. He is hitching and gets picked up by a stranger, things go wrong when a cop pulls them over and is murdered by a stranger. The vet is wrongly accused of the killing and lands in an asylum. A disreputable doctor prescribes a course of experimental therapy, restraining him in a modified strength straight jacket-like device, and locks him away in a cadaver drawer in the basement morgue. During the course of his treatment, he gets flashbacks and visions of his future where he can foresee that he is to die in four days time; He just doesn't know how. And thus commences the classic race against time for this tortured veteran with an expiration date.",English,"Germany, United States",1 win & 2 nominations total,https://m.media-amazon.com/images/M/MV5BNWYzYjg3MDItYzJmZC00MGI4LWFlYzktYzQ0NGMwNjg4ZTBlXkEyXkFqcGc@._V1_SX300.jpg,"[{'Source': 'Internet Movie Database', 'Value': '7.1/10'}, {'Source': 'Rotten Tomatoes', 'Value': '44%'}, {'Source': 'Metacritic', 'Value': '44/100'}]",44,7.1,"122,024",tt0366627,movie,N/A,"$6,303,762",N/A,N/A,True,CINE.pdf,
La Reina,2014,N/A,N/A,N/A,Drama,Matteo Ribaudo,Matteo Ribaudo,"Patricia Rae, Hemky Madera","A drug world ruled by men is reigned by one woman, La Reina. Antonia De La Reina rises from streets of Medellin to take over the Miami cocaine trade.",N/A,USA,N/A,N/A,[],N/A,N/A,N/A,tt3096216,movie,N/A,N/A,N/A,N/A,True,CINE.pdf,
Relaciones Peligrosas,2012–,N/A,23 Jan 2012,N/A,"Drama, Romance, Thriller",N/A,N/A,"Sandra Echeverría, Gabriel Coronel, Ana Layevska",She's a dedicated high school teacher. But that doesn't stop her from crossing the line into the forbidden love zone.,Spanish,United States,N/A,https://m.media-amazon.com/images/M/MV5BZTU1NDdkZDctYTc3OC00MGZmLWI5ZDMtOTk1NjdmOWE4Y2E0XkEyXkFqcGdeQXVyMjczNzQ4MDI@._V1_SX300.jpg,"[{'Source': 'Internet Movie Database', 'Value': '6.9/10'}]",N/A,6.9,223,tt2111001,series,,,,,True,CINE.pdf,1
Relaciones prohibidas,1995,N/A,N/A,90 min,Action,N/A,N/A,"Jorge Aldama, Alfredo Gutiérrez, Valeria Palmer",N/A,Spanish,Mexico,N/A,N/A,[],N/A,N/A,N/A,tt0922579,movie,N/A,N/A,N/A,N/A,True,CINE.pdf,
Duros,2025,N/A,N/A,18 min,"Animation, Short, Action",N/A,"Harvey Gozado, Edge Napadao, Neil Nuñez",Karl Jester,"In a myth-inspired northern land, a warrior journeys with a spear while branded a monster. As memories of violence and loss surface, he confronts his past and is forced to face what the monster truly is.",Tagalog,Philippines,N/A,https://m.media-amazon.com/images/M/MV5BZmNkOWIwNjYtMWZkYS00ZTk0LTg5NjEtYWNiMGZjNWNlODcwXkEyXkFqcGc@._V1_SX300.jpg,[],N/A,N/A,N/A,tt39320185,movie,N/A,N/A,N/A,N/A,True,CINE.pdf,
Muertos y vivientes,2011,N/A,27 May 2011,17 min,"Short, Comedy, Horror",Iñaki San Román,"Josu Díaz, Iñaki San Román","Pilar Bayona, Pablo del Hoyo, José Lifante","A woman decides that when the invasion of the undead starts in earnest, the cemetery is the place to go.",Spanish,Spain,2 nominations,https://m.media-amazon.com/images/M/MV5BM2ZkNWI3NDEtYWVhYy00ODRiLTlhN2YtZmUxZjFiMTMzMGU4XkEyXkFqcGdeQXVyMTM2Mzg4MA@@._V1_SX300.jpg,"[{'Source': 'Internet Movie Database', 'Value': '5.9/10'}]",N/A,5.9,15,tt1990289,movie,N/A,N/A,N/A,N/A,True,CINE.pdf,
Saving Private Ryan,1998,R,24 Jul 1998,169 min,"Drama, War",Steven Spielberg,Robert Rodat,"Tom Hanks, Matt Damon, Tom Sizemore","Opening with the Allied invasion of Normandy on 6 June 1944, members of the 2nd Ranger Battalion under Cpt. Miller fight ashore to secure a beachhead. Amidst the fighting, two brothers are killed in action. Earlier in New Guinea, a third brother is KIA. Their mother, Mrs. Ryan, is to receive all three of the grave telegrams on the same day. The United States Army Chief of Staff, George C. Marshall, is given an opportunity to alleviate some of her grief when he learns of a fourth brother, Private James Ryan, and decides to send out 8 men (Cpt. Miller and select members from 2nd Rangers) to find him and bring him back home to his mother...","English, French, German, Czech",United States,Won 5 Oscars. 79 wins & 75 nominations total,https://m.media-amazon.com/images/M/MV5BZGZhZGQ1ZWUtZTZjYS00MDJhLWFkYjctN2ZlYjE5NWYwZDM2XkEyXkFqcGc@._V1_SX300.jpg,"[{'Source': 'Internet Movie Database', 'Value': '8.6/10'}, {'Source': 'Rotten Tomatoes', 'Value': '94%'}, {'Source': 'Metacritic', 'Value': '91/100'}]",91,8.6,"1,624,514",tt0120815,movie,N/A,"$217,049,603",N/A,N/A,True,CINE.pdf,
El Reto,2017,N/A,06 Dec 2017,N/A,"Short, Horror",Ender Cárdenas,"Ender Cárdenas, Fátima Ramirez, Regina Ramírez",N/A,N/A,Spanish,Mexico,N/A,N/A,[],N/A,N/A,N/A,tt14898620,movie,N/A,N/A,N/A,N/A,True,CINE.pdf,
El retrato de Dorian Gray,1969–,N/A,N/A,30 min,"Drama, Fantasy, Horror",N/A,N/A,"Claudia Islas, Enrique Álvarez Félix, Silvia Pasquel",N/A,Spanish,Mexico,N/A,N/A,"[{'Source': 'Internet Movie Database', 'Value': '6.2/10'}]",N/A,6.2,14,tt0373599,series,,,,,True,CINE.pdf,1
Retrato de Teresa,1979,N/A,27 Nov 1981,103 min,Drama,Pastor Vega,"Ambrosio Fornet, Pastor Vega","Idalia Anreus, Miguel Benavides, Samuel Claxton","Teresa is overwhelmed: with a husband, three young sons, a job as a crew leader in a textile factory, and volunteer commitments as cultural leader of her union. Her husband, Ramón, wants more of her attention; her feelings are mixed, wanting domestic peace, feeling responsibilities to the revolution, and wanting to control her own life beyond doing dirty dishes. They separate; he begins an affair. When he wants a reconciliation, she asks what his response would be if she'd had an affair too. ""But men are different,"" is his reply. He's failed her test, and to hold on to independence and self-respect, she remains uncompromising and hard-edged.",Spanish,Cuba,1 win & 2 nominations,https://m.media-amazon.com/images/M/MV5BMjMzMjA5NzM4MV5BMl5BanBnXkFtZTgwMDM0NjIzMTE@._V1_SX300.jpg,"[{'Source': 'Internet Movie Database', 'Value': '6.9/10'}]",N/A,6.9,158,tt0076619,movie,N/A,N/A,N/A,N/A,True,CINE.pdf,
La Red Social,2011,N/A,30 Jan 2011,N/A,"Short, Comedy",Ángel Pazos,Ángel Pazos,"Secun de la Rosa, Elsa Pinilla",N/A,Spanish,Spain,N/A,https://m.media-amazon.com/images/M/MV5BNjYzMzQyY2YtZWNlZi00Njk4LWExNjItNGY1NzhmY2IzNDE2XkEyXkFqcGdeQXVyNjQ5MDA3NjE@._V1_SX300.jpg,[],N/A,N/A,N/A,tt4626112,movie,N/A,N/A,N/A,N/A,True,CINE.pdf,
Repulsion,1965,Not Rated,03 Oct 1965,105 min,"Drama, Horror, Thriller",Roman Polanski,"Roman Polanski, Gérard Brach, David Stone","Catherine Deneuve, Ian Hendry, John Fraser","In London, Belgian immigrant Carol Ledoux shares an apartment with her older sister Helen, and works as a manicurist at a beauty salon. Helen uses the word ""sensitive"" to describe Carol's overall demeanor, which is almost like she walks around in a daze, rarely speaking up about anything. When she does speak up, it generally is about something against one of those few issues on which she obsesses, such as Helen's boyfriend Michael's invasion of her space at the apartment. That specific issue may be more about men in general than just Michael's actions, as witnessed by Carol being agitated by hearing Helen and Michael's lovemaking, and she not being able to rebuff the advances effectively of a male suitor, Colin, who is infatuated with her. One of those other obsessive issues is noticing cracks and always wanting to fix them. While Helen and Michael leave on a vacation to Pisa, Italy, Carol chooses largely to lock herself in the apartment, ditching work. There, she is almost hypnotized by her solitude, which leads to her mental state deteriorating as those obsessions come to the fore. She quickly descends into madness, which ultimately also affects those that are trying to get in touch with her.",English,United Kingdom,Nominated for 1 BAFTA Award2 wins & 4 nominations total,https://m.media-amazon.com/images/M/MV5BOTE0YzBjNWEtZTE4NC00ZmM5LTllZmUtZGYwOGFlYWVjOGU2XkEyXkFqcGc@._V1_SX300.jpg,"[{'Source': 'Internet Movie Database', 'Value': '7.6/10'}, {'Source': 'Rotten Tomatoes', 'Value': '96%'}, {'Source': 'Metacritic', 'Value': '91/100'}]",91,7.6,"59,958",tt0059646,movie,N/A,N/A,N/A,N/A,True,CINE.pdf,
Revolución,2010,Not Rated,11 May 2011,105 min,Drama,"Mariana Chenillo, Fernando Eimbcke, Amat Escalante",Mauricio Katz,"Yolanda Abbud L., Adriana Barraza, Mónica Bejarano","Made up of 10 short films, 'Revolucion' analyzes through the eyes of the directors what is the revolution today and what it means to the young minds of Mexico.",Spanish,Mexico,2 wins,https://m.media-amazon.com/images/M/MV5BOTVmN2FhMjMtMDY4Mi00ODcxLWJlODItNzkxMDVlYWQ4Nzg3XkEyXkFqcGdeQXVyNDA5NDY4MzU@._V1_SX300.jpg,"[{'Source': 'Internet Movie Database', 'Value': '6.1/10'}]",N/A,6.1,395,tt1578267,movie,N/A,N/A,N/A,N/A,True,CINE.pdf,
Regreso a Casa,2020,N/A,08 Dec 2020,25 min,"Short, Drama",Rafael Tres,Rafael Tres,"Ernesto Molina, Werner Ulises Morales, Daniela Ovando",N/A,Spanish,Guatemala,N/A,N/A,[],N/A,N/A,N/A,tt13680304,movie,N/A,N/A,N/A,N/A,True,CINE.pdf,
El resplandor,1961,N/A,N/A,48 min,Drama,Luis A. Maisonet,Pedro Juan Soto,"Nelson Acosta, Tómas Bonilla, Pedro Calderón",N/A,Spanish,Puerto Rico,N/A,N/A,[],N/A,N/A,N/A,tt31841486,movie,N/A,N/A,N/A,N/A,True,CINE.pdf,
Rey De Reyes,2021,N/A,26 Jan 2021,N/A,Biography,Marc Visa,N/A,"Jorge Garbajosa, Pau Gasol, Sergio Llull",N/A,Spanish,Spain,N/A,https://m.media-amazon.com/images/M/MV5BMmI3N2IzZTUtM2E4Mi00MzU5LWEzODktNzk2NzZmYTRhNzcxXkEyXkFqcGdeQXVyNDk0NjY0MDE@._V1_SX300.jpg,[],N/A,N/A,N/A,tt31150048,movie,N/A,N/A,N/A,N/A,True,CINE.pdf,
El rito,1983,N/A,N/A,6 min,Short,Juan Pinzás,Juan Pinzás,"Blanca Roni, Pilar Sueiro",N/A,Spanish,Spain,N/A,https://m.media-amazon.com/images/M/MV5BYmI5MWY2Y2YtMGYyNS00NTM0LWJhNjYtNzBiOTM4YmZiMmIwXkEyXkFqcGc@._V1_SX300.jpg,[],N/A,N/A,N/A,tt0463175,movie,N/A,N/A,N/A,N/A,True,CINE.pdf,
Robin Hood,2010,PG-13,14 May 2010,140 min,"Action, Adventure, Drama",Ridley Scott,"Brian Helgeland, Ethan Reiff, Cyrus Voris","Russell Crowe, Cate Blanchett, Matthew Macfadyen","Birth of a legend. Following King Richard's (Danny Huston's) death in France, archer Robin Longstride (Russell Crowe), along with Will Scarlet (Scott Grimes), Allan A'Dayle (Alan Doyle), and Little John (Kevin Durand), returns to England. They encounter the dying Sir Robert Loxley (Douglas Hodge), whose party was ambushed by treacherous Godfrey (Mark Strong), who hopes to facilitate a French invasion of England. Robin promises the dying knight he will return his sword to his father Sir Walter Loxley (Max von Sydow) in Nottingham. Here, Sir Walter encourages him to impersonate the dead man to prevent his land being confiscated by the crown, and he finds himself with Marion (Cate Blanchett), a ready-made wife. Hoping to stir baronial opposition to weak Prince John (Oscar Isaac) and allow an easy French take-over, Godfrey worms his way into the Prince's service as Earl Marshal of England and brutally invades towns under the pretext of collecting Royal taxes. Can Robin navigate the politics of barons, royals, traitors, and the French?","English, French, Ukrainian","United Kingdom, United States",1 win & 14 nominations total,https://m.media-amazon.com/images/M/MV5BMTM5NzcwMzEwOF5BMl5BanBnXkFtZTcwNjg5MTgwMw@@._V1_SX300.jpg,"[{'Source': 'Internet Movie Database', 'Value': '6.6/10'}, {'Source': 'Rotten Tomatoes', 'Value': '43%'}, {'Source': 'Metacritic', 'Value': '53/100'}]",53,6.6,"294,277",tt0955308,movie,N/A,"$105,269,730",N/A,N/A,True,CINE.pdf,
Un español en la corte del rey Arturo,1964,N/A,N/A,48 min,"History, Musical",Fernando García de la Vega,"Fernando García de la Vega, Mark Twain","Luis Varela, Judy Stephen, Blas Martín",Short documentary from the series Escala en Hi-Fi.,Spanish,Spain,N/A,https://m.media-amazon.com/images/M/MV5BNjA4YWY1NWUtNWJlOC00Nzg5LWIyMDQtODkyNWU4NDlkZGU2XkEyXkFqcGdeQXVyMTM2Mzg4MA@@._V1_SX300.jpg,[],N/A,N/A,N/A,tt0137502,movie,N/A,N/A,N/A,N/A,True,CINE.pdf,
El revoltoso,1951,N/A,16 Aug 1951,90 min,Comedy,Gilberto Martínez Solares,"Juan García, Gilberto Martínez Solares","Germán Valdés, Rebeca Iturbide, Perla Aguiar",An urban shoeshine boy live a lot of misadventures due to his habit to meddle in other peoples' business.,Spanish,Mexico,N/A,https://m.media-amazon.com/images/M/MV5BZmEzNjNlNzQtM2FhZi00N2M5LTg1YjQtNmYwNTMyMTZhMWU1XkEyXkFqcGdeQXVyNjgxOTQ3NTE@._V1_SX300.jpg,"[{'Source': 'Internet Movie Database', 'Value': '7.6/10'}]",N/A,7.6,145,tt0043966,movie,N/A,N/A,N/A,N/A,True,CINE.pdf,
RoboCop,1987,R,17 Jul 1987,102 min,"Action, Crime, Sci-Fi",Paul Verhoeven,"Edward Neumeier, Michael Miner","Peter Weller, Nancy Allen, Dan O'Herlihy","In a violent, near-apocalyptic Detroit, evil corporation Omni Consumer Products wins a contract from the city government to privatize the police force. To test their crime-eradicating cyborgs, the company leads street cop Alex Murphy into an armed confrontation with crime lord Boddicker so they can use his body to support their untested RoboCop prototype. But when RoboCop learns of the company's nefarious plans, he turns on his masters.",English,United States,Nominated for 2 Oscars. 11 wins & 13 nominations total,https://m.media-amazon.com/images/M/MV5BZWM1YzRhODktZDE1MC00NzBlLTk0NGMtOGNhZDQyMmJiZGFiXkEyXkFqcGc@._V1_SX300.jpg,"[{'Source': 'Internet Movie Database', 'Value': '7.6/10'}, {'Source': 'Rotten Tomatoes', 'Value': '92%'}, {'Source': 'Metacritic', 'Value': '70/100'}]",70,7.6,"306,168",tt0093870,movie,N/A,"$53,424,681",N/A,N/A,True,CINE.pdf,
Rocky,1976,PG,03 Dec 1976,120 min,"Drama, Sport",John G. Avildsen,Sylvester Stallone,"Sylvester Stallone, Talia Shire, Burt Young","Rocky Balboa is a struggling boxer trying to make the big time, working as a debt collector for a pittance. When heavyweight champion Apollo Creed visits Philadelphia, his managers want to set up an exhibition match between Creed and a struggling boxer, touting the fight as a chance for a ""nobody"" to become a ""somebody"". The match is supposed to be easily won by Creed, but someone forgot to tell Rocky, who sees this as his only shot at the big time.","English, Spanish, Italian",United States,Won 3 Oscars. 23 wins & 23 nominations total,https://m.media-amazon.com/images/M/MV5BZDEyY2M2MGMtYjg5OC00ZWFjLWFkZDQtNmQzZTdiYmYzZTBkXkEyXkFqcGc@._V1_SX300.jpg,"[{'Source': 'Internet Movie Database', 'Value': '8.1/10'}, {'Source': 'Rotten Tomatoes', 'Value': '93%'}, {'Source': 'Metacritic', 'Value': '70/100'}]",70,8.1,"683,546",tt0075148,movie,N/A,"$117,235,147",N/A,N/A,True,CINE.pdf,
Ronin,1998,R,25 Sep 1998,122 min,"Action, Crime, Thriller",John Frankenheimer,"J.D. Zeik, David Mamet","Robert De Niro, Jean Reno, Natascha McElhone","Ronin is the Japanese word used for Samurai without a master. In this case, the Ronin are outcast specialists of every kind, whose services are available to everyone - for money. Dierdre (undoubtedly from Ireland) hires several Ronin to form a team in order to retrieve an important suitcase from a man who is about to sell it to the Russians. After the mission has been completed successfully, the suitcase immediately gets switched by a member of the team who seems to work into his own pocket. The complex net of everyone tricking everyone begins to surface slowly, and deadly...","English, French, Russian","United Kingdom, United States",1 win & 4 nominations total,https://m.media-amazon.com/images/M/MV5BYzU0MDEwOGMtZWFlMy00ZjllLWFmMWQtYWIxN2M1YmU5ZWQwXkEyXkFqcGc@._V1_SX300.jpg,"[{'Source': 'Internet Movie Database', 'Value': '7.2/10'}, {'Source': 'Rotten Tomatoes', 'Value': '69%'}, {'Source': 'Metacritic', 'Value': '67/100'}]",67,7.2,"204,446",tt0122690,movie,N/A,"$41,616,262",N/A,N/A,True,CINE.pdf,
Rosario Tijeras,2005,R,12 Aug 2005,126 min,"Crime, Drama, Romance",Emilio Maillé,"Marcelo Figueras, Jorge Franco Ramos","Flora Martínez, Unax Ugalde, Manolo Cardona","Two friends meet and are seduced by sensuous hit woman Rosario Tijeras. Full of hatred, violence is her way of life. The trio loose themselves in a passionate love triangle where the pain of love will be confused with that of death.",Spanish,"Colombia, Mexico, Spain, Brazil",3 wins & 3 nominations,https://m.media-amazon.com/images/M/MV5BZjVjNmIwMDAtZjNlNC00NjE0LTgxZWQtZDQwZDA2NTM5MmFlXkEyXkFqcGc@._V1_SX300.jpg,"[{'Source': 'Internet Movie Database', 'Value': '6.3/10'}]",N/A,6.3,"2,562",tt0382271,movie,N/A,N/A,N/A,N/A,True,CINE.pdf,
Rudo y Cursi,2008,R,15 May 2009,103 min,"Comedy, Drama, Sport",Carlos Cuarón,Carlos Cuarón,"Gael García Bernal, Diego Luna, Guillermo Francella","Mexican half-brothers Beto and Tato--who will eventually be appropriately nicknamed Rudo (rough) and Cursi (corny)--have a typical love/hate relationship. They both work on a banana plantation and live with their extended family consisting of their mother, abusive stepfather, sister Nadia, and Beto's wife Toña and their children. The family are rural peasant class and are barely making ends meet. The brothers' fortunes change when into their lives comes Batuta, a soccer scout. Despite their advancing ages, both Beto and Tato are naturally gifted at soccer, Beto as a goaltender and Tato as a striker. Playing professionally has always been Beto's dream, although Tato has other professional thoughts. Batuta eventually recruits both for different teams in Mexico City. Beto's and Tato's fortunes rise and fall, the falls based on things which hold more passion for the brothers--Tato loves fast women, specifically television spokesmodel Maya, but he loves singing even more. He would give up his soccer career for one in Mexican country singing, if only he was any good. Beto's passion is gambling. Although Beto is upfront and straightforward about most things, he would lie and cheat to hide his gambling problem and debts. They just need to keep these alternate passions in check to make their soccer lives lucrative ones.",Spanish,Mexico,1 win & 9 nominations,https://m.media-amazon.com/images/M/MV5BMjAxNzUwMzUzOV5BMl5BanBnXkFtZTcwMzAwNTE0Mg@@._V1_SX300.jpg,"[{'Source': 'Internet Movie Database', 'Value': '6.7/10'}, {'Source': 'Rotten Tomatoes', 'Value': '72%'}, {'Source': 'Metacritic', 'Value': '67/100'}]",67,6.7,"9,426",tt0405393,movie,N/A,"$1,827,660",N/A,N/A,True,CINE.pdf,
Sahara,2005,PG-13,08 Apr 2005,124 min,"Action, Adventure, Comedy",Breck Eisner,"Clive Cussler, Thomas Dean Donnelly, Joshua Oppenheimer","Matthew McConaughey, Penélope Cruz, Steve Zahn","Retired US admiral Sandecker's foundation finances various projects worldwide, including high tech marine salvage by brilliant Dirk Pitt's US Navy Seal veterans team including buddy Al Giordino, which dreams of finding the mysteriously missing Confederal gold aboard the ironclad battleship 'of Death'. Pitts bumps into evidence for his theory it crossed the Atlantic up the river Niger, where the admiral has an environmental project. Alas, it's a West African dictatorship where the ruthless president suppresses the desert people, in league with billionaire French energy industrialist Yves Massarde. Saving reckless WHO epidemics researcher Dr. Eva Rojas, he learns the secret abducted tribal slaves-run waste plant's toxic output threatens, through an underground fluvial system, to pollute the ocean and hence cause a global killer epidemic.","English, French, Arabic","United Kingdom, France, Germany, Spain, United States",2 wins & 5 nominations total,https://m.media-amazon.com/images/M/MV5BMjExOTM4NDUzNV5BMl5BanBnXkFtZTcwOTgzNzczMw@@._V1_SX300.jpg,"[{'Source': 'Internet Movie Database', 'Value': '6.1/10'}, {'Source': 'Rotten Tomatoes', 'Value': '37%'}, {'Source': 'Metacritic', 'Value': '41/100'}]",41,6.1,"108,721",tt0318649,movie,N/A,"$68,671,925",N/A,N/A,True,CINE.pdf,
Ringu,1998,Not Rated,31 Jan 1998,96 min,"Horror, Mystery",Hideo Nakata,"Hiroshi Takahashi, Kôji Suzuki","Nanako Matsushima, Miki Nakatani, Yûko Takeuchi","Reiko Asakawa is researching into a 'Cursed Video' interviewing teenagers about it. When her niece Tomoko dies of 'sudden heart failure' with an unnaturally horrified expression on her face, Reiko investigates. She finds out that some of Tomoko's friends, who had been on a holiday with Tomoko the week before, had died on exactly the same night at the exact same time in the exact same way. Reiko goes to the cabin where the teens had stayed and finds an 'unlabeled' video tape. Reiko watched the tape to discover to her horror it is in fact the 'cursed videotape'. Ex-Husband Ryuji helps Reiko solve the mystery, Reiko makes him a copy for further investigation. Things become more tense when their son Yoichi watches the tape saying Tomoko had told him to. Their discovery takes them to a volcanic island where they discover that the video has a connection to a psychic who died 30 years ago, and her child Sadako...",Japanese,Japan,7 wins & 1 nomination total,https://m.media-amazon.com/images/M/MV5BZTI3ZjZlN2MtYWI1Zi00YTc3LWI4ZDQtZTdkNTBiNzVhMjY4XkEyXkFqcGc@._V1_SX300.jpg,"[{'Source': 'Internet Movie Database', 'Value': '7.2/10'}, {'Source': 'Rotten Tomatoes', 'Value': '98%'}]",N/A,7.2,"82,260",tt0178868,movie,N/A,N/A,N/A,N/A,True,CINE.pdf,
Sanctum,2011,R,04 Feb 2011,108 min,"Action, Adventure, Drama",Alister Grierson,"John Garvin, Andrew Wight","Rhys Wakefield, Allison Cratchley, Christopher James Baker","The 3-D action-thriller Sanctum follows a team of underwater cave divers on a treacherous expedition to the largest, most beautiful and least accessible cave system on Earth. When a tropical storm forces them deep into the caverns, they must fight raging water, deadly terrain and creeping panic as they search for an unknown escape route to the sea. Master diver Frank McGuire has explored the South Pacific's Esa-ala Caves for months. But when his exit is cut off in a flash flood, Frank's team-including 17-year-old son Josh and financier Carl Hurley are forced to radically alter plans. With dwindling supplies, the crew must navigate an underwater labyrinth to make it out. Soon, they are confronted with the unavoidable question: Can they survive, or will they be trapped forever?",English,"Australia, United States",1 win & 1 nomination total,https://m.media-amazon.com/images/M/MV5BMTM4MjY1NTEyNV5BMl5BanBnXkFtZTcwMTc3MjcxNA@@._V1_SX300.jpg,"[{'Source': 'Internet Movie Database', 'Value': '5.9/10'}, {'Source': 'Rotten Tomatoes', 'Value': '29%'}, {'Source': 'Metacritic', 'Value': '42/100'}]",42,5.9,"58,118",tt0881320,movie,N/A,"$23,209,310",N/A,N/A,True,CINE.pdf,
Sangre,2020,N/A,03 Dec 2020,102 min,Drama,Juan Schnitman,"Juan Barberini, Agustina Liendo, Juan Schnitman","Juan Barberini, Natalia Tena, Bella Camero","Fernando works in an oil tanker that connects two major Argentinian cities. He has a young girlfriend in one and a married lover in the other. As they both become pregnant, his life starts to disintegrate into obsession and violence.","English, Portuguese, Spanish","Argentina, Spain, Brazil, Germany, France",1 nomination total,https://m.media-amazon.com/images/M/MV5BYjE1MDg4MTktYjFmYi00YWZmLTlmMWUtYTBhOTM1NTkyY2JiXkEyXkFqcGc@._V1_SX300.jpg,"[{'Source': 'Internet Movie Database', 'Value': '4.6/10'}]",N/A,4.6,159,tt10504776,movie,N/A,N/A,N/A,N/A,True,CINE.pdf,
The Shoes of the Fisherman,1968,G,14 Nov 1968,162 min,Drama,Michael Anderson,"John Patrick, James Kennaway, Morris West","Anthony Quinn, Laurence Olivier, Oskar Werner","Ukrainian Archbishop Kiril Lakota is set free after twenty years as a political prisoner in Siberia. He is brought to Rome by Father David Telemond, a troubled young priest who befriends him. Once at the Vatican, he is immediately given an audience with the Pope, who elevates him to Cardinal Priest. The world is on the brink of war due to a Chinese-Soviet feud made worse by a famine caused by trade restrictions brought against China by the U.S. When the Pontiff suddenly dies, Lakota's genuine character and unique life experience move the College of Cardinals to elect him as the new Pope. But Pope Kiril I must now deal with his own self-doubt, the struggle of his friend Father Telemond, who is under scrutiny for his beliefs, and find a solution to the crisis in China.","English, Latin, Hebrew",United States,Nominated for 2 Oscars. 4 wins & 5 nominations total,https://m.media-amazon.com/images/M/MV5BNThmNTc4NTgtODU3OS00NjBiLTk2N2ItOWIwNGRmMzlmNjg1XkEyXkFqcGc@._V1_SX300.jpg,"[{'Source': 'Internet Movie Database', 'Value': '7.0/10'}, {'Source': 'Rotten Tomatoes', 'Value': '43%'}]",N/A,7.0,"4,268",tt0063599,movie,N/A,N/A,N/A,N/A,True,CINE.pdf,
La sangre iluminada,2007,N/A,25 Apr 2008,104 min,"Drama, Fantasy, Mystery",Iván Ávila Dueñas,"José Ignacio Valenzuela, Iván Ávila Dueñas","Gustavo Sánchez Parra, Joustein Roustand, Enoc Leaño","Six characters explain their complex intertwined existence. Every so often, due to inexplicable mathematics, the lives of these characters change and they occupy the body of another.",Spanish,Mexico,N/A,https://m.media-amazon.com/images/M/MV5BY2QyYjQwNTktMmQ4OC00NDU1LTlkYzMtN2M0MjFlMTkyZTQ5XkEyXkFqcGdeQXVyNjE0NjU5NDQ@._V1_SX300.jpg,"[{'Source': 'Internet Movie Database', 'Value': '6.7/10'}]",N/A,6.7,100,tt0969746,movie,N/A,N/A,N/A,N/A,True,CINE.pdf,
Sanson y Dalila,1989,N/A,04 Jul 1989,N/A,"Drama, Music",N/A,Ferdinand Lemaire,"Agnes Baltsa, Plácido Domingo, Alain Fondary",N/A,French,Spain,N/A,N/A,"[{'Source': 'Internet Movie Database', 'Value': '6.3/10'}]",N/A,6.3,6,tt0278008,movie,N/A,N/A,N/A,N/A,True,CINE.pdf,
Santitos,2016,N/A,N/A,11 min,"Short, Comedy, Drama",Angel Maldonado,"Angel Maldonado, Mario Solorzano","Eduardo Bahr, Miguel Lardizabal, Angelica Merlo","Santos, a taxi driver, must fulfill the promise he made to his mother before he died: make peace with his father, whom he never knew.",Spanish,Honduras,N/A,https://m.media-amazon.com/images/M/MV5BMmE5OWU0NDYtOGI0NC00OTdkLWExNDctMTlhOTFjYTFlMjAxXkEyXkFqcGdeQXVyNDA1OTE2NjU@._V1_SX300.jpg,[],N/A,N/A,N/A,tt8526342,movie,N/A,N/A,N/A,N/A,True,CINE.pdf,
Salaam Bombay!,1988,Not Rated,07 Oct 1988,113 min,"Crime, Drama",Mira Nair,"Mira Nair, Sooni Taraporevala, Hriday Lani","Shafiq Syed, Anjaan, Amrit Patel","Young Krishna's mother abandons him at the Apollo Circus and informs him that he can only return home when he can afford 500 rupees to pay for his brother's bicycle that he destroyed. The circus then leaves Krishna behind and he takes a train to Bombay, where he works delivering tee for Chacha's street bar and being called ""Chaipau"" by the local street children. He befriends heroin addict and drug dealer Chillum, and young Manju Golub, the daughter of Baba Golub and prostitute Rekha Golub. Krishna dreams of saving 500 rupees to return home, but Bombay street life isn't easy.","Hindi, English","India, United States, France, United Kingdom",Nominated for 1 Oscar. 13 wins & 8 nominations total,https://m.media-amazon.com/images/M/MV5BODM1OTM2ZjUtMmQ3ZS00MmYwLWJiMTgtODY0Mjg5ZjgzYjJlXkEyXkFqcGc@._V1_SX300.jpg,"[{'Source': 'Internet Movie Database', 'Value': '7.9/10'}, {'Source': 'Rotten Tomatoes', 'Value': '93%'}, {'Source': 'Metacritic', 'Value': '78/100'}]",78,7.9,"10,411",tt0096028,movie,N/A,"$2,080,046",N/A,N/A,True,CINE.pdf,
Santo,2022–,TV-MA,16 Sep 2022,N/A,"Action, Crime, Drama",N/A,Carlos López,"Raúl Arévalo, Bruno Gagliasso, Victoria Guerra","Santo is a drug dealer whose face has never been revealed. Two policemen who go after him, Millán and Cardona, radically opposed, will have to learn to collaborate to solve the case and keep their lives safe.","Spanish, Portuguese",Spain,1 nomination,https://m.media-amazon.com/images/M/MV5BMjE4ODYyNzctNWFhMi00Mzc4LWI4ZTYtYjUzNDk0YzIzOTFiXkEyXkFqcGc@._V1_SX300.jpg,"[{'Source': 'Internet Movie Database', 'Value': '5.0/10'}]",N/A,5.0,"1,127",tt14278524,series,,,,,True,CINE.pdf,1
Mundos,2017,N/A,N/A,12 min,"Short, Drama, Sci-Fi",Max Lusson,"Abel Joglar Navarro, Evgeny Yablokov","Luis de Sannta, Mamen Godoy, Pepa Gracia","After her husband suicides, Irene's life has fallen apart. Now she is suffering the consequences of having her world split in two.",Spanish,Spain,N/A,https://m.media-amazon.com/images/M/MV5BYjI4ZjA1MzktMjg3Zi00M2VhLTg4NzAtYWU3YzQyZjVjNWNjXkEyXkFqcGdeQXVyMjcyNzE0Nzk@._V1_SX300.jpg,[],N/A,N/A,N/A,tt7259578,movie,N/A,N/A,N/A,N/A,True,CINE.pdf,
Samurai Rebellion,1967,Not Rated,01 Dec 1967,128 min,Drama,Masaki Kobayashi,"Shinobu Hashimoto, Yasuhiko Takiguchi","Toshirô Mifune, Yôko Tsukasa, Gô Katô","During peace in 1725, aging swordsman Isaburo is living a henpecked life when his clan lord requests that Isaburo's son marry the lord's mistress, with whom he's displeased, even though she's born him a son. Isaburo wants to refuse, but his son Yogoro accepts the woman, Ichi, and they fall deeply in love. Their love renews Isaburo, so when the clan lord's elder son dies and the lord sends for Ichi to return to his side as mother of his heir, Isaburo opposes his lord. Yogoro and Ichi, who now have a baby daughter, stand with him. The clan orders their suicide, then sends soldiers to kill them. Isaburo's only hope is to take his case to Edo to expose the clan's cruelty. Can he?",Japanese,Japan,7 wins & 1 nomination total,https://m.media-amazon.com/images/M/MV5BY2MyYmQxODEtNDk3Mi00Mjc2LTgxMTMtNWQyZmIzYjA4MzgyXkEyXkFqcGc@._V1_SX300.jpg,"[{'Source': 'Internet Movie Database', 'Value': '8.3/10'}, {'Source': 'Rotten Tomatoes', 'Value': '100%'}, {'Source': 'Metacritic', 'Value': '90/100'}]",90,8.3,"15,530",tt0061847,movie,N/A,N/A,N/A,N/A,True,CINE.pdf,
Frankenstein,2025,R,07 Nov 2025,149 min,"Drama, Fantasy, Horror",Guillermo del Toro,"Guillermo del Toro, Mary Shelley","Oscar Isaac, Jacob Elordi, Christoph Waltz","Dr. Victor Frankenstein, a brilliant but egotistical scientist, brings a creature to life in a monstrous experiment that ultimately leads to the undoing of both the creator and his tragic creation.","English, Danish, French","Mexico, United States",Nominated for 9 Oscars. 50 wins & 253 nominations total,https://m.media-amazon.com/images/M/MV5BYzYzNDYxMTQtMTU4OS00MTdlLThhMTQtZjI4NGJmMTZmNmRiXkEyXkFqcGc@._V1_SX300.jpg,"[{'Source': 'Internet Movie Database', 'Value': '7.5/10'}, {'Source': 'Rotten Tomatoes', 'Value': '85%'}, {'Source': 'Metacritic', 'Value': '78/100'}]",78,7.5,"257,226",tt1312221,movie,N/A,N/A,N/A,N/A,True,CINE.pdf,
Satyricon,1969,R,11 Mar 1970,129 min,"Drama, Fantasy",Federico Fellini,"Petronius, Federico Fellini, Bernardino Zapponi","Martin Potter, Hiram Keller, Max Born","In first-century Rome, two student friends, Encolpio and Ascilto, argue about ownership of the boy Gitone, divide their belongings, and split up. and split up. Allowed to choose who he goes with, the boy chooses Ascilto. Only a sudden earthquake saves Encolpio from suicide, and from there he has a series of adventures; eventually he reunites with Ascilto and they help a man kidnap a hermaphrodite demi-god from a temple. The god dies, and as punishment Encolpio becomes impotent and they search for a cure. The film is loosely based on the book Satyricon by Gaius Petronius Arbiter, the ""Arbiter of Elegance"" in the court of Nero. The book has only survived in fragments, and the film reflects this by being very fragmentary itself, even stopping in mid-sentence.","Italian, Latin","Italy, France",Nominated for 1 Oscar. 5 wins & 8 nominations total,https://m.media-amazon.com/images/M/MV5BYTIyMGI0MjItZGE4Ni00OWE3LWI0ZjItNWRhOGI1YmMwNWFlXkEyXkFqcGc@._V1_SX300.jpg,"[{'Source': 'Internet Movie Database', 'Value': '6.8/10'}, {'Source': 'Rotten Tomatoes', 'Value': '76%'}]",N/A,6.8,"18,039",tt0064940,movie,N/A,"$1,135,943",N/A,N/A,True,CINE.pdf,
"Colmillos, el hombre lobo",1993,N/A,01 Jan 1993,85 min,"Horror, Mystery, Thriller",René Cardona III,"Rubén Galindo, Carlos Valdemar","Miguel Ángel Rodríguez, Olivia Collins, José Elías Moreno","""Colmillos, el hombre lobo"" is a surprisingly fun and enjoyable Mexican monster romp.**SPOILERS**Plagued by strange nightmares, Cristobal, (Miguel Angel Rodriquez) allows it to interfere with his horse-track job for Roman, (Jose Elias Moreno) and while making up the time, is attacked by Tara, (Julieta Rosen) a weird woman who gives him a strange statue. Noticing it's full of precious stones, he sells so he can quit his job and gain the love of Susana, (Olivia Collins) a socialite who frequents the racing track where he works but is unable to do so. Still troubled by the nightmares, a series of vicious animal attacks in the community confirms his fears that he has been cursed with the mark of the werewolf even though no one else believes him. As the attacks continue, he finally comes to believe that he has been cursed to become a werewolf and those around him try to stop it before more in the area are slaughtered.The Good News: This was actually surprisingly good with a lot of good things about it. One of the best features is the fact that it manages to incorporate the past traditions of the werewolf with a welcome infusion of Gothic trappings to be atmospheric while still keeping with tradition. This is nicely realized in the opening nightmare, where the night-time setting, the journey through the underground caves through POV and the unknown panting in the background and the disorienting design of the caves makes for a rather inspired intro before the attack happens, which provides a nice jump. This is continued nicely with the first sequence of him being afflicted with the curse, the night-time stable encounter. From being drawn into the wilderness by the mysterious woman in white, the eerie blue light being emitted in the distance, and the slow stalking around the area into the woods by himself while the animals are seeing visibly protesting the actions all are classic Gothic trappings being reworked here, and along with the dissent into the caves and the confrontation there, with the statue being found and the skeleton right there for a great jump all coming before the attack, and the scene is both hauntingly beautiful and unnervingly chilling, another classic Gothic exercise being put to good use in the modern times. There's even a good old-fashioned forbidden-romance angle thrown in that is put to good use, using it to build up to the finale that plays homage to the past traditions that are quite obviously worked out in advance but still playing true to the traditions of what's come before. The modern influences here come from the rather fun, brutal and enjoyable attack scenes, which are part of the film's best scenes. The first attack of the dog-walker is quite chilling, due to the atmospheric set-up and grisly action that follows within, and the second encounter is just as good with its taking place in a barn, allowing for the film to take some liberties with almost slasher-film like stalking moments within, like the knocked-over hay-bales, the unseen charging and the final attack making it quite enjoyable, as well as the second part where it continues on outside to grab the second victim. The best stuff, though, is the last half as it's filled with some great encounters with the hunters being stalked among the woods, the creature going into the house to continue the assault within, and the group tracking it back into the woods, complete with a lot of action, suspense and gore in the kills. Those have some good parts too, as they're vicious scratches and maulings, showing the victims getting really cut up and bloody. The last plus is the werewolf's look, which is pretty cool and unique in the genre, and the transformation is effective. These are its good parts.The Bad News: There wasn't a whole lot here that didn't work. The biggest flaw to overcome is the absolutely inane editing during the attacks, which aren't all that great. Rather than giving good, clear shots of what's going on, it tends to either rattle the camera back-and-forth so that the entire set-piece is so blurred it becomes a guess as to what's happening or the scenes are spliced together so rapidly that it's essentially being assaulted by thirty different cuts during a five-second sequence, almost negating the entire experience to the point of being unable to detect what's going on. That these rapid-fire edits only occur during the scenes of the werewolf's attacks are where it becomes even more of a hassle, as there's very little opportunity to see what's happening during the best part of the film and that's really the reason to see this one, making it stand-out even more. Also problematic is the film's rather cheesy-looking effects for the werewolf, which are really quite goofy and not really that realistic. While it looks good and unique, the fact that there's no way to get around the fact that the creature still looks a little silly, and the transformations to get there, can't be avoided. The last flaw to this one is the rather long portion of set-up it has within the racetrack and finally getting him to leave. It spends a little longer amount of time than it really should due to the fact that he's already left there, yet it still has a series of scenes afterward of them wandering around, which just eats up time it could've put to better use. Otherwise, these here are the film's flaws.The Final Verdict: Without much in the way of flaws and really packed with some good stuff, this here is a much more enjoyable effort than expected and gets a lot of stuff right. Highly recommended to fans of the creative side, the more Gothic-tinged horror or a Mexican horror fan, while those who aren't should heed caution.Rated UR/R: Graphic Violence, Nudity, a mild sex scene and some Language",Spanish,Mexico,N/A,https://m.media-amazon.com/images/M/MV5BNzg4YjllNjUtMjI1Ny00M2JkLTg5YTYtNjRlZjdkZWU3OGJkXkEyXkFqcGc@._V1_SX300.jpg,"[{'Source': 'Internet Movie Database', 'Value': '5.8/10'}]",N/A,5.8,37,tt0359092,movie,N/A,N/A,N/A,N/A,True,CINE.pdf,
Se permuta,1985,N/A,01 Dec 1985,103 min,Comedy,Juan Carlos Tabío,Juan Carlos Tabío,"Mario Balmaseda, Rini Cruz, Rosita Fornés","Gloria, Yolanda's mother, exchanges their old house in Guanabacoa for a modern apartment in Vedado to keep Yolanda away from her boyfriend, but her plans soon backfire.",Spanish,Cuba,1 win & 1 nomination,https://m.media-amazon.com/images/M/MV5BMTc2ODE5MTQ1MV5BMl5BanBnXkFtZTgwMTI0NjIzMTE@._V1_SX300.jpg,"[{'Source': 'Internet Movie Database', 'Value': '7.4/10'}]",N/A,7.4,88,tt0122700,movie,N/A,N/A,N/A,N/A,True,CINE.pdf,
El secreto de Romelia,1988,N/A,04 Dec 1988,100 min,Romance,Busi Cortés,"Busi Cortés, Alicia Molina, Ignacio Ortiz","Pedro Armendáriz Jr., Dolores Beristáin, Diana Bracho","An elder woman (Romelia), her daughter and her grandchildren take a few days on holidays to visit a small town outside the city. The town makes Romelia melancholy and her daughter wants to find out about the mystery of her unknown father.",Spanish,Mexico,6 wins & 2 nominations,https://m.media-amazon.com/images/M/MV5BZGVlMzk5NDQtN2E0Zi00ODgwLWJkMjYtYjIxYWE1YjU5MTQyXkEyXkFqcGdeQXVyMTk4MDgwNA@@._V1_SX300.jpg,"[{'Source': 'Internet Movie Database', 'Value': '6.7/10'}]",N/A,6.7,52,tt0096067,movie,N/A,N/A,N/A,N/A,True,CINE.pdf,
Malabar Princess,2004,N/A,03 Mar 2004,94 min,Drama,Gilles Legrand,"Gilles Legrand, Marie-Aude Murail, Philippe Vuaillat","Jacques Villeret, Jules-Angelo Bigarnet, Michèle Laroque",A man leaves his 8-year old son with his father-in-law who lives near the glacier where the boy's mother died.,French,France,1 nomination,https://m.media-amazon.com/images/M/MV5BMTIyMTEzMzE0M15BMl5BanBnXkFtZTcwODMxMzUyMQ@@._V1_SX300.jpg,"[{'Source': 'Internet Movie Database', 'Value': '6.1/10'}]",N/A,6.1,688,tt0362048,movie,N/A,N/A,N/A,N/A,True,CINE.pdf,
Los Muertos,2004,N/A,03 Nov 2004,78 min,Drama,Lisandro Alonso,Lisandro Alonso,"Argentino Vargas, Francisco Dornez, Yolanda Galarza","Vargas, a 54 year old man, gets out of jail in the prvince of Corrientes, Argentina. Once released, he wants to find his now adult daughter, who lives in a swampy and remote area. To get there, he must cross great distances in a small boat on the rivers, scoring deep into the jungle. Vargas is a quiet and self-contained man. He possesses the restraint of those living close to nature. A deep mystery surrounds him, the people he encounters and the places he goes through, all that taking in the unalterable world he finds almost unchanged after his long years of incarceration.","Spanish, Guarani","Argentina, France, Netherlands, Switzerland",7 wins & 1 nomination,https://m.media-amazon.com/images/M/MV5BMTcwNjQ2NzQyN15BMl5BanBnXkFtZTcwNjM1NzA1MQ@@._V1_SX300.jpg,"[{'Source': 'Internet Movie Database', 'Value': '6.7/10'}, {'Source': 'Rotten Tomatoes', 'Value': '86%'}, {'Source': 'Metacritic', 'Value': '81/100'}]",81,6.7,"1,193",tt0407021,movie,N/A,"$3,027",N/A,N/A,True,CINE.pdf,
Scaramouche,1952,Approved,27 Jun 1952,115 min,"Action, Adventure, Comedy",George Sidney,"Ronald Millar, George Froeschel, Rafael Sabatini","Stewart Granger, Janet Leigh, Eleanor Parker","Andre-Louis Moreau is a nobleman's bastard in the days of the French revolution. Noel, the Marquis de Mayne, a nobleman in love with the Queen, is ordered to seek the hand of a young ingenue, Aline, in marriage. Andre also meets Aline, and forms an interest in her. But when the marquis kills his best friend Andre declares himself the Marquis's enemy and vows to avenge his friend. He hides out, a wanted man, as an actor in a commedia troupe, and spends his days learning how to handle a sword. When de Maynes becomes a spadassinicide, challenging opposing National Assembly members to duels they have no hope of winning, Andre becomes a politician to protect the third estate (and hopefully ventilate de Maynes).",English,United States,3 nominations total,https://m.media-amazon.com/images/M/MV5BN2Q5MTA3YWEtM2M3ZC00NDIzLWFjYWQtYTBjNGY4YjEzMGI3XkEyXkFqcGc@._V1_SX300.jpg,"[{'Source': 'Internet Movie Database', 'Value': '7.5/10'}]",N/A,7.5,"6,562",tt0045125,movie,N/A,N/A,N/A,N/A,True,CINE.pdf,
Tyrannosaurus Azteca,2007,Not Rated,28 Feb 2011,86 min,"Action, Adventure, Comedy",Brian Trenchard-Smith,Richard Manning,"Ian Ziering, Marco Sanchez, Kalani Queypo",A band of 16th century conquistadors must fight for their lives when they realize they're going to be served as sacrifices to a god-like T-Rex.,English,"United States, Germany",N/A,https://m.media-amazon.com/images/M/MV5BZGQxNjgyNmUtMGQyMS00YWU4LTkzNDctOGEzMmM3ODI3NWMwXkEyXkFqcGdeQXVyNjM2NTM3ODA@._V1_SX300.jpg,"[{'Source': 'Internet Movie Database', 'Value': '3.0/10'}]",N/A,3.0,"1,073",tt0925306,movie,N/A,N/A,N/A,N/A,True,CINE.pdf,
Smoking,2018–,N/A,20 Apr 2018,N/A,Crime,N/A,N/A,"Ryûhei Matsuda, Ryo Ishibashi, Tomomi Maruyama","Seeking a greater justice, a band of homeless assassins flays their human targets and delivers the tattooed skins as proof of a contract fulfilled.",Japanese,Japan,N/A,https://m.media-amazon.com/images/M/MV5BN2RmNmMyN2EtN2NmYy00OTZkLWE4Y2QtMzFjNjk0YTRmZDY3XkEyXkFqcGc@._V1_SX300.jpg,"[{'Source': 'Internet Movie Database', 'Value': '7.3/10'}]",N/A,7.3,609,tt8758778,series,,,,,True,CINE.pdf,1
Señales,2020,N/A,30 Jul 2020,4 min,"Short, Biography, Drama",Andrea Orellana,N/A,Blanca Regalado,"Blanca Regalado witnessed the femicide of her sister, Susan Regalado. In this short he recounts the horror that Susan lived with her life partner, with whom she had been married for 21 years and ended up stabbing her in her bed.",Spanish,El Salvador,N/A,https://m.media-amazon.com/images/M/MV5BZjA1ZjVjNzktOWZlOC00MTNlLWExMzUtNzQ0NTNmNDFmM2ZlXkEyXkFqcGc@._V1_SX300.jpg,[],N/A,N/A,N/A,tt12980578,movie,N/A,N/A,N/A,N/A,True,CINE.pdf,
Septiembre,2015,N/A,07 Nov 2015,26 min,"Short, Drama",Rafa Alberola,Rafa Alberola,"Gabriela Baixeras, Carmen Redondo Herrero, Lucía García Aragoneses","Gabriela spends the last days of summer in the countryside. These are days that sway between monotony and boredom, the village's traditions, and the girl's dreams and desires. She is eleven and observes the world as if this was the last summer of her childhood.",Spanish,Spain,N/A,https://m.media-amazon.com/images/M/MV5BMWYyODgwMDMtNTFiOC00MDM3LThlN2EtZjMyMmU3YzE1NGMxXkEyXkFqcGdeQXVyNjYxMTcyNDk@._V1_SX300.jpg,[],N/A,N/A,5,tt6012900,movie,N/A,N/A,N/A,N/A,True,CINE.pdf,
Se busca,1995–1996,N/A,15 Sep 1995,90 min,Reality-TV,N/A,N/A,José Antonio Gavira,N/A,Spanish,Spain,N/A,N/A,[],N/A,N/A,N/A,tt0381801,series,,,,,True,CINE.pdf,N/A
El séptimo cielo,1999,N/A,N/A,83 min,Drama,Juan Fischer,Juan Fischer,"Roberto De La Peña, Catalina Lago, Juan Pablo Shuk",N/A,Spanish,Colombia,1 win,https://m.media-amazon.com/images/M/MV5BZTEwMWQxNTItN2Y3Yi00M2ZjLTk0MzItZjdmY2YxMDIwYTgwL2ltYWdlL2ltYWdlXkEyXkFqcGdeQXVyMTU5MjMwNzU@._V1_SX300.jpg,"[{'Source': 'Internet Movie Database', 'Value': '7.3/10'}]",N/A,7.3,12,tt0213272,movie,N/A,N/A,N/A,N/A,True,CINE.pdf,
Snatchers,2019,R,18 Feb 2020,96 min,"Comedy, Horror, Sci-Fi","Stephen Cedars, Benji Kleiman","Stephen Cedars, Benji Kleiman, Scott Yacyshyn","Mary Nepi, Gabrielle Elyse, J.J. Nolan","After status-obsessed teen Sara has sex for the first time, she wakes up the next day nine months pregnant-with an alien.",English,United States,N/A,https://m.media-amazon.com/images/M/MV5BZDkzZDVlOTAtYTRmYi00OWVjLThjZmYtYTA4YmQ3NmNmNWE5XkEyXkFqcGc@._V1_SX300.jpg,"[{'Source': 'Internet Movie Database', 'Value': '5.8/10'}, {'Source': 'Rotten Tomatoes', 'Value': '94%'}]",N/A,5.8,"3,695",tt10009030,movie,N/A,N/A,N/A,N/A,True,CINE.pdf,
En el séptimo día,2017,TV-14,08 Jun 2018,92 min,Drama,Jim McKay,Jim McKay,"Fernando Cardona, Gilberto Jimenez, Abel Perez","A group of undocumented Mexican immigrants work long hours six days a week, and then savor their day of rest on Sundays on the soccer fields of Brooklyn.","Spanish, Mixtec, English",United States,1 win & 1 nomination total,https://m.media-amazon.com/images/M/MV5BYWRhNWJiYWItZTcyMC00ZjJjLWIwNDAtNjM0YjA1OWUxYTNhXkEyXkFqcGc@._V1_SX300.jpg,"[{'Source': 'Internet Movie Database', 'Value': '7.1/10'}, {'Source': 'Metacritic', 'Value': '87/100'}]",87,7.1,323,tt6144092,movie,N/A,"$79,887",N/A,N/A,True,CINE.pdf,
La segunda noche,2000,Not Rated,31 Mar 2000,105 min,Drama,Alejandro Gamboa,Gabriela Ortigoza,"Irán Castillo, Mariana Ávila, Francesca Guillén","Girls just want to have fun; but often they must do some growing up first...and fast! Four teenage friends explore the grey area between sexual attraction and responsible behavior and just where love fits in. Between rocky family relationships and dalliances with potential boyfriends, it's quite a balancing act for an adolescent. Enjoy the laughter and heartache as these four try to get it right!",Spanish,Mexico,N/A,https://m.media-amazon.com/images/M/MV5BMTU3MjE0NTY4M15BMl5BanBnXkFtZTgwNDUyNTgwMzE@._V1_SX300.jpg,"[{'Source': 'Internet Movie Database', 'Value': '5.1/10'}]",N/A,5.1,284,tt0212495,movie,N/A,N/A,N/A,N/A,True,CINE.pdf,
The Seventh Seal,1957,Not Rated,13 Oct 1958,96 min,"Drama, Fantasy",Ingmar Bergman,Ingmar Bergman,"Max von Sydow, Gunnar Björnstrand, Bengt Ekerot","A Knight and his squire are home from the crusades. Black Death is sweeping their country. As they approach home, Death appears to the knight and tells him it is his time. The knight challenges Death to a chess game for his life. The Knight and Death play as the cultural turmoil envelopes the people around them as they try, in different ways, to deal with the upheaval the plague has caused.","Swedish, Latin",Sweden,9 wins & 2 nominations total,https://m.media-amazon.com/images/M/MV5BZDlmYTkzOWUtODQ0MS00MmM4LWE3ZjMtYTEwNGUwMmJkYzIxXkEyXkFqcGc@._V1_SX300.jpg,"[{'Source': 'Internet Movie Database', 'Value': '8.1/10'}, {'Source': 'Rotten Tomatoes', 'Value': '93%'}, {'Source': 'Metacritic', 'Value': '88/100'}]",88,8.1,"211,758",tt0050976,movie,N/A,N/A,N/A,N/A,True,CINE.pdf,
Serenity,2005,PG-13,30 Sep 2005,119 min,"Action, Adventure, Sci-Fi",Joss Whedon,Joss Whedon,"Nathan Fillion, Gina Torres, Chiwetel Ejiofor","Serenity continues the story of the TV series it was based upon (""Firefly""). River Tam had a secret - one in which she's not even aware - so dangerous, no one's safe, as an Alliance operative's sent to capture her, and all others are considered irrelevant to his job.","English, Mandarin",United States,9 wins & 10 nominations total,https://m.media-amazon.com/images/M/MV5BZWYwN2M1NWItMWI0YS00ZmJjLTk1Y2QtZjIxYmNhNGZkZDcwXkEyXkFqcGc@._V1_SX300.jpg,"[{'Source': 'Internet Movie Database', 'Value': '7.8/10'}, {'Source': 'Rotten Tomatoes', 'Value': '82%'}, {'Source': 'Metacritic', 'Value': '74/100'}]",74,7.8,"314,280",tt0379786,movie,N/A,"$25,514,517",N/A,N/A,True,CINE.pdf,
Seven Samurai,1954,Not Rated,19 Nov 1956,207 min,"Action, Drama",Akira Kurosawa,"Akira Kurosawa, Shinobu Hashimoto, Hideo Oguni","Toshirô Mifune, Takashi Shimura, Keiko Tsushima","A veteran samurai, who has fallen on hard times, answers a village's request for protection from bandits. He gathers 6 other samurai to help him, and they teach the townspeople how to defend themselves, and they supply the samurai with three small meals a day. The film culminates in a giant battle when 40 bandits attack the village.",Japanese,Japan,Nominated for 2 Oscars. 5 wins & 9 nominations total,https://m.media-amazon.com/images/M/MV5BZjliMWExOTMtZDQ3ZS00NWU3LWIyN2EtMjllNzk3ZTNlYzg4XkEyXkFqcGc@._V1_SX300.jpg,"[{'Source': 'Internet Movie Database', 'Value': '8.6/10'}, {'Source': 'Rotten Tomatoes', 'Value': '100%'}, {'Source': 'Metacritic', 'Value': '98/100'}]",98,8.6,"397,770",tt0047478,movie,N/A,"$820,278",N/A,N/A,True,CINE.pdf,
El sexto sentido,1964,N/A,10 Aug 1964,N/A,N/A,Enrique Carreras,"Federico Muelas, A. Pajero, Sirio Rosado","Arturo Fernández, Rafael Alonso, Pilar Cansino",N/A,Spanish,Spain,N/A,https://m.media-amazon.com/images/M/MV5BNjNjOTgwMzctZTUyZC00MTYxLTliNGYtODFjMGFiMmZlZWFlXkEyXkFqcGdeQXVyMTk4MDgwNA@@._V1_SX300.jpg,[],N/A,N/A,N/A,tt0055437,movie,N/A,N/A,N/A,N/A,True,CINE.pdf,
Terminator 2: Judgment Day,1991,R,03 Jul 1991,137 min,"Action, Adventure, Sci-Fi",James Cameron,"James Cameron, William Wisher","Arnold Schwarzenegger, Linda Hamilton, Edward Furlong","Over 10 years have passed since the first machine called The Terminator tried to kill Sarah Connor and her unborn son, John. The man who will become the future leader of the human resistance against the Machines is now a healthy young boy. However, another Terminator, called the T-1000, is sent back through time by the supercomputer Skynet. This new Terminator is more advanced and more powerful than its predecessor and its mission is to kill John Connor when he's still a child. However, Sarah and John do not have to face the threat of the T-1000 alone. Another Terminator (identical to the same model that tried and failed to kill Sarah Connor in 1984) is also sent back through time to protect them. Now, the battle for tomorrow has begun.","English, Spanish","United States, France",Won 4 Oscars. 39 wins & 33 nominations total,https://m.media-amazon.com/images/M/MV5BNGMyMGNkMDUtMjc2Ni00NWFlLTgyODEtZTY2MzBiZTg0OWZiXkEyXkFqcGc@._V1_SX300.jpg,"[{'Source': 'Internet Movie Database', 'Value': '8.6/10'}, {'Source': 'Rotten Tomatoes', 'Value': '91%'}, {'Source': 'Metacritic', 'Value': '75/100'}]",75,8.6,"1,276,343",tt0103064,movie,N/A,"$205,881,154",N/A,N/A,True,CINE.pdf,
Shutter Island,2010,R,19 Feb 2010,138 min,"Drama, Mystery, Thriller",Martin Scorsese,"Laeta Kalogridis, Dennis Lehane","Leonardo DiCaprio, Emily Mortimer, Mark Ruffalo","In 1954, up-and-coming U.S. marshal Teddy Daniels is assigned to investigate the disappearance of a patient from Boston's Shutter Island Ashecliffe Hospital. He's been pushing for an assignment on the island for personal reasons, but before long he thinks he's been brought there as part of a twisted plot by hospital doctors whose radical treatments range from unethical to illegal to downright sinister. Teddy's shrewd investigating skills soon provide a promising lead, but the hospital refuses him access to records he suspects would break the case wide open. As a hurricane cuts off communication with the mainland, more dangerous criminals ""escape"" in the confusion, and the puzzling, improbable clues multiply, Teddy begins to doubt everything - his memory, his partner, even his own sanity.","English, German","Canada, United States",11 wins & 66 nominations total,https://m.media-amazon.com/images/M/MV5BN2FjNWExYzEtY2YzOC00YjNlLTllMTQtNmIwM2Q1YzBhOWM1XkEyXkFqcGc@._V1_SX300.jpg,"[{'Source': 'Internet Movie Database', 'Value': '8.2/10'}, {'Source': 'Rotten Tomatoes', 'Value': '69%'}, {'Source': 'Metacritic', 'Value': '63/100'}]",63,8.2,"1,629,567",tt1130884,movie,N/A,"$128,012,934",N/A,N/A,True,CINE.pdf,
Mañana es para siempre,2008–2009,N/A,20 Oct 2008,45 min,"Drama, Romance",N/A,N/A,"Lucero, Fernando Colunga, Sergio Sendel","After the Rebeca (Barbara) catches innocent Eduardo kissing his first love Fernanda, she sends him to a far away land. Years pass and tragedy brings him back, vengeance fills his heart towards the Elizaldo family. And the series unfolds as he developed a secret identity in order to gain his revenge.",Spanish,Mexico,1 win & 6 nominations,https://m.media-amazon.com/images/M/MV5BOTUwOWYxNjItOWJhYS00ODdhLWI2ZTQtOTQyYTE3MGZlZGI5XkEyXkFqcGc@._V1_SX300.jpg,"[{'Source': 'Internet Movie Database', 'Value': '7.3/10'}]",N/A,7.3,661,tt1316004,series,,,,,True,CINE.pdf,1
"Cóctel de camarones, en el día de la secretaria",1984,N/A,N/A,N/A,N/A,Alfredo Anzola,N/A,"Graciela Alterio, Alejandro Corona, Víctor Cuica","El día de la secretaria es para dos cosas, o te levantas una jeba o te levantas un billete. Así piensa FranciscoFerreiro orgulloso propietario del restaurante Le Francesito, pero ¿Que pasaría si el chef es asesinado después de una discusión con sus cómplices para efectuar un atraco al restaurante y, en su caída mortal, arrastra consigo la salsa rosada dejando a sus ayudantes un cóctel de camarones incompleto? ¿Qué pasaría si el Sr. Salas y el Lic. Pernía deciden revelar a su numeroso grupo de acompañantes, en medio de tremenda rasca, sus secretas intenciones sexuales? ¿Qué pasaría si Ferreiro además de esconder el muerto,como si nada hubiera pasado, decide levantarse a Consuelito, cajera del restaurante, en el preciso momento de la llegada de su esposa? ¿Qué pasaría si los cómplices del asalto, quienes no fueron informados de la muerte del cocinero, se presentan armados hasta los dientes a consumar el atraco mientras Honorio Arismendi, corroído por los celos que le producen los coqueteos de su buenisíma secretaria, decide desenfundar su arma para limpiar su honor? Estos y muchos más entuertos forman un despelote donde usted: Señor, Señora, Señorita se reirá de sus amigos, conocidos, familiares, cónyuges, amantes y, quien quita, de usted mismo.",Spanish,Venezuela,N/A,https://m.media-amazon.com/images/M/MV5BNDkxZDcxY2EtM2FlZi00MWQyLWJjZTctM2M5OWUzODA3ZGQ5XkEyXkFqcGdeQXVyNzIzMzAyODI@._V1_SX300.jpg,"[{'Source': 'Internet Movie Database', 'Value': '5.5/10'}]",N/A,5.5,22,tt0087108,movie,N/A,N/A,N/A,N/A,True,CINE.pdf,
Siempre hay una primera vez,1971,N/A,25 Feb 1971,95 min,Drama,"José Estrada, Guillermo Murray, Mauricio Walerstein","José Estrada, Carlos Lozano Dana, Gonzalo Martínez Ortega","Ana Martín, Octavio Galindo, Ernesto Gómez Cruz","Three stories about women from different social classes, in which they face their first sexual experience in two stories that, by addressing the issue of losing their virginity without marriage, reveal the convictions and prejudic...",Spanish,Mexico,N/A,https://m.media-amazon.com/images/M/MV5BZDUwMzZmMzAtMzM1My00ZTIyLWJkZmYtMmI2NjYyMDJjZGZkXkEyXkFqcGdeQXVyNjc0NzQ3OTg@._V1_SX300.jpg,"[{'Source': 'Internet Movie Database', 'Value': '6.8/10'}]",N/A,6.8,30,tt0064980,movie,N/A,N/A,N/A,N/A,True,CINE.pdf,
Shaft,2000,R,16 Jun 2000,99 min,"Action, Crime, Thriller",John Singleton,"Ernest Tidyman, John Singleton, Shane Salerno","Samuel L. Jackson, Vanessa Williams, Christian Bale","New York Police Detective John Shaft is the lead detective on a sensitive case, a young black man is severely beaten. The man's companions tell Shaft that their friend humiliated the one who was spouting racial slurs at him. Shaft confronts him and he says he's Walter Wade Jr. , the son of a wealthy man. Shaft finds that he has the ID of a woman who's a waitress at the bar where Wade and the guy who was attacked were. When Wade continues to hurl racist comments, Shaft smacks him. Shaft later learns because of his actions Wade was granted bail and fled. Two years later, Wade returns and Shaft arrests him. At his hearing when the judge grants him bail, that's when Shaft throws his badge at the judge. He then sets out to get Wade by finding the waitress. Wade in the meantime asks a drug dealer named Peoples Hernandez to find the waitress and make sure she doesn't talk.","English, German, Spanish","Germany, United States",2 wins & 13 nominations total,https://m.media-amazon.com/images/M/MV5BNThjNDFiMmUtYmY1Ni00YzQyLTk5ZDAtMDdiZmM2MGRkYTY2XkEyXkFqcGc@._V1_SX300.jpg,"[{'Source': 'Internet Movie Database', 'Value': '6.0/10'}, {'Source': 'Rotten Tomatoes', 'Value': '67%'}, {'Source': 'Metacritic', 'Value': '50/100'}]",50,6.0,"84,415",tt0162650,movie,N/A,"$70,334,258",N/A,N/A,True,CINE.pdf,
Funny People,2009,R,31 Jul 2009,146 min,"Comedy, Drama",Judd Apatow,Judd Apatow,"Adam Sandler, Seth Rogen, Leslie Mann","George is a very successful stand up comedian who learns that he has an untreatable blood disorder and is given less than a year to live. Ira is a struggling up-and-coming stand up comedian who works at a deli and has yet to figure out his onstage persona. One night, these two perform at the same club and George takes notice of Ira. George hires Ira to be his semi-personal assistant as well as his friend.",English,United States,3 nominations total,https://m.media-amazon.com/images/M/MV5BNmNlMWQ3YmMtNzJlYi00NGJiLThhMjAtMGJlYjY0ZjZiYWU3XkEyXkFqcGc@._V1_SX300.jpg,"[{'Source': 'Internet Movie Database', 'Value': '6.3/10'}, {'Source': 'Rotten Tomatoes', 'Value': '69%'}, {'Source': 'Metacritic', 'Value': '60/100'}]",60,6.3,"126,745",tt1201167,movie,N/A,"$51,855,045",N/A,N/A,True,CINE.pdf,
Shakespeare in Love,1998,R,08 Jan 1999,123 min,"Comedy, Drama, History",John Madden,"Marc Norman, Tom Stoppard","Gwyneth Paltrow, Joseph Fiennes, Geoffrey Rush","William Shakespeare (Joseph Fiennes) is a known but struggling poet, playwright, and actor, who not only has sold his next play to both Philip Henslowe (Geoffrey Rush) and Richard Burbage (Martin Clunes), but now faces a far more difficult problem: he is bereft of ideas and has yet to begin writing. He is in search of his muse, the woman who will inspire him but all attempts fail him until he meets the beautiful Viola De Lesseps (Gwyneth Paltrow). She loves the theatre and would like nothing more than to take to the stage, but is forbidden from doing so as only men can be actors. She is also a great admirer of Shakespeare's works. Dressing as a man, and going by the name of ""Thomas Kent"", she auditions and is ideal for a part in his next play. Shakespeare soon sees through her disguise and they begin a love affair, one they know cannot end happily for them as he is already married and she has been promised to the dour Lord Wessex (Colin Firth). As the company rehearses his new play, William and Viola's love is transferred to the written page leading to the masterpiece that is Romeo and Juliet.",English,"United Kingdom, United States",Won 7 Oscars. 65 wins & 87 nominations total,https://m.media-amazon.com/images/M/MV5BYmM3MTllNzYtN2MzNS00NWQwLTk0NTEtNjY1MmMwYjNkNTE5XkEyXkFqcGc@._V1_SX300.jpg,"[{'Source': 'Internet Movie Database', 'Value': '7.1/10'}, {'Source': 'Rotten Tomatoes', 'Value': '92%'}, {'Source': 'Metacritic', 'Value': '87/100'}]",87,7.1,"240,389",tt0138097,movie,N/A,"$100,317,794",N/A,N/A,True,CINE.pdf,
El pasado,2007,N/A,26 Oct 2007,114 min,"Drama, Romance",Hector Babenco,"Hector Babenco, Marta Goes, Alan Pauls","Gael García Bernal, Analía Couceyro, Ana Celentano","A traumatic love, on which Rimini (Gael García Bernal) fails to discard. Twelve years have passed since his marriage to Sofia and the breakup seems, at least, consensual. After the separation, Rimini will have erratic attempts to rebuild his love life. Each of the women who will appear on his path will be forced to stay away from him.","Spanish, French, English, Portuguese","Argentina, Brazil",1 win & 4 nominations,https://m.media-amazon.com/images/M/MV5BNGYxOWIyM2ItOTM0Yy00MDE2LWIxNDgtNTU5ZWMzNjNhODNjXkEyXkFqcGdeQXVyMjA5MTIzMjQ@._V1_SX300.jpg,"[{'Source': 'Internet Movie Database', 'Value': '6.1/10'}]",N/A,6.1,"2,254",tt0765469,movie,N/A,N/A,N/A,N/A,True,CINE.pdf,
Si Señor Si Señor,2018,N/A,02 Feb 2018,N/A,Drama,Valentin Trujillo Jr.,N/A,"Estrella Almada Cervantes, Valentin Trujillo Jr., Jaime Manzo",N/A,Spanish,Mexico,N/A,https://m.media-amazon.com/images/M/MV5BOTg4ZjcyNDUtZGMzMi00MGFmLWI1YWUtMjg1OTJjNjc1ZTczXkEyXkFqcGdeQXVyNzEyODA4NTc@._V1_SX300.jpg,[],N/A,N/A,N/A,tt11279686,movie,N/A,N/A,N/A,N/A,True,CINE.pdf,
Simbad el Mareado,1950,N/A,14 Oct 1950,96 min,"Comedy, Fantasy",Gilberto Martínez Solares,"Juan García, Gilberto Martínez Solares","Germán Valdés, Marcelo Chávez, Famie Kaufman","Simbad was a little disappointing, though I thoroughly enjoyed it once it got going and I resigned myself to the fact that the hero was a pescador (fisherman) rather than a mareado (sailor) and that he was not about to set out on any long voyages let alone battle any fabled beasts. Mind you, the story often borders on fantasy, especially in a marvelous sequence in which the hero contrives to blow himself away with dynamite, and lets itself go altogether in a crazy, musical melange of an Arabian Nights dream.Tin-Tan is a clever comedian and Solares a gifted writer/director but a lot of time was spent setting the scene. Solares seemed to feel that latecomers might have trouble following the plot, so Tin-Tan kept up a constant chatter for the first half-hour until the last late-comer was seated and then the movie finally moved ahead, though in a different direction. The first 30 minutes had Tin-Tan deserting his faithful Mexican girlfriend, Thelma Ferrino (a lovely girl, making both her film debut and last movie appearance here), in favor of a more mature American tourist, blonde Jacqueline Evans. But when the movie finally set sail, all this material was jettisoned and Jacqueline Evans was virtually dropped from the plot, whilst a new character, an officious policeman called Juanito (who actually came on the scene almost right after the credits), was hilariously re-introduced, enabling Simbad to innocently tango with a group of gangsters operating under the cover of a drawing school (in which Miss Evans is enrolled, though she is no longer either the main or secondary protagonist)! This leads to some very funny sequences involving the gangly, loose-limbed ""Vitola"" and José René Ruiz's delightfully vicious dwarf. Adding to the fast-paced and highly athletic action and comedy, are a succession of delightful musical turns, including the foot-tapping dream sequence of course with Simbad dancing and singing through an Arabian night! Tin-Tan is an excellent singer (a pleasing tenor voice) and a very accomplished choreographer. He staged all the songs and dances in the movie including an absolutely stand-out rendition by the provocative ""Dolly Sisters"". They were wonderful! (Not the sisters that Betty Grable and June Haver portrayed in the 1945 Hollywood movie, of course, but pretty fair imitators)!Aside from some obvious studio inserts, production credits, led by Solares' skillful direction (which makes imaginative use of real locations in Acapulco) and Herrera's attractive photography, are commendably ""A"" plus. Available on DVD through Laguna Films. Quality rating: Ten out of ten.",Spanish,Mexico,N/A,https://m.media-amazon.com/images/M/MV5BNGUzYjc1MTItYzE2Mi00MWEzLTkwYmItMDRhM2U5YmFiMzk1XkEyXkFqcGc@._V1_SX300.jpg,"[{'Source': 'Internet Movie Database', 'Value': '7.5/10'}]",N/A,7.5,123,tt0042968,movie,06 Apr 2004,N/A,N/A,N/A,True,CINE.pdf,
Sin dejar huella,2000,N/A,23 Mar 2001,109 min,Drama,María Novaro,María Novaro,"Aitana Sánchez-Gijón, Tiaré Scanda, Jesús Ochoa","Aurelia, a Norteña who's a high-school dropout with two sons, ditches her life as a sweatshop seamstress by stealing her boyfriend's dope, selling it, and heading for Cancún in her station wagon. At a truck stop, she's approached by Marilú, who deals in Mayan art forgeries, speaks with a Castilian accent, and wears Gucci. Marilú's also on the lamb, trying to avoid prison and escape a corrupt federal investigator. On the road, it's soon apparent they're being followed, but by whom? At least six people are in pursuit of the women. Can the women trust each other enough to work as a team; is there honor among thieves?",Spanish,"Spain, Mexico",5 wins & 4 nominations,https://m.media-amazon.com/images/M/MV5BMjQzOTUyNzgzNF5BMl5BanBnXkFtZTcwNTU4OTQyMQ@@._V1_SX300.jpg,"[{'Source': 'Internet Movie Database', 'Value': '6.7/10'}]",N/A,6.7,450,tt0216990,movie,03 Feb 2004,N/A,N/A,N/A,True,CINE.pdf,
Graham: A Dog's Story,2017,N/A,07 Oct 2017,14 min,"Short, Comedy",Paul Lazarus,"Paul Lazarus, Phil Olson, Phil Olson","Chris Williams, Tatyana Ali, Rubén J. Carbajal, Laura Napoli","Entirely seen from a dog's POV, this short looks at the entire life of a canine from puppy to 'letting go' and beyond. Funny, touching and a comfort for anyone who has ever had to deal with...",English,USA,N/A,https://m.media-amazon.com/images/M/MV5BMzkzMWE2NWEtZmNlYy00MjVkLThhNTEtMWMxYTliYzc3MmM2XkEyXkFqcGdeQXVyMTMyOTE4MDM@._V1_SX300.jpg,"[{'Source': 'Internet Movie Database', 'Value': '8.0/10'}]",N/A,8.0,5,tt7315982,movie,N/A,N/A,N/A,N/A,True,CINE.pdf,
HÉROES (Sin Escape),2023,N/A,07 Sep 2023,90 min,Action,Ricardo Arnaiz,Ricardo Arnaiz,"Silverio Palacios, Gerardo Taracena, Mario Iván Martínez",Follows a group of students of a military school as they suffer an invasion during the Mexican-American War.,"Spanish, English",Mexico,3 wins & 6 nominations,https://m.media-amazon.com/images/M/MV5BOTgzNjJhNjUtZjVlYy00ZTBjLTg0NzMtMmUzMTExYzQ4Njc5XkEyXkFqcGdeQXVyMTU3NDU4MDg2._V1_SX300.jpg,"[{'Source': 'Internet Movie Database', 'Value': '5.3/10'}]",N/A,5.3,13,tt26929388,movie,N/A,N/A,N/A,N/A,True,CINE.pdf,
Sin reservas,2008–,N/A,07 Jan 2008,N/A,Talk-Show,N/A,N/A,"Daniel Habif, Mauricio Basualto, Los Bunkers",N/A,Spanish,Mexico,N/A,N/A,[],N/A,N/A,N/A,tt1290337,series,,,,,True,CINE.pdf,N/A
Sin tregua,1969,N/A,N/A,10 min,"Documentary, Short",Simón Feldman,N/A,N/A,N/A,Spanish,Argentina,N/A,N/A,[],N/A,N/A,N/A,tt32109986,movie,N/A,N/A,N/A,N/A,True,CINE.pdf,
Sirenas,1995,N/A,15 Jul 1995,15 min,"Short, Drama",Fernando León de Aranoa,Fernando León de Aranoa,"José Yepes, Concha Gómez Conde, Daniel Guzmán",N/A,Spanish,Spain,N/A,https://m.media-amazon.com/images/M/MV5BNWM0NDQxMDgtODI5Zi00YzFmLTkyYjYtN2FlMGU1MWQ2MzhhXkEyXkFqcGdeQXVyMTM2Mzg4MA@@._V1_SX300.jpg,"[{'Source': 'Internet Movie Database', 'Value': '7.1/10'}]",N/A,7.1,39,tt0425456,movie,N/A,N/A,N/A,N/A,True,CINE.pdf,
Sobreviviente,2003,N/A,02 Dec 2003,70 min,Drama,Jesús Magaña Vázquez,Jesús Magaña Vázquez,"Humberto Busto, Daniela Schmidt, Mario Zaragoza","A stylized look at the life of a Mexican urban youngster, Tonatiuh (Busto), who, despite living in the largest city of the world, feels as lonely and desperate as ever.",Spanish,Mexico,1 nomination total,https://m.media-amazon.com/images/M/MV5BZjNhYzU0MWMtMWFlNC00ODdlLWIwOWUtMzliMjQ3MjBhOGRjXkEyXkFqcGc@._V1_SX300.jpg,"[{'Source': 'Internet Movie Database', 'Value': '7.1/10'}]",N/A,7.1,13,tt0410632,movie,N/A,N/A,N/A,N/A,True,CINE.pdf,
El siete machos,1951,N/A,02 May 1951,98 min,"Comedy, Western",Miguel M. Delgado,"Janet Alcoriza, Luis Alcoriza, Jaime Salvador","Cantinflas, Alma Rosa Aguirre, Miguel Ángel Ferriz","In order to woo Rosario, Margarito pretends to be the famous outlaw ""Siete Machos"", called like that because ""he possesses the courage of seven macho men"".",Spanish,Mexico,N/A,https://m.media-amazon.com/images/M/MV5BMmQzNmJiOGQtOWE1Yi00NDJjLTgxZDItMjA4NzcyZDA0NDBmXkEyXkFqcGc@._V1_SX300.jpg,"[{'Source': 'Internet Movie Database', 'Value': '7.3/10'}]",N/A,7.3,403,tt0042965,movie,N/A,N/A,N/A,N/A,True,CINE.pdf,
Solaris,1972,PG,26 Sep 1972,167 min,"Adventure, Drama, Mystery",Andrei Tarkovsky,"Stanislaw Lem, Fridrikh Gorenshteyn, Andrei Tarkovsky","Natalya Bondarchuk, Donatas Banionis, Jüri Järvet","The Solaris mission has established a base on a planet that appears to host some kind of intelligence, but the details are hazy and very secret. After the mysterious demise of one of the three scientists on the base, the main character is sent out to replace him. He finds the station run-down and the two remaining scientists cold and secretive. When he also encounters his wife who has been dead for ten years, he begins to appreciate the baffling nature of the alien intelligence.","Russian, German",Soviet Union,2 wins & 4 nominations total,https://m.media-amazon.com/images/M/MV5BYTYyMjU4MjItYzZkNy00NmIyLTg1ZGEtYTY5ZTEyM2U2NDM2XkEyXkFqcGc@._V1_SX300.jpg,"[{'Source': 'Internet Movie Database', 'Value': '7.9/10'}, {'Source': 'Rotten Tomatoes', 'Value': '92%'}, {'Source': 'Metacritic', 'Value': '93/100'}]",93,7.9,"104,549",tt0069293,movie,N/A,"$22,168",N/A,N/A,True,CINE.pdf,
Soledad la serie,2021,N/A,05 Jul 2021,N/A,Drama,N/A,N/A,"Melanie Marcano, Naila Molina, Rosalía Poleo",N/A,Spanish,Venezuela,N/A,https://m.media-amazon.com/images/M/MV5BMWI3YjE4NGYtZjA2Mi00ZWQxLTkwMTQtNjM4ZTU3NWMyMDBjXkEyXkFqcGc@._V1_SX300.jpg,[],N/A,N/A,N/A,tt36263249,series,,,,,True,CINE.pdf,N/A
Solas,1999,R,05 Mar 1999,101 min,Drama,Benito Zambrano,Benito Zambrano,"María Galiana, Ana Fernández, Carlos Álvarez-Nóvoa","Maria, whose parents live in the country, cannot stand her father's authoritarian ways and moves to the city. She finds a job as a cleaner and tries to survive in a wretched apartment in the shabby part of a big city. She is pregnant, and the fact that her boyfriend has abandoned her does not help matters. When her father goes to the hospital for an operation, her mother comes to stay with her. Her neighbor, an old recluse whose only friend is his dog, begins to come out of his shell and these three lost souls try to give each other the strength to start over.",Spanish,"Spain, Canada",48 wins & 17 nominations total,https://m.media-amazon.com/images/M/MV5BNzRiNTQwMjYtYzI0ZS00NzQ5LWJjZGUtMDQ0YWZkZDBmNzhhXkEyXkFqcGc@._V1_SX300.jpg,"[{'Source': 'Internet Movie Database', 'Value': '7.5/10'}, {'Source': 'Rotten Tomatoes', 'Value': '90%'}, {'Source': 'Metacritic', 'Value': '75/100'}]",75,7.5,"3,944",tt0190798,movie,N/A,"$277,596",N/A,N/A,True,CINE.pdf,
Interior Sin descanso Emergiendo,2003,N/A,22 Oct 2003,15 min,N/A,Tomás Larrinaga,N/A,José Campitelli,N/A,None,Argentina,N/A,https://m.media-amazon.com/images/M/MV5BZjJkNDEwOTUtYzg0NC00NTZkLTg4Y2ItOWZiOWI1NWI2ZmRmXkEyXkFqcGdeQXVyODg2OTA1ODM@._V1_SX300.jpg,[],N/A,N/A,N/A,tt8515342,movie,N/A,N/A,N/A,N/A,True,CINE.pdf,
Sonata de otoño,1966–,N/A,N/A,N/A,"Drama, Romance",N/A,N/A,"Prudencia Grifell, Carlos Navarro, Maruja Grifell, Angelines Fernández",N/A,Spanish,Mexico,N/A,N/A,[],N/A,N/A,N/A,tt0328794,series,,,,,True,CINE.pdf,N/A
Sonny,2002,R,21 Mar 2003,110 min,"Crime, Drama",Nicolas Cage,John Carlen,"James Franco, Brenda Blethyn, Mena Suvari","1981: Sonny is the son of Jewel who runs a small brothel in New Orleans. He returns home from the army, staying with his mother while waiting to start the job an army buddy of his promised him. Jewel tries to convince him to come back to working for her as he had before the army, saying many of his old clients still miss him and he was the best gigolo she had ever had. He repeatedly turns her down, wanting to leave that life behind. However, the job he was promised never materializes and he is forced to return to working for his mother. Jewel had recently recruited a new girl to the brothel, Carol, who meets him and falls in love with him. They talk of getting out together. One of Carol's clients, an older man, proposes to her. She initially declines, hoping to go away with Sonny. She and Sonny fall out as he fails to make an effort to get out of the business, instead becoming increasingly introverted and depressed, with occasional outbursts as he looks for more work. Ultimately, Carol accepts the marriage proposal.",English,United States,1 nomination total,https://m.media-amazon.com/images/M/MV5BMTY2MzUzMDU3Nl5BMl5BanBnXkFtZTcwNzQ1MTAwMQ@@._V1_SX300.jpg,"[{'Source': 'Internet Movie Database', 'Value': '5.6/10'}, {'Source': 'Rotten Tomatoes', 'Value': '21%'}, {'Source': 'Metacritic', 'Value': '31/100'}]",31,5.6,"4,770",tt0305973,movie,N/A,"$30,005",N/A,N/A,True,CINE.pdf,
South Park,1997–,TV-MA,13 Aug 1997,22 min,"Animation, Comedy",N/A,"Trey Parker, Matt Stone, Brian Graden","Trey Parker, Matt Stone, Isaac Hayes","The curious, adventure-seeking, fourth grade group of 10 year old boys, Stan, Kyle, Cartman, and Kenny, all join in in buffoonish adventures that sometimes evolve nothing. Sometimes something that was simple at the start, turns out to get out of control. Everything is odd in the small mountain town, South Park, and the boys always find something to do with it.",English,United States,Won 5 Primetime Emmys. 21 wins & 96 nominations total,https://m.media-amazon.com/images/M/MV5BNTBlMzA3ZTUtODZjNi00NTM0LWExMjMtNjJhYzA3YTkwMWYwXkEyXkFqcGc@._V1_SX300.jpg,"[{'Source': 'Internet Movie Database', 'Value': '8.7/10'}]",N/A,8.7,"441,099",tt0121955,series,,,,,True,CINE.pdf,28
Suspects,2014–2016,Not Rated,12 Feb 2014,1 min,"Crime, Drama, Mystery",N/A,"Darren Fairhurst, Steve Hughes, Paul Marquess","Damien Molony, Clare-Hope Ashitey, Fay Ripley",An unscripted crime/drama series centered on a team of three detectives - each with their own distinctive style of working.,English,United Kingdom,1 nomination total,https://m.media-amazon.com/images/M/MV5BNGVhZTAyYTMtODFhMi00Y2Q5LTliNjUtOGE2ZDAxZjkzZWVhXkEyXkFqcGc@._V1_SX300.jpg,"[{'Source': 'Internet Movie Database', 'Value': '7.3/10'}]",N/A,7.3,"1,809",tt3149010,series,,,,,True,CINE.pdf,5
Soy leyenda,1967,N/A,N/A,36 min,"Short, Horror",Mario Gómez Martín,"Alfonso Núñez Flores, Mario Gómez Martín, Richard Matheson","Moisés Menéndez, Elisa Ramírez, José María Resel","First the atomic war broke out, new machines were made, dead birds appeared. In 1999 a biological warfare broke out, there were sandstorms and giant locust infestations; the human tissue was transformed and a new being, once legendary, now real, emerged: the vampire. Only Robert Neville, the last man on Earth, remains unpolluted, living in a constant struggle with the new inhabitants of the planet...",N/A,Spain,N/A,https://m.media-amazon.com/images/M/MV5BMmYyYzM3OWQtMzVhYS00MjMzLTk3ODUtMzk1OGI0NjRkZjg0XkEyXkFqcGdeQXVyNjQ5MDA3NjE@._V1_SX300.jpg,"[{'Source': 'Internet Movie Database', 'Value': '7.4/10'}]",N/A,7.4,100,tt0149027,movie,N/A,N/A,N/A,N/A,True,CINE.pdf,
Making 'Sólo con tu pareja',2006,N/A,17 Oct 2006,29 min,"Documentary, Short",N/A,N/A,"Alfonso Cuarón, Carlos Cuarón, Daniel Giménez Cacho",N/A,"English, Spanish","USA, Mexico",N/A,https://m.media-amazon.com/images/M/MV5BMTMxYjQ5OTgtMjU1ZC00MzQzLTkwNGEtODcwOWVkNDlhYTZmXkEyXkFqcGdeQXVyMzI5NjUyMDM@._V1_SX300.jpg,"[{'Source': 'Internet Movie Database', 'Value': '6.4/10'}]",N/A,6.4,19,tt0896833,movie,N/A,N/A,N/A,N/A,True,CINE.pdf,
Spider,2002,R,13 Dec 2002,98 min,"Drama, Mystery, Thriller",David Cronenberg,Patrick McGrath,"Ralph Fiennes, Miranda Richardson, Gabriel Byrne","Dennis Clegg is in his thirties and lives in a halfway house for the mentally ill in London. Dennis, nicknamed ""Spider"" by his mother has been institutionalized with acute schizophrenia for some 20 years. He has never truly recovered, however, and as the story progresses we vicariously experience his increasingly fragile grip on reality.",English,"Canada, United Kingdom",13 wins & 25 nominations total,https://m.media-amazon.com/images/M/MV5BOTllODI2MWUtMDM2Mi00OTVkLTgyZWItOGFlZGQyZTRmZjhjXkEyXkFqcGc@._V1_SX300.jpg,"[{'Source': 'Internet Movie Database', 'Value': '6.7/10'}, {'Source': 'Rotten Tomatoes', 'Value': '84%'}, {'Source': 'Metacritic', 'Value': '83/100'}]",83,6.7,"42,336",tt0278731,movie,N/A,"$1,642,483",N/A,N/A,True,CINE.pdf,
Splice,2009,R,04 Jun 2010,104 min,"Horror, Sci-Fi",Vincenzo Natali,"Vincenzo Natali, Antoinette Terry Bryant, Doug Taylor","Adrien Brody, Sarah Polley, Delphine Chanéac","Two young rebellious scientists are told by their employers to halt groundbreaking work that has seen them produce new creatures with medical benefits by splicing together multiple organisms' DNA. They decide to secretly continue their work, but this time splicing in human DNA.","English, French","Canada, France, United States",4 wins & 23 nominations total,https://m.media-amazon.com/images/M/MV5BMjEwODQ0MjI2OV5BMl5BanBnXkFtZTcwMTA4MjQ0Mw@@._V1_SX300.jpg,"[{'Source': 'Internet Movie Database', 'Value': '5.8/10'}, {'Source': 'Rotten Tomatoes', 'Value': '75%'}, {'Source': 'Metacritic', 'Value': '66/100'}]",66,5.8,"105,961",tt1017460,movie,N/A,"$17,010,170",N/A,N/A,True,CINE.pdf,
Stardust,2007,PG-13,10 Aug 2007,127 min,"Adventure, Fantasy, Romance",Matthew Vaughn,"Jane Goldman, Matthew Vaughn, Neil Gaiman","Charlie Cox, Claire Danes, Sienna Miller","The passage from this world to the fantasy kingdom of Stormhold is through a breach in a wall beside an English village. In the 1800s, a boy becomes a man when he ventures through the breach in pursuit of a fallen star, to prove his love for the village beauty. The star is no lump of rock, it's a maiden, Yvaine. Tristan, the youth, is not the only one looking for her: three witches, led by Lamia, want her heart to make them young; and, the sons of the dead king of Stormhold want her because she holds a ruby that will give one of them title to the throne. Assisting Tristan are his mother, the victim of a spell, and a cross-dressing pirate of the skies. Will Tristan win his true love?",English,"Iceland, United Kingdom, United States",5 wins & 11 nominations total,https://m.media-amazon.com/images/M/MV5BMjkyMTE1OTYwNF5BMl5BanBnXkFtZTcwMDIxODYzMw@@._V1_SX300.jpg,"[{'Source': 'Internet Movie Database', 'Value': '7.6/10'}, {'Source': 'Rotten Tomatoes', 'Value': '77%'}, {'Source': 'Metacritic', 'Value': '66/100'}]",66,7.6,"294,796",tt0486655,movie,N/A,"$38,634,938",N/A,N/A,True,CINE.pdf,
Submarino,2010,Not Rated,01 Sep 2011,105 min,Drama,Thomas Vinterberg,"Jonas T. Bengtsson, Tobias Lindholm, Thomas Vinterberg","Gustav Fischer Kjærulff, Sebastian Bull, Mads Broe Andersen","As children, Nick and his little brother take care of their baby brother while their mother drinks herself senseless. But the baby dies, and both brothers blame themselves. Many years later, Nick is out of prison after serving time for an assault. He drinks, lives in a shelter and tries to help an old friend. When their mother dies, Nick meets his brother at the funeral. The brother, who remains nameless, is a single father to a young boy, but also supports a drug habit that is spiraling out of control. When an opportunity presents itself, he becomes a drug dealer to secure his son's future. Eventually, the two brothers meet again.",Danish,"Denmark, Sweden",10 wins & 19 nominations,https://m.media-amazon.com/images/M/MV5BZmJkODI3ZmMtOTlmNC00MzBlLTkxMWItZmRiZjQ4NjUwZTY3XkEyXkFqcGc@._V1_SX300.jpg,"[{'Source': 'Internet Movie Database', 'Value': '7.5/10'}]",N/A,7.5,"11,830",tt1322385,movie,N/A,N/A,N/A,N/A,True,CINE.pdf,
El sueño del caimán,2001,Not Rated,14 Mar 2003,102 min,"Drama, Family",Beto Gómez,"Beto Gómez, Siro Montalbán","Daniel Guzmán, Rafael Velasco, Kandido Uranga","Beautifully rendered in stunning Black-and-white, this dark comedy evokes the classic Mexican cinema of the 50s and Latino soap opera in equal measure. Inaki is a young man living in Spain who has joined up with an elderly man to become a petty thief. A routine robbery goes awry when the old man dies unexpectedly, and Inaki finds himself on the run. He returns to Mexico to hide out for a while in the rooming house where his father Patxi lives with his brother, El Caiman; the house is run by an upbeat drag queen named Aunt Carmen. Inaki begins dating Carmen's niece, which fuels Carmen's hopes that the young man will become a doctor. But Patxi and Caiman are wise to the boys past, and soon he finds himself moving once again toward crime. All of the characters are motivated by a common dream of liberation, which they navigate clumsily towards. EL SUENO DEL CAIMAN won the prize for Best Feature Film in the 2002 Guadalajara Mexican Film Festival, among many other honors it received on the festival circuit. Inaki (Daniel Guzman) es un malvividor que sustenqa sus dias como ladron a base de pequenos golpes de poca monta. Pero tras un atraco fallido se ve obligado a salir de Espana y hui hacia Mexico, donde vive su padre. Alli descubrira muchas cosas, mentiras y verdades de su vida, en el seno de un grupo de sonadores.",Spanish,Mexico,3 wins,https://m.media-amazon.com/images/M/MV5BYTM3NjhiMDUtYTIzMC00NjE0LTlkOWItMzQwYzFmZWNhYWJjXkEyXkFqcGdeQXVyMTI1MzkwMA@@._V1_SX300.jpg,"[{'Source': 'Internet Movie Database', 'Value': '7.1/10'}]",N/A,7.1,88,tt0248490,movie,N/A,N/A,N/A,N/A,True,CINE.pdf,
Los sueños perdidos (1905-1909),1991,N/A,N/A,27 min,"Documentary, Short",Francisco Gaytan,"Gerardo Davila, Francisco Gaytan, Ricardo Pérez Monfort","Margarita Castillo, Oscar Mateo, Jose Peralta",N/A,Spanish,Mexico,N/A,N/A,[],N/A,N/A,N/A,tt0416244,movie,N/A,N/A,N/A,N/A,True,CINE.pdf,
Sukiyaki Western Django,2007,R,15 Sep 2007,121 min,"Action, Western",Takashi Miike,"Takashi Miike, Masa Nakamura","Hideaki Itô, Kôichi Satô, Quentin Tarantino","A revolver-wielding stranger crosses paths with two warring clans who are both on the hunt for a hidden treasure in a remote western town. Knowing his services are valuable to either side, he offers himself to the clan who will offer up the largest share of the wealth.","Japanese, English",Japan,4 wins & 5 nominations total,https://m.media-amazon.com/images/M/MV5BODYwNTJlNDktNzM1Ny00ZDQyLWE3YzEtZGZiMmEyN2JmZDIwXkEyXkFqcGc@._V1_SX300.jpg,"[{'Source': 'Internet Movie Database', 'Value': '6.1/10'}, {'Source': 'Rotten Tomatoes', 'Value': '56%'}, {'Source': 'Metacritic', 'Value': '55/100'}]",55,6.1,"16,019",tt0906665,movie,N/A,"$50,659",N/A,N/A,True,CINE.pdf,
El Sustituto,2021,N/A,11 Jun 2021,11 min,"Short, Sci-Fi, Thriller",Álvaro García-Baquero,Álvaro García-Baquero,"Curro García, Álvaro García-Baquero, Adriana B. Martin","""Look lately we've had a lot of problems, and if I'm honest, I don't know why""",Spanish,Spain,N/A,https://m.media-amazon.com/images/M/MV5BNmZlM2Q2YzYtZGZkNy00OTllLTk1MTQtZTljZTM2MjEwMzY2XkEyXkFqcGdeQXVyOTI1Mzk5MjY@._V1_SX300.jpg,[],N/A,N/A,12,tt14670506,movie,N/A,N/A,N/A,N/A,True,CINE.pdf,
Un lujo a su alcance,1975,N/A,10 Mar 1975,83 min,Comedy,Ramón Fernández,Juan José Alonso Millán,"Arturo Fernández, Concha Velasco, Nadiuska","Miguel is a masseur and is married to Marta. Between the two of them they have set up a beauty institute called ""Beautiful"" and Marta, as director of the institute, makes Miguel work to exhausting extremes.",Spanish,Spain,N/A,https://m.media-amazon.com/images/M/MV5BMjUyOTIxODctYWFkZS00M2UzLThkZWQtNjFkMGEyOTY0NWU2XkEyXkFqcGdeQXVyMTk4MDgwNA@@._V1_SX300.jpg,"[{'Source': 'Internet Movie Database', 'Value': '4.0/10'}]",N/A,4.0,43,tt0073318,movie,N/A,N/A,N/A,N/A,True,CINE.pdf,
Sylvia,2003,R,31 Oct 2003,100 min,"Biography, Drama, Romance",Christine Jeffs,John Brownlow,"Gwyneth Paltrow, Daniel Craig, Lucy Davenport","In 1956, aspiring American poet Sylvia Plath (Gwyneth Paltrow) meets fellow poet Edward James ""Ted"" Hughes (Daniel Craig) at Cambridge, where she is studying. Enthralled with the genius of his writing, Sylvia falls in love with him even before meeting him, and he quickly falls in love with her. They eventually marry. Sylvia quickly learns that others are also enthralled with her husband, for a combination of his good looks, charisma, fame, and success. Sylvia lives in her husband's professional shadow as she tries to eke out her own writing career, which doesn't come as naturally to her as it does to Ted. She also suspects him of chronic infidelity. Both issues affect Sylvia's already fragile emotional state, she, who once tried to commit suicide earlier in her life. Through her pain and her anger, she does gain minor success as a writer, with a completed semi-autobiographical novel and a few well received collection of poems. Following, she tries to regain some happiness in her life with Ted, but has an alternate plan if that does not work out as she wants.",English,United Kingdom,1 win total,https://m.media-amazon.com/images/M/MV5BOGY0NWI5ZDMtNzU0NC00NmNmLThmMDAtNjdlMjgzODI0MzA2XkEyXkFqcGc@._V1_SX300.jpg,"[{'Source': 'Internet Movie Database', 'Value': '6.3/10'}, {'Source': 'Rotten Tomatoes', 'Value': '37%'}, {'Source': 'Metacritic', 'Value': '56/100'}]",56,6.3,"11,488",tt0325055,movie,N/A,"$1,315,498",N/A,N/A,True,CINE.pdf,
Syriana,2005,R,09 Dec 2005,128 min,"Drama, Thriller",Stephen Gaghan,"Stephen Gaghan, Robert Baer","George Clooney, Matt Damon, Amanda Peet","American oil companies Connex and smaller Killen are undergoing a merger, the new company named Connex-Killen. The move is in response to Connex losing a number of oil fields in the Persian Gulf region as Prince Nasir Al-Subaai, his country's foreign minister, and the oldest son of the Emir and thus the heir apparent to the throne, signed a contract with the Chinese instead. As Killen somehow managed to get the contract for the oil fields in Kazahkstan, the merger would give Connex-Killen additional control of the industry in the Middle East. Connex's retained law firm, headed by Dean Whiting, assigns Bennett Holiday to demonstrate to the US Department of Justice that due diligence has been done to allow the merger to proceed i.e. that the merger would not break any antitrust regulations. The US government is unhappy with Prince Nasir's decision to award the contract to the Chinese, and in combination with issues around illegal weapons, the CIA assigns field agent Bob Barnes, who has experience in the Middle East, to assassinate the Prince, whose eventual leadership would further undermine US oil security. Barnes becomes a pawn in the goings-on between the players. Meanwhile, Geneva based Bryan Woodman, an energy analyst, eventually becomes associated with the Emir and his family, largely due to a tragic incident. In the process, Woodman learns of Prince Nasir's western leanings and his want to change radically his country into a western democracy with a diversified economy. If the Emir found out, it could threaten Prince Nasir ascension to the throne and thus derail the democratization process. Through all these manoeuvrings, migrant workers are affected, some who cannot retain work with the changing of companies controlling the oil. Some of those may try to take matters into their own hands for their form of justice.","English, Urdu, Arabic, Persian, French, Mandarin","United Arab Emirates, United States",Won 1 Oscar. 13 wins & 30 nominations total,https://m.media-amazon.com/images/M/MV5BYWQ0YmNiYjUtODg0NS00YjNkLWJhOTktOGMxNTdmYTM0ZmMzXkEyXkFqcGc@._V1_SX300.jpg,"[{'Source': 'Internet Movie Database', 'Value': '6.9/10'}, {'Source': 'Rotten Tomatoes', 'Value': '73%'}, {'Source': 'Metacritic', 'Value': '76/100'}]",76,6.9,"138,155",tt0365737,movie,N/A,"$50,824,620",N/A,N/A,True,CINE.pdf,
"Tan Lejos, Tan Cerca, Historia de la Real Universidad de México",2003,N/A,01 Jan 2003,N/A,History,"Ana Luisa Montes de Oca, Alberto Nulman",Alberto Nulman,"Mauricio Beuchot, Enrique González, Rita Guerrero",The history of the first university in the Americas.,Spanish,Mexico,N/A,https://m.media-amazon.com/images/M/MV5BNzE0M2M0YWYtZWE2ZS00NDY3LWJlODEtOTI1ZjNjYzZlMjA1XkEyXkFqcGdeQXVyMjI4OTAxMDk@._V1_SX300.jpg,[],N/A,N/A,N/A,tt31954987,movie,N/A,N/A,N/A,N/A,True,CINE.pdf,
Tango,1998,PG-13,12 Feb 1999,115 min,"Drama, Musical",Carlos Saura,Carlos Saura,"Miguel Ángel Solá, Cecilia Narova, Mía Maestro","Set in Buenos Aires, Argentina, the film tells the story of director Mario Suarez's quest to make the ultimate tango film. Lonely after his wife (one of the film's stars) has left him, Mario must find the themes that will hold the film together, while simultaneously permitting his musicians and dancers the freedom of expression that is necessary to satisfy the tango-hungry Argentine audience. Things become complicated when Mario falls in love with Elena, a beautiful and talented young dancer who is the girlfriend of the powerful and dangerous Angelo Larroca, an investor in the picture. And Mario's creative vision is challenged by his investors when he plans a scene that recreates Argentina's dark years of political suppression and ""disappearances"".",Spanish,"Spain, Argentina",Nominated for 1 Oscar. 8 wins & 11 nominations total,https://m.media-amazon.com/images/M/MV5BYjhlNjIxMjYtMGFkMy00OTk5LTllMzEtMGM2ODM5YTFmOTA3XkEyXkFqcGc@._V1_SX300.jpg,"[{'Source': 'Internet Movie Database', 'Value': '6.9/10'}, {'Source': 'Rotten Tomatoes', 'Value': '68%'}]",N/A,6.9,"3,203",tt0120274,movie,N/A,"$1,897,948",N/A,N/A,True,CINE.pdf,
Taxi,1998,Not Rated,20 Nov 1998,89 min,"Action, Comedy, Crime",Gérard Pirès,Luc Besson,"Samy Naceri, Frédéric Diefenthal, Marion Cotillard","In Marseilles (France), skilled pizza delivery boy Daniel who drives a scooter finally has his dreams come true. He gets a taxi license. Caught by the police for a huge speed infraction, he will help Emilien, a loser inspector who can't drive, on the track of German bank robbers, so he doesn't lose his license and his dream job.","French, German, Korean, Portuguese",France,3 wins & 5 nominations total,https://m.media-amazon.com/images/M/MV5BZTlkM2EzOTAtMTgzZi00NDEyLWJjOGItYWJiYTE2NmRlODMwXkEyXkFqcGc@._V1_SX300.jpg,"[{'Source': 'Internet Movie Database', 'Value': '7.0/10'}]",N/A,7.0,"95,513",tt0152930,movie,N/A,N/A,N/A,N/A,True,CINE.pdf,
Redemption,2013,R,28 Jun 2013,100 min,"Action, Crime, Drama",Steven Knight,Steven Knight,"Jason Statham, Agata Buzek, Vicky McClure","Nothing can prepare a man for the horrors of war--and as Joey Smith, a damaged Special Forces deserter and now a homeless drug addict, wanders London's bustling streets in complete anonymity--an unexpected discovery will soon help him get back on his feet. Little by little, as Smith struggles to rebuild his shattered life in a stolen identity as an unstoppable Chinese Mafia enforcer, the brutal death of a dear friend will, inevitably, force him to avenge her murder, dragging him deeper and deeper into a dark world of pain, guilt, and suffering. In the end, do God's plans for redemption include ""Crazy"" Joey, too?","English, Polish, Cantonese, Italian","United States, United Kingdom",N/A,https://m.media-amazon.com/images/M/MV5BM2FlNzI3ODctMGM1NC00NzJlLWJkNmYtNWQ3OGEwZDI5ZDFmXkEyXkFqcGc@._V1_SX300.jpg,"[{'Source': 'Internet Movie Database', 'Value': '6.2/10'}, {'Source': 'Rotten Tomatoes', 'Value': '50%'}, {'Source': 'Metacritic', 'Value': '43/100'}]",43,6.2,"81,481",tt1893256,movie,N/A,"$36,895",N/A,N/A,True,CINE.pdf,
Suite Habana,2003,N/A,03 Oct 2003,80 min,Documentary,Fernando Pérez,Fernando Pérez,"Francisquito Cardet, Francisco Cardet, Norma Pérez","Dawn breaks in La Habana, and as the day advances we follow the simple lives of ten ordinary Cubans, with only sounds and images accompanied by music.",Spanish,Cuba,21 wins & 6 nominations,https://m.media-amazon.com/images/M/MV5BMjQyNmExOTEtYzU0ZS00OTExLWE0MTEtNzJhMmQ5ZjhhYjU3XkEyXkFqcGdeQXVyMTA0MjU0Ng@@._V1_SX300.jpg,"[{'Source': 'Internet Movie Database', 'Value': '7.2/10'}, {'Source': 'Rotten Tomatoes', 'Value': '71%'}, {'Source': 'Metacritic', 'Value': '55/100'}]",55,7.2,616,tt0384566,movie,N/A,N/A,N/A,N/A,True,CINE.pdf,
Soylent Green,1973,PG,09 May 1973,97 min,"Crime, Mystery, Sci-Fi",Richard Fleischer,"Stanley R. Greenberg, Harry Harrison","Charlton Heston, Edward G. Robinson, Leigh Taylor-Young","In 2022, Earth is overpopulated and totally polluted; the natural resources have been exhausted and the nourishment of the population is provided by Soylent Industries, a company that makes a food consisting of plankton from the oceans. In New York City, when Soylent's member of the board William R. Simonson is murdered apparently by a burglar at the Chelsea Towers West where he lives, efficient Detective Thorn is assigned to investigate the case with his partner Solomon ""Sol"" Roth. Thorn comes to the fancy apartment and meets Simonson's bodyguard Tab Fielding and the ""furniture"" (woman that is rented together with the flat) Shirl and the detective concludes that the executive was not victim of burglary but executed. Further, he finds that the Governor Santini and other powerful men want to disrupt and end Thorn's investigation. But Thorn continues his work and discovers a bizarre and disturbing secret of the ingredient used to manufacture Soylent Green.","English, Spanish, Hebrew",United States,3 wins & 1 nomination total,https://m.media-amazon.com/images/M/MV5BNTE3YjIzZTAtMTdjNC00M2IxLWE5OGItMzEwYTI3Y2FlNjlkXkEyXkFqcGc@._V1_SX300.jpg,"[{'Source': 'Internet Movie Database', 'Value': '7.0/10'}, {'Source': 'Rotten Tomatoes', 'Value': '70%'}, {'Source': 'Metacritic', 'Value': '66/100'}]",66,7.0,"74,810",tt0070723,movie,N/A,N/A,N/A,N/A,True,CINE.pdf,
El solista,2023,N/A,12 Jan 2023,3 min,"Short, Drama",Pablo Merlín Tous,Jesús Robleda,"Jesús Robleda, Elena Borlaf",N/A,Spanish,Spain,N/A,https://m.media-amazon.com/images/M/MV5BM2ZkMzljMmMtMzBiYS00OTQxLTlkOWEtMjZjZDI0MDQ3MDA4XkEyXkFqcGdeQXVyMTc3MTE5Mzg2._V1_SX300.jpg,[],N/A,N/A,N/A,tt31260065,movie,N/A,N/A,N/A,N/A,True,CINE.pdf,
Te presento a Laura,2010,Not Rated,29 Oct 2010,90 min,"Action, Comedy, Family",Fez Noriega,Martha Higareda,"Martha Higareda, Kuno Becker, Adriana Barraza","Laura is a girl who saves the life of a suicidal young actor and after that she's dedicated to help him to overcome his crisis while at the same time together are performing the crazy tasks that laura has a in a list of things to be done before dead and that duty most be complete before the end of the month of April, during that time is being born among them something more than a friendship.",Spanish,Mexico,1 nomination,https://m.media-amazon.com/images/M/MV5BYWFlMGRlZGEtNjk1NS00MWZmLWIxMzgtMDlkY2NhNDY3ODc4XkEyXkFqcGdeQXVyMTU3NDU4MDg2._V1_SX300.jpg,"[{'Source': 'Internet Movie Database', 'Value': '5.9/10'}]",N/A,5.9,805,tt1684928,movie,N/A,N/A,N/A,N/A,True,CINE.pdf,
Teorema,1968,Not Rated,27 Nov 1968,98 min,"Drama, Mystery",Pier Paolo Pasolini,Pier Paolo Pasolini,"Silvana Mangano, Terence Stamp, Massimo Girotti","A strange visitor in a wealthy family. He seduces the maid, the son, the mother, the daughter and finally the father before leaving a few days after. After he's gone, none of them can continue living as they did. Who was that visitor ? Could he be God ?","Italian, English",Italy,1 win & 5 nominations total,https://m.media-amazon.com/images/M/MV5BMGZkMDRlY2QtNjUwYS00Y2NkLWEzZmItNDIwNTU0YjQzYjAzXkEyXkFqcGc@._V1_SX300.jpg,"[{'Source': 'Internet Movie Database', 'Value': '7.0/10'}, {'Source': 'Rotten Tomatoes', 'Value': '83%'}]",N/A,7.0,"16,148",tt0063678,movie,N/A,N/A,N/A,N/A,True,CINE.pdf,
Tequila Sunrise,1988,R,02 Dec 1988,115 min,"Crime, Drama, Romance",Robert Towne,Robert Towne,"Mel Gibson, Michelle Pfeiffer, Kurt Russell","Mac Mckussic is an unlikely drug dealer who wants to go straight. His old and best friend Nick Frescia is now a cop who is assigned to investigate and bring him to justice. Mac is very attracted to Jo Ann, the owner of a stylish restaurant. Nick gets close to Jo Ann attempting to know more about Mac's drug dealing plans and his connections with the Mexican dealer Carlos, who the police believe is coming to town to meet with him. Nick also falls for Jo Ann's charms and his friendship with Mac is in danger.","English, Spanish",United States,Nominated for 1 Oscar. 2 wins & 3 nominations total,https://m.media-amazon.com/images/M/MV5BZWYyYzA5MDMtM2Q4OC00MmVlLWE0MjgtNzQ2NGZlMzAzNGIyXkEyXkFqcGc@._V1_SX300.jpg,"[{'Source': 'Internet Movie Database', 'Value': '6.1/10'}, {'Source': 'Rotten Tomatoes', 'Value': '53%'}, {'Source': 'Metacritic', 'Value': '62/100'}]",62,6.1,"35,411",tt0096244,movie,N/A,"$41,292,551",N/A,N/A,True,CINE.pdf,
Taxi Driver,1976,R,09 Feb 1976,114 min,"Crime, Drama",Martin Scorsese,Paul Schrader,"Robert De Niro, Jodie Foster, Cybill Shepherd","Travis Bickle is an ex-Marine and Vietnam War veteran living in New York City. As he suffers from insomnia, he spends his time working as a taxi driver at night, watching porn movies at seedy cinemas during the day, or thinking about how the world, New York in particular, has deteriorated into a cesspool. He's a loner who has strong opinions about what is right and wrong with mankind. For him, the one bright spot in New York humanity is Betsy, a worker on the presidential nomination campaign of Senator Charles Palantine. He becomes obsessed with her. After an incident with her, he believes he has to do whatever he needs to make the world a better place in his opinion. One of his priorities is to be the savior for Iris, a twelve-year-old runaway and prostitute who he believes wants out of the profession and under the thumb of her pimp and lover Matthew.","English, Spanish",United States,Nominated for 4 Oscars. 22 wins & 21 nominations total,https://m.media-amazon.com/images/M/MV5BZDNhMGYwM2UtMTdlZS00MGQ1LWI2YzAtODY5YWI1MjYyNzRmXkEyXkFqcGc@._V1_SX300.jpg,"[{'Source': 'Internet Movie Database', 'Value': '8.2/10'}, {'Source': 'Rotten Tomatoes', 'Value': '89%'}, {'Source': 'Metacritic', 'Value': '94/100'}]",94,8.2,"1,016,941",tt0075314,movie,N/A,"$28,262,574",N/A,N/A,True,CINE.pdf,
"Grand Central Terminal, la gare des étoiles",2018,N/A,05 Jun 2018,N/A,Documentary,Jean-Thomas Renaud,Jean-Thomas Renaud,Marc Levy,"With 44 platforms, Grand Central Terminal is the biggest train station in the world. Its construction lasted 10 years and was completed in 1913. Today, up to one million passengers travel through it every day. It is hard to imagine that this masterpiece of classic French architecture inspiration was almost destroyed in the seventies. We explore this incredible station, its historical and architectural footprint, as well as its unique mode of operation through the eyes of New Yorkers working in the station or commuters who travel through it to get to work, and take viewers to secret places like the tennis court hidden behind the gigantic stone-facade. From the series Grand Central Stations.",French,France,N/A,https://m.media-amazon.com/images/M/MV5BNDA0MjI1ODEtMTc4Yy00NTIyLWE4ZjQtYjU0Mjk0NWY1NDVkXkEyXkFqcGdeQXVyMTY0OTk4NDc@._V1_SX300.jpg,[],N/A,N/A,N/A,tt17470308,movie,N/A,N/A,N/A,N/A,True,CINE.pdf,
Te amaré en silencio,2003–2004,N/A,15 Dec 2003,1 h,"Drama, Romance",N/A,N/A,"Eduardo Yáñez, Ana Carolina da Fonseca, Sergio Kleiner",N/A,N/A,United States,1 nomination,https://m.media-amazon.com/images/M/MV5BNThhNWMxNDMtNmZlMC00OTE3LTkyNGEtNTU0YzA1ZmIyNDBhL2ltYWdlL2ltYWdlXkEyXkFqcGdeQXVyMzM0NTc2MTE@._V1_SX300.jpg,"[{'Source': 'Internet Movie Database', 'Value': '6.8/10'}]",N/A,6.8,31,tt0386244,series,,,,,True,CINE.pdf,1
Cómo se hizo 'Tesis',1996,N/A,N/A,22 min,Documentary,Mateo Gil,N/A,"Alejandro Amenábar, Hans Burmann, José Luis Cuerda",N/A,Spanish,Spain,N/A,N/A,"[{'Source': 'Internet Movie Database', 'Value': '6.4/10'}]",N/A,6.4,15,tt1539987,movie,N/A,N/A,N/A,N/A,True,CINE.pdf,
Tetro,2009,R,26 Jun 2009,127 min,Drama,Francis Ford Coppola,"Mauricio Kartun, Francis Ford Coppola","Vincent Gallo, Alden Ehrenreich, Maribel Verdú","The week of his 18th birthday, Bennie, who's a waiter on a cruise ship, has a layover in Buenos Aires. He seeks out his older brother, Tetro, whom he hasn't seen in years. Tetro, who lives with Miranda, is a burned-out case; he's hot and cold toward his brother, introducing him as a ""friend,"" refusing to talk about their family, telling Bennie not to tell Miranda who their father is. Thoughts of their father cast a shadow over both brothers. Who is he, and what past has Tetro left behind? Bennie finds pages of Tetro's unfinished novel, and he pushes both to know his own history and to become a part of his brother's life again. What can come of Bennie's pushing?","English, Spanish, French","United States, Argentina, Spain, Italy",1 win & 5 nominations,https://m.media-amazon.com/images/M/MV5BMTY3ODQxNDc2Ml5BMl5BanBnXkFtZTcwOTYxMTYxMw@@._V1_SX300.jpg,"[{'Source': 'Internet Movie Database', 'Value': '6.8/10'}, {'Source': 'Rotten Tomatoes', 'Value': '72%'}, {'Source': 'Metacritic', 'Value': '65/100'}]",65,6.8,"13,932",tt0964185,movie,N/A,"$518,522",N/A,N/A,True,CINE.pdf,
Children of a Lesser God,1986,R,31 Oct 1986,119 min,"Drama, Romance",Randa Haines,"Mark Medoff, Hesper Anderson, James Carrington","William Hurt, Marlee Matlin, Piper Laurie","Having taught at the best institutions in the country aside from other more eclectic jobs, James Leeds, with progressive methods, has just started teaching at a school for the deaf on an island off the New England coast, where he is assigned primarily to a speech class for the upper grades. At the school, he quickly notices the young cleaning woman, who he learns is twenty-five year old Sarah Norman and who, deaf herself, was once a student there and has been there since the age of five. He can see that she is bright, headstrong and angry, on top of which she doesn't speak, the latter issues a result of a troubled home life, her mother, her only touchstone to family, who she has purposefully not seen in eight years. As he is able to get through to most of his students to feel more and more comfortable in speaking for a more holistic life, Jim, with the reluctant blessing of the school's superintendent Dr. Curtis Franklin, who has always and still considers Sarah a proverbial pain in the you-know-where, tries to get Sarah to learn how to speak so that she can reach her full potential beyond being a cleaning woman, which he will further learn is a choice if only as it allows her to live her life somewhat in solitude in her silence and anger. Although unable to break through to her on the speaking side of the equation, he is able to break through on a more humanistic level as they end up falling for each other eventually embark on a relationship. The question then becomes if there is the possibility of a long term future for them, especially in being able to bridge their many divides - not only the divide between the world of the hearing and the deaf - and in Sarah never having had a sense of who she truly is as a complete human being and not just the deaf girl who may now see what Jim is doing as solely his latest ""project"".","English, American Sign ",United States,Won 1 Oscar. 6 wins & 13 nominations total,https://m.media-amazon.com/images/M/MV5BMjY3YjQyMjAtOGI2ZC00NDljLWJlN2QtYjNiYTMxZjIxMzQ0XkEyXkFqcGc@._V1_SX300.jpg,"[{'Source': 'Internet Movie Database', 'Value': '7.2/10'}, {'Source': 'Rotten Tomatoes', 'Value': '81%'}, {'Source': 'Metacritic', 'Value': '80/100'}]",80,7.2,"19,009",tt0090830,movie,N/A,"$31,853,080",N/A,N/A,True,CINE.pdf,
The Car Man,2001,N/A,22 Dec 2001,90 min,"Drama, Romance",Ross MacGibbon,N/A,"Alan Vincent, Saranne Curtin, Will Kemp","A mysterious stranger arrives in a small town community, leading the locals into greed, sex and murder.",N/A,United Kingdom,N/A,https://m.media-amazon.com/images/M/MV5BMjA3MTIxNjgyM15BMl5BanBnXkFtZTcwMjY4MzEyMQ@@._V1_SX300.jpg,"[{'Source': 'Internet Movie Database', 'Value': '8.0/10'}]",N/A,8.0,153,tt0303823,movie,13 May 2003,N/A,N/A,N/A,True,CINE.pdf,
Teatro del crimen,1957,N/A,N/A,90 min,"Crime, Drama, Musical",Fernando Cortés,"Fernando Cortés, Fernando Galiana","María Antonieta Pons, César del Campo, Manuel Medel","The show must continue after a murder is committed inside a famous theater, in order to keep everyone inside while trying to discover the killer.",Spanish,Mexico,N/A,https://m.media-amazon.com/images/M/MV5BNTM0Mzc5MTc3OV5BMl5BanBnXkFtZTcwNzM5MTk2MQ@@._V1_SX300.jpg,"[{'Source': 'Internet Movie Database', 'Value': '6.4/10'}]",N/A,6.4,41,tt0242026,movie,N/A,N/A,N/A,N/A,True,CINE.pdf,
Between Takes: A Look at Life on the 'Timecop 2' Set,2003,N/A,30 Sep 2003,4 min,"Documentary, Short",Robert Nuñez,N/A,"Steve Boyum, Tava Smiley, Anton Tremblay",N/A,English,USA,N/A,N/A,[],N/A,N/A,N/A,tt0781010,movie,N/A,N/A,N/A,N/A,True,CINE.pdf,
The Crimson Petal and the White,2011,TV-MA,11 Sep 2012,274 min,"Drama, Romance",N/A,N/A,"Romola Garai, Chris O'Dowd, Amanda Hale","Set in 1870s London, a young prostitute finds potential power and status after becoming the mistress of a powerful patriarch.",English,United Kingdom,Won 1 BAFTA Award4 wins & 15 nominations total,https://m.media-amazon.com/images/M/MV5BMTU2MzUyMDIzOV5BMl5BanBnXkFtZTcwNTQyODAyOA@@._V1_SX300.jpg,"[{'Source': 'Internet Movie Database', 'Value': '7.5/10'}]",N/A,7.5,"3,696",tt0384013,series,,,,,True,CINE.pdf,1
The Donna Summer Special,1980,N/A,27 Jan 1980,60 min,N/A,Don Mischer,"Rod Warren, Ernest Chambers","Donna Summer, Pat Ast, Robert Guillaume",The Donna Summer Special was a 1980 musical special starring singer Donna Summer. A variety television special that showcased the musical talents of singer and actress Donna Summer.,English,United States,Nominated for 2 Primetime Emmys. 2 nominations total,https://m.media-amazon.com/images/M/MV5BNmNjNzgzYjUtYjc4My00ZTA5LTg1M2MtMGJkODRkNmVmNmM0XkEyXkFqcGdeQXVyMjY4NDQyNDI@._V1_SX300.jpg,"[{'Source': 'Internet Movie Database', 'Value': '8.3/10'}]",N/A,8.3,53,tt0335059,movie,N/A,N/A,N/A,N/A,True,CINE.pdf,
The Informant!,2009,R,18 Sep 2009,108 min,"Biography, Comedy, Crime",Steven Soderbergh,"Scott Z. Burns, Kurt Eichenwald","Matt Damon, Tony Hale, Patton Oswalt","Mark Whitacre has worked for lysine developing company ADM for many years and has even found his way into upper management. But nothing has prepared him for the job he is about to undertake - being a spy for the FBI. Unwillingly pressured into working as an informant against the illegal price-fixing activities of his company, Whitacre gradually adopts the idea that he's a true secret agent. But as his incessant lies keep piling up, his world begins crashing down around him.","English, German",United States,1 win & 21 nominations total,https://m.media-amazon.com/images/M/MV5BMTgyNjE1OTc4Ml5BMl5BanBnXkFtZTgwNjc4MTA3MjI@._V1_SX300.jpg,"[{'Source': 'Internet Movie Database', 'Value': '6.5/10'}, {'Source': 'Rotten Tomatoes', 'Value': '80%'}, {'Source': 'Metacritic', 'Value': '66/100'}]",66,6.5,"68,874",tt1130080,movie,N/A,"$33,316,821",N/A,N/A,True,CINE.pdf,
The Last Kiss,2006,R,15 Sep 2006,104 min,"Comedy, Drama, Romance",Tony Goldwyn,"Paul Haggis, Gabriele Muccino","Zach Braff, Jacinda Barrett, Rachel Bilson","Michael and Jenna, having been a couple for three years, want to get married and start a family. These plans seem to be well on their way when Jenna announces that she's pregnant. But Michael is worried that his life and his youth will be over for good. At a wedding of a friend, he meets a free-spirited college co-ed, Kim, who opens his eyes and leads him on a dangerous path away from Jenna. Meanwhile, none of the relationships of the people surrounding Michael and Jenna are happy and stable. Michael's friend Izzy is unwilling to let go of his childhood sweetheart Arianna; Kenny is a handsome stud who fears commitment to his latest conquest Danielle; and Chris is a co-worker who is dominated by his neurotic and overbearing wife over raising their newborn son. Even Jenna's parents, Stephen and Anna, are experiencing problems in their long-suffering marriage.",English,"United States, Canada",1 win & 4 nominations,https://m.media-amazon.com/images/M/MV5BMTk3Mjk4Mjg1OV5BMl5BanBnXkFtZTgwMzU0NTgxMDI@._V1_SX300.jpg,"[{'Source': 'Internet Movie Database', 'Value': '6.4/10'}, {'Source': 'Rotten Tomatoes', 'Value': '46%'}, {'Source': 'Metacritic', 'Value': '57/100'}]",57,6.4,"42,413",tt0434139,movie,N/A,"$11,614,790",N/A,N/A,True,CINE.pdf,
Bodyguard-Na-Hak (The Protector),2019,N/A,28 Nov 2019,90 min,"Action, Comedy",Pipat Jomkoh,"Pipat Jomkoh, Phetthai Vongkumlao","Preecha Chanapai, Thierry Mekwattana, Yuenyong Opakul","Kham-Gone, a friendly middle-aged security officer, gets himself tangled up in an expected gunfight, as group of gunmen are trying to seize Chun, the President of one foreign country. With a special set of skills, Kham-Gone rescues Chun, making them both being headhunted by bad guys.",Thai,Thailand,N/A,https://m.media-amazon.com/images/M/MV5BYzhlMGFhNmQtOTNmOC00ZWYzLWJhNzItY2VhMGNjNDk2YzU4XkEyXkFqcGdeQXVyNjkyMjYxMzY@._V1_SX300.jpg,"[{'Source': 'Internet Movie Database', 'Value': '6.5/10'}]",N/A,6.5,19,tt11738034,movie,N/A,N/A,N/A,N/A,True,CINE.pdf,
The Other Man,2008,R,27 May 2009,88 min,"Drama, Mystery, Thriller",Richard Eyre,"Richard Eyre, Charles Wood, Bernhard Schlink","Liam Neeson, Antonio Banderas, Laura Linney","In Cambridge, software engineer Peter (Liam Neeson) and shoe designer Lisa are successful in their careers and have been happily married for twenty-five years. They have an adult daughter, Abigail, and Lisa frequently travels to Milano to do business with the Gianni &amp; Gianni Company. When Lisa is gone, Peter finds a message in her cell phone and decides to snoop her e-mails and discovers in a secret folder named Love that she had a lover, Ralph. Peter travels to Milano and stalks Ralph; he finds that the man plays chess in a bar. Peter gets close to Ralph and discusses his relationship with Lisa without knowing that he is her husband.",English,"United Kingdom, United States",N/A,https://m.media-amazon.com/images/M/MV5BMTQzNDMyNzk1OF5BMl5BanBnXkFtZTcwMTU1MTk3Mg@@._V1_SX300.jpg,"[{'Source': 'Internet Movie Database', 'Value': '5.4/10'}, {'Source': 'Rotten Tomatoes', 'Value': '16%'}, {'Source': 'Metacritic', 'Value': '34/100'}]",34,5.4,"12,532",tt0974613,movie,N/A,"$149,528",N/A,N/A,True,CINE.pdf,
The Dirty Dozen,1967,Approved,22 Oct 1967,150 min,"Action, Adventure, War",Robert Aldrich,"Nunnally Johnson, Lukas Heller, E.M. Nathanson","Lee Marvin, Ernest Borgnine, Charles Bronson",A Major with an attitude problem and a history of getting things done is told to interview military prisoners with death sentences or long terms for a dangerous mission; To parachute behind enemy lines and cause havoc for the German Generals at a rest house on the eve of D-Day.,"English, German, French, Spanish, Latin","United Kingdom, United States",Won 1 Oscar. 5 wins & 9 nominations total,https://m.media-amazon.com/images/M/MV5BNDg0ZjhiN2EtM2I3Mi00MDNlLWJiY2UtNmU0Zjg0YTQyMjg1XkEyXkFqcGc@._V1_SX300.jpg,"[{'Source': 'Internet Movie Database', 'Value': '7.7/10'}, {'Source': 'Rotten Tomatoes', 'Value': '82%'}, {'Source': 'Metacritic', 'Value': '73/100'}]",73,7.7,"83,516",tt0061578,movie,N/A,N/A,N/A,N/A,True,CINE.pdf,
The Duchess,2008,PG-13,10 Oct 2008,110 min,"Biography, Drama, History",Saul Dibb,"Jeffrey Hatcher, Anders Thomas Jensen, Saul Dibb","Keira Knightley, Ralph Fiennes, Dominic Cooper","Georgiana Spencer became Duchess of Devonshire on her marriage to the Duke in 1774, at the height of the Georgian period, a period of fashion, decadence, and political change. Spirited and adored by the public at large she quickly found her marriage to be a disappointment, defined by her duty to produce a male heir and the Duke's philandering and callous indifference to her. She befriends Lady Bess but finds she is once again betrayed by her husband who wields his power with the three eventually living uncomfortably together. Against this background, and with the pressures of an unfaithful husband, strict social pressures and constant public scrutiny, Georgiana falls passionately in love with Charles Grey, a rising young Whig politician. However, despite his ongoing liaison with Lady Bess, the Duke refuses to allow her to continue the affair and threatens to take her children from her.",English,"United Kingdom, Italy, France, United States",Won 1 Oscar. 8 wins & 21 nominations total,https://m.media-amazon.com/images/M/MV5BMTU1MTQzMjgzNl5BMl5BanBnXkFtZTcwNTQxMzk3MQ@@._V1_SX300.jpg,"[{'Source': 'Internet Movie Database', 'Value': '6.9/10'}, {'Source': 'Rotten Tomatoes', 'Value': '62%'}, {'Source': 'Metacritic', 'Value': '62/100'}]",62,6.9,"90,188",tt0864761,movie,N/A,"$13,848,978",N/A,N/A,True,CINE.pdf,
The Private Lives of Pippa Lee,2009,R,10 Jul 2009,98 min,"Comedy, Drama, Romance",Rebecca Miller,Rebecca Miller,"Robin Wright, Mike Binder, Alan Arkin","Pippa Lee feels dislocated when she and her husband Herb move from Manhattan to a retirement community. He's older than she, they have two children who are young adults, and the daughter hardly speaks to Pippa. Pippa tells us about her life, in long flashbacks, starting with her birth to a mom who was a social dynamo and addicted to pills. As a teen, Pippa moves out and lives a hippie life until meeting Herb, who was then married to a young siren. Pippa discloses tragedies and discoveries. In the present, she's sleepwalking at night and talking from time to time with a burned-out case, the 35-year-old son of a neighbor. Can Pippa connect?",English,United States,1 win & 4 nominations total,https://m.media-amazon.com/images/M/MV5BMTMwMTcxMjQyOF5BMl5BanBnXkFtZTcwODUyODI4Mg@@._V1_SX300.jpg,"[{'Source': 'Internet Movie Database', 'Value': '6.3/10'}, {'Source': 'Rotten Tomatoes', 'Value': '69%'}, {'Source': 'Metacritic', 'Value': '49/100'}]",49,6.3,"14,647",tt1134629,movie,N/A,"$337,356",N/A,N/A,True,CINE.pdf,
The Go Master,2006,N/A,17 Nov 2007,104 min,"Biography, Drama, Romance",Zhuangzhuang Tian,Cheng Ah,"Sylvia Chang, Chang Chen, Akira Emoto",A Chinese man becomes an expert player of the traditional game of Go.,"Mandarin, Japanese","Japan, China",3 wins & 5 nominations,https://m.media-amazon.com/images/M/MV5BYTMzYzcxYjYtYjE3Ni00ZmIwLWI2MmEtYjNhYjkxN2RjM2QyXkEyXkFqcGc@._V1_SX300.jpg,"[{'Source': 'Internet Movie Database', 'Value': '6.1/10'}, {'Source': 'Rotten Tomatoes', 'Value': '63%'}, {'Source': 'Metacritic', 'Value': '68/100'}]",68,6.1,592,tt0439885,movie,N/A,N/A,N/A,N/A,True,CINE.pdf,
The Glimmer Man,1996,R,04 Oct 1996,91 min,"Action, Comedy, Crime",John Gray,Kevin Brodbin,"Steven Seagal, Keenen Ivory Wayans, Bob Gunton","Jack Cole is a soft spoken, mystical, new age New York cop with a checkered past. He is transferred to Los Angeles to help Los Angeles cop Jim Campbell solve a series of brutal murders in which the victims are crucified. The murders that have happened since Jack arrived in Los Angeles just don't sit right with him. When the killer, known as the ""Family Man"", kills Ellen DunLeavy, who happens to be Jack's ex wife and the mother of his two kids, and Ellen's husband Andrew DunLeavy, it becomes personal - especially when Jack's prints are found on Ellen's body. Jack meets with his military mentor Smith, not knowing that Smith is in cahoots with local crime boss Frank Deverell.","English, Chinese, Russian",United States,N/A,https://m.media-amazon.com/images/M/MV5BYTZkODA2ZjAtNDc5YS00N2ExLWEwYjEtNjRiYWM5MTA5N2UyXkEyXkFqcGc@._V1_SX300.jpg,"[{'Source': 'Internet Movie Database', 'Value': '5.4/10'}, {'Source': 'Rotten Tomatoes', 'Value': '11%'}, {'Source': 'Metacritic', 'Value': '33/100'}]",33,5.4,"22,041",tt0116421,movie,N/A,"$20,351,264",N/A,N/A,True,CINE.pdf,
The Reckoning,2003,R,04 Jun 2004,112 min,"Crime, Drama, Mystery",Paul McGuigan,"Barry Unsworth, Mark Mills","Willem Dafoe, Paul Bettany, Marián Aguilera","In 14th-century England, a young monk breaks his vow of chastity and flees the wrath of his bishop and fellow monks. A fugitive priest, he then witnesses the murder of a traveling performer--and subsequently, the mourning of actor by his fellow troupe members. He eventually becomes initiated into the troupe as a player, replacing the murdered man. They travel from town to town performing their standard morality play. They arrive in a town where a boy has been killed and a young deaf-mute girl has been imprisoned for the crime--sentenced to death for witchcraft and murder. Discarding the expected bible stories, the actors stage a performance based on the crime. Through the performance of the play, they discover that the townspeople know the young woman did not, in fact, commit the murder. The stage becomes a place where vital human truth is told. Thus, simultaneously, the fugitive priest comes to terms with his own crime and makes a powerful sacrifice, thereby redeeming himself.","English, Latin","United Kingdom, Spain",2 nominations total,https://m.media-amazon.com/images/M/MV5BMTI3NTY5Mzk0N15BMl5BanBnXkFtZTcwOTA1MDUyMQ@@._V1_SX300.jpg,"[{'Source': 'Internet Movie Database', 'Value': '6.4/10'}, {'Source': 'Rotten Tomatoes', 'Value': '38%'}, {'Source': 'Metacritic', 'Value': '49/100'}]",49,6.4,"6,503",tt0258816,movie,N/A,"$257,252",N/A,N/A,True,CINE.pdf,
The Runaways,2010,R,08 Apr 2010,106 min,"Biography, Drama, Music",Floria Sigismondi,"Floria Sigismondi, Cherie Currie","Kristen Stewart, Dakota Fanning, Michael Shannon","In 1975, San Fernando Valley teen Joan Larkin reinvents herself as Joan Jett, a guitarist who wants to form an all-girl punk band. She pitches the idea to a sleazy manager, Kim Fowley, who pairs her with a drummer and then searches for a face: he finds Cherie Currie, at age 15, the perfect jailbait image for his purpose; by luck, she can sing. Two others round out the band, The Runaways. Fowley books a tour, signs them to Mercury Records, and packs them off to crowds in Japan. Seeds of conflict sprout early: Fowley puts Cherie front and center in the publicity, she's soon strung out on drugs and vodka, and jealousies arise. Without adult supervision, where can Joan and Cherie end up?",English,United States,6 nominations total,https://m.media-amazon.com/images/M/MV5BMTI3Nzc2ODI4NV5BMl5BanBnXkFtZTcwMzkxNDMyMw@@._V1_SX300.jpg,"[{'Source': 'Internet Movie Database', 'Value': '6.5/10'}, {'Source': 'Rotten Tomatoes', 'Value': '68%'}, {'Source': 'Metacritic', 'Value': '65/100'}]",65,6.5,"51,528",tt1017451,movie,N/A,"$3,573,673",N/A,N/A,True,CINE.pdf,
The Salton Sea,2002,R,21 Jun 2002,103 min,"Crime, Drama, Mystery",D.J. Caruso,Tony Gayton,"Val Kilmer, Vincent D'Onofrio, Adam Goldberg","After the murder of his beloved wife, Danny Parker is set adrift in a world where nothing is as it seems. On his journey he befriends slacker Jimmy the Finn and becomes involved in rescuing his neighbor Colette from her own demons. Danny is antagonized by undercover narcotics agents and sadistic dealer Pooh-Bear.",English,United States,1 win total,https://m.media-amazon.com/images/M/MV5BZmE4NjZmMmYtNzUyOS00MGRmLTlmZDMtN2ViMTdmOWJiZDI4XkEyXkFqcGc@._V1_SX300.jpg,"[{'Source': 'Internet Movie Database', 'Value': '7.0/10'}, {'Source': 'Rotten Tomatoes', 'Value': '63%'}, {'Source': 'Metacritic', 'Value': '41/100'}]",41,7.0,"32,429",tt0235737,movie,N/A,"$764,554",N/A,N/A,True,CINE.pdf,
The Prodigal,1955,Approved,06 May 1955,112 min,"Drama, Mystery",Richard Thorpe,"Joseph Breen, Samuel James Larsen, Maurice Zimm","Lana Turner, Edmund Purdom, Louis Calhern","A young Hebrew named Micah, unsatisfied with his father's rural life, demands his inheritance so he can try his luck in the city. Once in the city he falls under the spell of a beautiful pagan priestess who induces him to squander his money and betray his faith. Only after many trials and tribulations does Micah recover his senses and return home to his forgiving father.",English,United States,N/A,https://m.media-amazon.com/images/M/MV5BNzQ1YWM4NTktYjdhNC00OTU0LWFkZDUtNTllMDgyOTEwOGRmL2ltYWdlXkEyXkFqcGdeQXVyNjc1NTYyMjg@._V1_SX300.jpg,"[{'Source': 'Internet Movie Database', 'Value': '5.2/10'}]",N/A,5.2,748,tt0048517,movie,N/A,N/A,N/A,N/A,True,CINE.pdf,
The Silence,2019,PG-13,10 Apr 2019,90 min,"Drama, Horror, Sci-Fi",John R. Leonetti,"Carey Van Dyke, Shane Van Dyke, Tim Lebbon","Stanley Tucci, Kiernan Shipka, Miranda Otto","The story of a family struggling to survive in a world terrorized by a deadly, primeval species who have evolved for millions of years in the pitch darkness of a vast underground cave system, hunting only with their acute hearing ability. As the family seeks refuge in a remote haven where they can wait out the invasion, they start to wonder what kind of world will remain when they're ready to emerge.","English, American Sign ","United States, Germany",N/A,https://m.media-amazon.com/images/M/MV5BYzY2ZjM0NTgtNDc3OS00YmQwLTlkN2YtMmRmMDAxMmM0NTliXkEyXkFqcGc@._V1_SX300.jpg,"[{'Source': 'Internet Movie Database', 'Value': '5.4/10'}, {'Source': 'Rotten Tomatoes', 'Value': '30%'}, {'Source': 'Metacritic', 'Value': '25/100'}]",25,5.4,"55,446",tt7315484,movie,N/A,N/A,N/A,N/A,True,CINE.pdf,
This Is Not a Movie,2011,Not Rated,28 Jan 2011,99 min,"Comedy, Drama",Olallo Rubio,Olallo Rubio,"Edward Furlong, Peter Coyote, Miguel Ferrer","Twisted, apocalyptic satire, THIS IS NOT A MOVIE envisions the end of the world through the bi-polar mind of a strung-out pop-culture addict. Starring Edward Furlong and Peter Coyote, with a jagged, atmospheric score from Slash.","English, Spanish",Mexico,N/A,https://m.media-amazon.com/images/M/MV5BMTQ2MjM2MjMzNV5BMl5BanBnXkFtZTcwNzQ0OTM4NA@@._V1_SX300.jpg,"[{'Source': 'Internet Movie Database', 'Value': '4.4/10'}]",N/A,4.4,751,tt1386492,movie,N/A,N/A,N/A,N/A,True,CINE.pdf,
Plata dulce,1982,PG-13,08 Jul 1982,97 min,"Comedy, Drama",Fernando Ayala,"Jorge Goldenberg, Héctor Olivera, Oscar Viale","Federico Luppi, Julio De Grazia, Gianni Lunadei","A man meets a former teammate of military service that offers a sweet deal. The money starts coming in abundance, but things change from one day to the other.",Spanish,Argentina,2 wins,https://m.media-amazon.com/images/M/MV5BODdiNDg1MmUtYTJjZi00YzBiLWI4NzUtZmYyM2FmOTMzMjZlL2ltYWdlL2ltYWdlXkEyXkFqcGdeQXVyOTc2Mzg5OQ@@._V1_SX300.jpg,"[{'Source': 'Internet Movie Database', 'Value': '7.2/10'}]",N/A,7.2,604,tt0084512,movie,N/A,N/A,N/A,N/A,True,CINE.pdf,
Tiburón,1933,N/A,17 Apr 1934,N/A,"Comedy, Drama",Ramón Peón,"Juan Bustillo Oro, Ben Jonson","Joaquín Coss, Luis G. Barreiro, Julio Villarreal",N/A,Spanish,Mexico,N/A,N/A,[],N/A,N/A,N/A,tt0140619,movie,N/A,N/A,N/A,N/A,True,CINE.pdf,
Tiburoneros,1963,N/A,23 May 1963,100 min,Drama,Luis Alcoriza,Luis Alcoriza,"Julio Aldama, Dacia González, Tito Junco","Aurelio is a shark fisherman who works on the coast of Tabasco, Mexico. He works hard and sends money to his wife and children that live in Mexico City. He seems very happy in the coast --he even has a romance with a native girl-- although he misses his family. One day he decides to go back to Mexico City where his brother in law is waiting to invite him into a busines.",Spanish,Mexico,2 wins & 1 nomination,https://m.media-amazon.com/images/M/MV5BYWMyMjNhNDQtMDJmMi00NmM5LThiYjUtNzM3NTlhYzRjNTBiXkEyXkFqcGdeQXVyMTIxNTU2NDA@._V1_SX300.jpg,"[{'Source': 'Internet Movie Database', 'Value': '7.4/10'}]",N/A,7.4,205,tt0056584,movie,N/A,N/A,N/A,N/A,True,CINE.pdf,
Tiempo de valientes,2005,N/A,29 Sep 2005,112 min,"Action, Comedy, Crime",Damián Szifron,"Agustín Rolandelli, Nicolás Smudt, Damián Szifron","Diego Peretti, Luis Luque, Óscar Ferreiro","Mariano Is a psychologist who must fulfill community service after losing a lawsuit by a traffic accident. He is forced to provide therapeutic support to Alfredo, a policeman depressed over his wife cheating on him. Mariano is then accidentally involved in a double homicide investigation being conducted by Alfredo.",Spanish,Argentina,5 wins & 10 nominations,https://m.media-amazon.com/images/M/MV5BMWRjNmZkZTYtMWJmYi00ZWYyLWE2NGEtOTk2YmIwNTcxNTk2XkEyXkFqcGc@._V1_SX300.jpg,"[{'Source': 'Internet Movie Database', 'Value': '7.5/10'}]",N/A,7.5,"7,575",tt0462570,movie,N/A,N/A,20th Century Fox Film Corporation,N/A,True,CINE.pdf,
Tiempo de vivir,1977–,N/A,N/A,60 min,"Drama, Romance",N/A,N/A,"Mariana Karr, Claudio Levrino, Ana María Picchio, Miguel Ángel Solá",N/A,Spanish,Argentina,N/A,N/A,[],N/A,N/A,N/A,tt0292855,series,,,,,True,CINE.pdf,1
Little Shop of Horrors,1986,PG-13,19 Dec 1986,94 min,"Comedy, Horror, Musical",Frank Oz,"Howard Ashman, Roger Corman, Charles B. Griffith","Rick Moranis, Ellen Greene, Vincent Gardenia","Seymour Krelborn is a nerdy orphan working at Mushnik's, a flower shop in urban Skid Row. He harbors a crush on fellow co-worker Audrey Fulquard, and is berated by Mr. Mushnik daily. One day as Seymour is seeking a new mysterious plant, he finds a very mysterious unidentified plant which he calls Audrey II. The plant seems to have a craving for blood and soon begins to sing for his supper. Soon enough, Seymour feeds Audrey's sadistic dentist boyfriend to the plant and later, Mushnik for witnessing the death of Audrey's ex. Will Audrey II take over the world or will Seymour and Audrey defeat it?",English,United States,Nominated for 2 Oscars. 2 wins & 14 nominations total,https://m.media-amazon.com/images/M/MV5BNTJjM2VhMDctMTIxYi00MzY3LWI5ZDgtZjFiNzg0M2QxNzI5XkEyXkFqcGc@._V1_SX300.jpg,"[{'Source': 'Internet Movie Database', 'Value': '7.1/10'}, {'Source': 'Rotten Tomatoes', 'Value': '91%'}, {'Source': 'Metacritic', 'Value': '81/100'}]",81,7.1,"93,959",tt0091419,movie,N/A,"$39,032,001",N/A,N/A,True,CINE.pdf,
Tierra de nadie,1998,N/A,20 Jun 2005,N/A,Drama,Juan Camilo Pinzon,Dago García,"Álvaro García, Ana Soler",N/A,Spanish,Colombia,N/A,N/A,[],N/A,N/A,N/A,tt0466156,movie,N/A,N/A,N/A,N/A,True,CINE.pdf,
Golden Door,2006,PG-13,22 Sep 2006,118 min,"Drama, History, Romance",Emanuele Crialese,Emanuele Crialese,"Charlotte Gainsbourg, Vincenzo Amato, Vincent Schiavelli","The story is set at the beginning of the 20th century in Sicily. Salvatore, a very poor farmer, and a widower, decides to emigrate to the US with all his family, including his old mother. Before they embark, they meet Lucy. She is supposed to be a British lady and wants to come back to the States. Lucy, or Luce as Salvatore calls her, for unknown reasons wants to marry someone before to arrive to Ellis Island in New York. Salvatore accepts the proposal. Once they arrive in Ellis Island they spend the quarantine period trying to pass the examinations to be admitted to the States. Tests are not so simple for poor farmers coming from Sicily. Their destiny is in the hands of the custom officers.","Italian, English, Sicilian","Italy, France",22 wins & 29 nominations total,https://m.media-amazon.com/images/M/MV5BNDZhNzI3NGMtNDA0MS00YjExLThhOTYtNDMxZTFlMjBiOWYyXkEyXkFqcGc@._V1_SX300.jpg,"[{'Source': 'Internet Movie Database', 'Value': '6.8/10'}, {'Source': 'Rotten Tomatoes', 'Value': '73%'}, {'Source': 'Metacritic', 'Value': '74/100'}]",74,6.8,"5,311",tt0465188,movie,N/A,"$1,070,769",N/A,N/A,True,CINE.pdf,
El tigre de Santa Julia,1974,TV-14,24 Jan 1974,105 min,"Adventure, Crime, Drama",Arturo Martínez,"Rogelio Agrasánchez, Crox Alvarado, Arturo Martínez","Juan Gallardo, Norma Lazareno, Amalia Macías","Miguel ha tenido una vida dificil, desde el crimen que le quitó la vida a sus padres, hasta el encarcelamiento de su hermano y su asesinato dentro de la prisión. Con el tiempo cobrará justicia por su cuenta.",Spanish,Mexico,N/A,https://m.media-amazon.com/images/M/MV5BMTIxMTY1NDYtZGUzZi00ZDY2LTg0MWMtOTliZWE5ZGE4Njc0XkEyXkFqcGdeQXVyNzc5MjA3OA@@._V1_SX300.jpg,"[{'Source': 'Internet Movie Database', 'Value': '6.5/10'}]",N/A,6.5,17,tt0287028,movie,N/A,N/A,N/A,N/A,True,CINE.pdf,
Tintorera: Killer Shark,1977,R,15 Sep 1978,126 min,"Drama, Horror, Romance",René Cardona Jr.,"René Cardona Jr., Ramón Bravo, Christina Schuch","Susan George, Hugo Stiglitz, Andrés García",Two shark hunters flirt with an attractive British lady while hunting down a large tiger shark terrorizing the Mexican East coast.,"English, Spanish",Mexico,N/A,https://m.media-amazon.com/images/M/MV5BNjZiOWVhMDUtMWZjNC00ZmY2LTkxNzItZDBlMDRmZDkzYmM2XkEyXkFqcGc@._V1_SX300.jpg,"[{'Source': 'Internet Movie Database', 'Value': '4.1/10'}]",N/A,4.1,"1,557",tt0076825,movie,N/A,N/A,N/A,N/A,True,CINE.pdf,
Tiresias,1998,N/A,N/A,5 min,"Animation, Comedy, Short",Ann Marie Fleming,Ann Marie Fleming,N/A,N/A,English,Canada,N/A,N/A,"[{'Source': 'Internet Movie Database', 'Value': '7.6/10'}]",N/A,7.6,9,tt0339800,movie,N/A,N/A,N/A,N/A,True,CINE.pdf,
Todo sobre mi madre,2024,N/A,19 Nov 2024,N/A,"Documentary, Short",Eduardo Valenzuela,N/A,"Maria De Jesus Castrejón, José Ángel Sámago Romero",N/A,N/A,Mexico,N/A,https://m.media-amazon.com/images/M/MV5BOGNkOTE2NzYtZTNjYi00MmZmLWFhZTctMGVlYjNiYTM0MGM3XkEyXkFqcGc@._V1_SX300.jpg,[],N/A,N/A,N/A,tt35192816,movie,N/A,N/A,N/A,N/A,True,CINE.pdf,
All About Desire: The Passionate Cinema of Pedro Almodovar,2001,N/A,22 Dec 2001,49 min,"Documentary, Biography",Nick Cory Wright,N/A,"Stephen Frears, Victoria Abril, Woody Allen","A rare look at the the career of film director Pedro Almodóvar, especially his early works, with interviews with the director himself and his stars and admirers.",English,United Kingdom,N/A,N/A,"[{'Source': 'Internet Movie Database', 'Value': '5.3/10'}]",N/A,5.3,95,tt0377352,movie,N/A,N/A,N/A,N/A,True,CINE.pdf,
Tierra de Pasiones,2006–,N/A,20 Feb 2006,45 min,"Drama, Romance",N/A,N/A,"Saúl Lisazo, Gabriela Spanic, Héctor Suárez","In a beautiful valley where the most exquisite grapes are farmed, an intense and sizzling love story will flourish between Valeria San Roman, a beautiful woman with a strong character, which has given her the strength to face life's deceptions, and Francisco Contreras, renowned publisher, widower and a man of will. Valeria, who manages the San Roman vineyard, hasn't had an easy life. Her own father, Jose Maria 'Chema' San Roman, the family's patriarch, has always hated her because she is the only one who doesn't obey him. A man without scruples, selfish and womanizing, Chema arrived to the United States, married Valeria's mom to steal everything from her and later disposed of her. If that weren't enough, Chema schemes a hideous plan causing Valeria to experience a horrible betrayal. Meanwhile, Francisco arrives to visit his father at the ranch only to learn that he has married Marcia, a woman much younger than he who leads him to the brink of bankruptcy and drives him to suicide. At that time, Francisco decides to stay in the valley and save the family business from bankruptcy. When Valeria and Francisco meet, their strong personalities undoubtedly clash, although it is evident that there is a strong chemistry between them. They team up to form a partnership convenient to both and are resigned to the idea of having to put up with each other. As they get to know one another, a love stems between them that will survive all the challenges they will encounter along the way. But, when destiny finally gives Valeria this new opportunity, Pablo, an old flame she thought was dead, comes back from the past to change everything.",Spanish,United States,N/A,https://m.media-amazon.com/images/M/MV5BZDE2ZGRjYzEtZThmYy00ODkxLWIwZTQtNGU2ZTBiZjE5MGZhXkEyXkFqcGdeQXVyMjcyMzAzNjE@._V1_SX300.jpg,"[{'Source': 'Internet Movie Database', 'Value': '6.6/10'}]",N/A,6.6,212,tt0459693,series,,,,,True,CINE.pdf,1
Turtles Can Fly,2004,PG-13,23 Feb 2005,98 min,"Drama, War",Bahman Ghobadi,Bahman Ghobadi,"Soran Ebrahim, Avaz Latif, Saddam Hossein Feysal","On the Kurdish refugee camp on the Iraqi-Turkish border, the boy Satellite is the leader of the kids. He commands them to clear and collect American undetonated minefields in the fields to sell them in the street market and he installs antennae for the villagers. He goes with the local leader to buy a parabolic antenna to learn the news about the eminent American invasion but nobody speaks English and Satellite that knows a couple of words is assigned to translate the Fox News. When the orphans Agrin and her armless brother Hengov and the blind toddler Riga come from Halabcheh to the camp, Satellite falls in an unrequited love for Egrin. But the girl is traumatized by a cruel raid in her home, when her parents were murdered and she was raped. She wants to leave Riga behind and travel with her brother Hengov to another place, but he does not agree with her intention.","Kurdish, Arabic, English","Iran, France, Iraq",23 wins & 8 nominations,https://m.media-amazon.com/images/M/MV5BNDU4MmU2MjAtYjI3ZC00MDhkLThhZTMtMmFkZWJmMTU2YjFhXkEyXkFqcGc@._V1_SX300.jpg,"[{'Source': 'Internet Movie Database', 'Value': '8.0/10'}, {'Source': 'Rotten Tomatoes', 'Value': '87%'}, {'Source': 'Metacritic', 'Value': '85/100'}]",85,8.0,"21,238",tt0424227,movie,N/A,"$258,578",N/A,N/A,True,CINE.pdf,
The Parent Trap,1998,PG,29 Jul 1998,128 min,"Adventure, Comedy, Drama",Nancy Meyers,"Erich Kästner, David Swift, Nancy Meyers","Lindsay Lohan, Dennis Quaid, Natasha Richardson","When two pre-teens named Hallie and Annie meet through their summer camp, their two lives are rattled when they realize that they are identical twins. With parents, British mother aka famous dress designer Elizabeth and American father, a wine maker named Nick, living in two different sides of the universe, the girls decide to make an identity swap in hopes of spending time with their other parent. The girls later choose to inform their guardians of the swap while at a hotel in San Francisco, which later reunites the divorced pair and sends them back into remarriage with each other.","English, French","United States, United Kingdom",2 wins & 7 nominations total,https://m.media-amazon.com/images/M/MV5BNTRkYmY3Y2QtMGM2Ny00MTNmLTk4NjYtNjMwNTNmMGY5ZDllXkEyXkFqcGc@._V1_SX300.jpg,"[{'Source': 'Internet Movie Database', 'Value': '6.7/10'}, {'Source': 'Rotten Tomatoes', 'Value': '87%'}, {'Source': 'Metacritic', 'Value': '63/100'}]",63,6.7,"165,056",tt0120783,movie,N/A,"$66,308,518",N/A,N/A,True,CINE.pdf,
The Reader,2008,R,30 Jan 2009,124 min,"Drama, Mystery, Romance",Stephen Daldry,"David Hare, Bernhard Schlink","Ralph Fiennes, Jeanette Hain, David Kross","THE READER opens in post-war Germany when teenager Michael Berg becomes ill and is helped home by Hanna, a stranger twice his age. Michael recovers from scarlet fever and seeks out Hanna to thank her. The two are quickly drawn into a passionate secret affair. Michael discovers that Hanna loves being read to and their physical relationship deepens. Hanna is enthralled as Michael reads to her from ""The Odyssey,"" ""Huck Finn,"" and ""The Lady with the Little Dog."" Despite their intense bond, Hanna mysteriously disappears one day and Michael is left confused and heartbroken. Eight years later, while Michael is a law student observing the Nazi war crime trials, he is stunned to find Hanna back in his life--this time as a defendant in the courtroom. As Hanna's past is revealed, Michael uncovers a deep secret that will impact both of their lives. THE READER is a story about truth and reconciliation, about how one generation comes to terms with the crimes of another.","English, German, Greek, Latin","Germany, United States, Poland",Won 1 Oscar. 26 wins & 48 nominations total,https://m.media-amazon.com/images/M/MV5BMTM0NDQxNjA0N15BMl5BanBnXkFtZTcwNDUwMzcwMg@@._V1_SX300.jpg,"[{'Source': 'Internet Movie Database', 'Value': '7.6/10'}, {'Source': 'Rotten Tomatoes', 'Value': '63%'}, {'Source': 'Metacritic', 'Value': '58/100'}]",58,7.6,"271,485",tt0976051,movie,N/A,"$34,194,407",N/A,N/A,True,CINE.pdf,
The Reaping,2007,R,05 Apr 2007,99 min,"Horror, Thriller",Stephen Hopkins,"Carey W. Hayes, Chad Hayes, Brian Rousso","Hilary Swank, David Morrissey, Idris Elba","The death of a child in mysterious circumstances sparks a series of events that seem to represent biblical plagues, which start occurring in, of all places, a town called ""Haven"" that is located deep in the bowels of Bible belt country in the bayous of Louisiana. A former Christian missionary turned religious phenomena debunker and her top open minded student turned personal assistant are sent to investigate.","English, Spanish",United States,1 nomination total,https://m.media-amazon.com/images/M/MV5BMzE1OTY2NTctOGE1NS00MGNjLWExMGUtZDk0MjRkNzJjZWUxXkEyXkFqcGc@._V1_SX300.jpg,"[{'Source': 'Internet Movie Database', 'Value': '5.6/10'}, {'Source': 'Rotten Tomatoes', 'Value': '7%'}, {'Source': 'Metacritic', 'Value': '36/100'}]",36,5.6,"45,757",tt0444682,movie,N/A,"$25,126,214",N/A,N/A,True,CINE.pdf,
El tren de la muerte,1979,N/A,29 Mar 1979,83 min,"Action, Crime, Drama",Juan Orol,Juan Orol,"Julio Alemán, Patricia Rivera, Víctor Manuel Mendoza","A lonely stranger arrives by train in the village of ""Paradise Valley"". He settles in the saloon run by Vilma. There are often fights between the members of two rival gangs",Spanish,Mexico,N/A,https://m.media-amazon.com/images/M/MV5BYmM0ZDFlMWItZWUzNC00YjdkLTk2ZDEtYzdlODFjYWMyOTY4XkEyXkFqcGdeQXVyMDM0NzcxMQ@@._V1_SX300.jpg,"[{'Source': 'Internet Movie Database', 'Value': '6.3/10'}]",N/A,6.3,13,tt0367165,movie,N/A,N/A,N/A,N/A,True,CINE.pdf,
Lines,2021,N/A,29 Jul 2021,77 min,Drama,Hussein Khan,"Rahhat Shah Kazmi, Kuwar Shakti Singh","Hina Khan, Rishi Bhutani, Ahmer Haider","It is a tale of love divided by borders, an innocent yet gritty story of a young girl Nazia representing the pains of people of Kashmir who have been the suffers of hatred between two countries",Hindi,India,2 wins,https://m.media-amazon.com/images/M/MV5BY2RlODFlZDMtNGE3OS00NjUyLWIxZmEtY2Y4YTI1M2FiMzhlXkEyXkFqcGdeQXVyODA2Mzc0MDI@._V1_SX300.jpg,"[{'Source': 'Internet Movie Database', 'Value': '5.7/10'}]",N/A,5.7,242,tt9603216,movie,N/A,N/A,N/A,N/A,True,CINE.pdf,
Tres estaciones,2002,N/A,02 Feb 2002,20 min,"Short, Drama",José Luis Matoso,Jose Luis Matoso,N/A,N/A,Spanish,Spain,N/A,N/A,[],N/A,N/A,N/A,tt2455932,movie,N/A,N/A,N/A,N/A,True,CINE.pdf,
Tres miniaturas de Eugenio,2012,N/A,01 Oct 2012,15 min,"Short, Drama",Carlos Hagerman,Carlos Hagerman,N/A,Three characters. Three instants. Three musical pieces by Eugenio Toussaint. An homage to a dear friend.,Spanish,Mexico,N/A,N/A,[],N/A,N/A,N/A,tt2784162,movie,N/A,N/A,N/A,N/A,True,CINE.pdf,
Tres monos/Three Monkey Puppets,1999,N/A,02 Jun 1999,N/A,"Short, Drama",Carmen La Roche,Carmen La Roche,"Alberto Alifa, Beatriz Vázquez",Child sexual abuse in households,Spanish,Venezuela,N/A,N/A,[],N/A,N/A,N/A,tt31149614,movie,N/A,N/A,N/A,N/A,True,CINE.pdf,
Trescientos pavos,2012–2018,N/A,10 Oct 2012,N/A,Comedy,N/A,N/A,"Diego Villalba, Álvaro Pérez, Lamine Thior","A young man from San Fernando (Cádiz) who in the series plays ""Rodri"", a boy who, due to the economic and labor problems that the country is going through, is forced to form a team with two more friends, ""Migue"" Alvaro Pérez) and ""Piedad"" (Lamine Thior), in order to do jobs for the most strange to achieve a ""decent salary.""",Spanish,Spain,N/A,https://m.media-amazon.com/images/M/MV5BNTg3ZDgyMjQtNzExZi00NDNhLTk4YzYtYmIzNWYzZmQzNDUxXkEyXkFqcGdeQXVyMTEwNjU2ODM0._V1_SX300.jpg,[],N/A,N/A,9,tt2530812,series,,,,,True,CINE.pdf,1
Trespass,2011,R,21 Oct 2011,91 min,"Crime, Drama, Mystery",Joel Schumacher,Karl Gajdusek,"Nicolas Cage, Nicole Kidman, Cam Gigandet","Kyle and Sarah Miller have it all: a huge gated house on the water, fancy cars, and the potential for romance in their relationship. He's just back from a business trip (he brokers diamonds) and their teen daughter Avery is sneaking out to a party, when four thugs in security uniforms and ski masks stage a home invasion. They want what's in the safe: cash and diamonds. Kyle stalls them, trying to negotiate for Sarah's freedom. Over the next few hours, the back stories of the four robbers (two brothers, a girlfriend, and the representative of a local drug kingpin) as well as the fault lines in Kyle and Sarah's marriage come into play. Is there room here for heroism?",English,"United States, Bulgaria",2 nominations total,https://m.media-amazon.com/images/M/MV5BMTM4NTc0Mzk5N15BMl5BanBnXkFtZTcwNDA4NDUyNg@@._V1_SX300.jpg,"[{'Source': 'Internet Movie Database', 'Value': '5.3/10'}, {'Source': 'Rotten Tomatoes', 'Value': '9%'}, {'Source': 'Metacritic', 'Value': '37/100'}]",37,5.3,"47,378",tt1674784,movie,N/A,"$24,094",N/A,N/A,True,CINE.pdf,
Trial by Jury,1994,R,09 Sep 1994,107 min,"Crime, Drama, Thriller",Heywood Gould,"Jordan Katz, Heywood Gould","Joanne Whalley, Armand Assante, Gabriel Byrne","Valerie is a juror in the trial of a mob boss. When her young son's life is threatened, she has no option other than to see that justice isn't done.",English,United States,N/A,https://m.media-amazon.com/images/M/MV5BYzU1ZTZiOWEtOWMxZS00YmZiLTliNTEtMjIyNWE0NWNiZDIyXkEyXkFqcGc@._V1_SX300.jpg,"[{'Source': 'Internet Movie Database', 'Value': '5.4/10'}, {'Source': 'Rotten Tomatoes', 'Value': '8%'}]",N/A,5.4,"2,190",tt0111488,movie,N/A,"$6,971,777",N/A,N/A,True,CINE.pdf,
Tristana,1970,PG,29 Mar 1970,99 min,Drama,Luis Buñuel,"Julio Alejandro, Luis Buñuel, Benito Pérez Galdós","Catherine Deneuve, Fernando Rey, Franco Nero","When the young woman Tristana's mother dies, she is entrusted to the guardianship of the well-respected though old Don Lope. Don Lope is well-liked and well-known because of his honorable nature, despite his socialistic views about business and religion. But Don Lope's one weakness is women, and he falls for the innocent girl in his charge, seduces her, makes her his lover, though all the while explaining to her that she is as free as he. But when she acts on this freedom, Don Lope must deal with the consequences of his world-view.",Spanish,"Spain, Italy, France",Nominated for 1 Oscar. 11 wins & 4 nominations total,https://m.media-amazon.com/images/M/MV5BMTRjYzUwZmMtMTYzNC00ZThlLWE0ZjgtM2ZkZjllZDhhMjUxXkEyXkFqcGc@._V1_SX300.jpg,"[{'Source': 'Internet Movie Database', 'Value': '7.4/10'}, {'Source': 'Rotten Tomatoes', 'Value': '97%'}, {'Source': 'Metacritic', 'Value': '93/100'}]",93,7.4,"13,084",tt0066491,movie,N/A,"$14,586",N/A,N/A,True,CINE.pdf,
Lung do kei yuen,2005,Not Rated,06 Jan 2005,85 min,"Animation, Action, Adventure",Antony Szeto,"Trevor Morris, Yeung-Ping Sze, Antony Szeto","Karen Mok, Daniel Wu, Stephen Fung","When a town is being attacked by a deadly creature Lang becomes the one to have to deal with it. But, only one thing can stop this menace is the Dragon Blade. Now the one person who knows where the blade is won't tell Lang, and even if he did, untold peril will fall on anyone who dares to find this legendary weapon.","English, Mandarin, Cantonese",Hong Kong,2 wins & 2 nominations,https://m.media-amazon.com/images/M/MV5BMTk2NTIyMTM0Nl5BMl5BanBnXkFtZTcwMzMxNzgyMQ@@._V1_SX300.jpg,"[{'Source': 'Internet Movie Database', 'Value': '5.1/10'}]",N/A,5.1,471,tt0327660,movie,N/A,N/A,N/A,N/A,True,CINE.pdf,
Trono de sangre,1976,N/A,N/A,N/A,Drama,Juan Lamata,José Ignacio Cabrujas (adaptation),"Rolando Barral, Marina Baura, Mirtha Borges, Virgilio Galindo",N/A,Spanish,Venezuela,N/A,N/A,[],N/A,N/A,N/A,tt11398390,movie,N/A,N/A,N/A,N/A,True,CINE.pdf,
Troya,2001,N/A,N/A,5 min,"Documentary, Short",Juan de Sande,N/A,Xavier Mascaró,N/A,N/A,Spain,N/A,N/A,"[{'Source': 'Internet Movie Database', 'Value': '7.1/10'}]",N/A,7.1,51,tt0337341,movie,N/A,N/A,N/A,N/A,True,CINE.pdf,
Tierra y pan,2008,N/A,02 Sep 2008,8 min,"Short, Drama",Carlos Armella,Carlos Armella,"Lisset García, Patricia Meneses, Alberto Trujillo",A quiet journey to a forsaken land where hunger turns the heart into a desert landscape.,None,Mexico,11 wins,https://m.media-amazon.com/images/M/MV5BNGFkYjRkZjctYzJmYy00ODhmLThjZmEtNmRkMjgxMjU1YmM1XkEyXkFqcGdeQXVyMTM2MzAwOA@@._V1_SX300.jpg,"[{'Source': 'Internet Movie Database', 'Value': '6.3/10'}]",N/A,6.3,128,tt1297849,movie,N/A,N/A,N/A,N/A,True,CINE.pdf,
El triunfo del amor,1943,N/A,N/A,91 min,N/A,Manuel Blay,Manuel Blay,"Gabriel Algara, Rufino Inglés, María Martín",N/A,Spanish,Spain,N/A,https://m.media-amazon.com/images/M/MV5BYWIxZmUyNTYtNDkyMC00MjA0LWE5NTgtZThhMDZlMzcyYzcyXkEyXkFqcGdeQXVyNzA4ODc3ODU@._V1_SX300.jpg,[],N/A,N/A,N/A,tt0036459,movie,N/A,N/A,N/A,N/A,True,CINE.pdf,
Tu te lo pierdes,2004,Not Rated,N/A,86 min,"Comedy, Drama, Fantasy",Salim Nayar,Salim Nayar,"Fernando Luján, Patricia Pereyra, Lolita Cortés","A romantic comedy that involves Arturo and Miguel competing for the love of Helena. When Miguel suffers an accident, he meets Torcuato (Fernando LujÃ¡n) at heaven's doors and his life becomes ""in limbo"".",Spanish,Mexico,N/A,https://m.media-amazon.com/images/M/MV5BMTUyOTkxMzUzM15BMl5BanBnXkFtZTcwNjM2MDkzMQ@@._V1_SX300.jpg,"[{'Source': 'Internet Movie Database', 'Value': '2.1/10'}]",N/A,2.1,20,tt0402899,movie,N/A,N/A,N/A,N/A,True,CINE.pdf,
The World According to Koreeda Hirokazu,2013,N/A,18 Feb 2013,N/A,"Documentary, Short",Kogonada,N/A,N/A,N/A,English,USA,N/A,N/A,[],N/A,N/A,N/A,tt7958222,movie,N/A,N/A,N/A,N/A,True,CINE.pdf,
Twilight Zone,2013–2016,N/A,24 Dec 2013,N/A,"Drama, Fantasy, Horror",N/A,N/A,"Frank Bell, Bob Issel, Kenneth Schaffer","Around 2013, Frank Bell produced at least three ""Twilight Zone"" stories, based on original ""The Twilight Zone"" stories by Rod Serling.",English,United States,N/A,https://m.media-amazon.com/images/M/MV5BMmNmMGUzMWYtOWQzNy00ZTE0LWE0MDgtYWYzYTJiYTMwMTA0XkEyXkFqcGc@._V1_SX300.jpg,[],N/A,N/A,N/A,tt32897027,series,,,,,True,CINE.pdf,N/A
3000 Miles to Graceland,2001,R,23 Feb 2001,125 min,"Action, Comedy, Crime",Demian Lichtenstein,"Richard Recco, Demian Lichtenstein, Kevin Bernhardt","Kurt Russell, Kevin Costner, Courteney Cox","It was an ingenious enough plan: rob the Riviera Casino's count room during an Elvis impersonator convention. But Thomas Murphy decided to keep all the money for himself and shot all his partners, including recently-freed ex-con Michael Zane. With $3.2 million at stake, the Marshals Service closing in, and single mom Cybil Waingrow and her son Jesse constantly confounding things, Michael must track down Murphy.",English,"United States, Canada",13 nominations total,https://m.media-amazon.com/images/M/MV5BMTExMDA0NDAyOTReQTJeQWpwZ15BbWU2MDM4ODg3OQ@@._V1_SX300.jpg,"[{'Source': 'Internet Movie Database', 'Value': '6.0/10'}, {'Source': 'Rotten Tomatoes', 'Value': '15%'}, {'Source': 'Metacritic', 'Value': '21/100'}]",21,6.0,"50,878",tt0233142,movie,N/A,"$15,749,959",N/A,N/A,True,CINE.pdf,
La última cena,2020,N/A,31 Dec 2021,80 min,"Comedy, Drama","Andrea Jaurrieta, Toni Agustí, María Sánchez Torregrosa","Toni Agustí, María Sánchez Torregrosa","Toni Agustí, Marta Belenguer, Amparo Fernández",The Last Supper is a cinematographic experiment carried out in a single day by a group of technicians and actors who come together to shoot a dinner with friends in real time.,Spanish,Spain,N/A,https://m.media-amazon.com/images/M/MV5BZDk5ZDMwMzctNjE1MS00OTZjLWI2NzMtOTYxYjVkNDAwNzgxXkEyXkFqcGdeQXVyMTQwMzYyODM@._V1_SX300.jpg,"[{'Source': 'Internet Movie Database', 'Value': '5.4/10'}]",N/A,5.4,131,tt13611872,movie,N/A,N/A,N/A,N/A,True,CINE.pdf,
La última noche,2005,N/A,29 Apr 2005,119 min,"Drama, Comedy",Alejandro Gamboa,"Alejandro Gamboa, Marina Stavenhagen","Andrés García, Cecilia Gabriela, Mariana Ávila","Gloria (Cecilia Gabriela) shocks her family when she announces that she's going to marry for the fourth time. They're even more surprised when they discover her husband-to-be is Fabián (Andres Garcia), a veteran television actor whose career has gone into a slump. She has decided this time around she's willing to do anything to make her marriage work, but does that include following Fabian's suggestion that she get breast implants? Meanwhile, her daughter Luzma (Mariana Avila) is tying the knot with her fiancé, Fernando (Ricardo Palacios), but their wedding night proves to be a disaster, with the sexually inexperienced groom unable to satisfy his new bride. Will these newlyweds have to take lovers on the side to get the pleasure they need?",Spanish,Mexico,1 win,https://m.media-amazon.com/images/M/MV5BNDEzOTMyNTEwN15BMl5BanBnXkFtZTcwNDMyMjkzMQ@@._V1_SX300.jpg,"[{'Source': 'Internet Movie Database', 'Value': '5.3/10'}]",N/A,5.3,101,tt0426331,movie,28 Feb 2006,N/A,N/A,N/A,True,CINE.pdf,
Universe,2021,N/A,27 Oct 2021,N/A,Documentary,N/A,N/A,"Brian Cox, Grant Tremblay, Hakeem Oluseyi",Professor Brian Cox journeys across the vastness of time and space revealing epic moments of sheer drama that changed the universe forever.,English,United Kingdom,N/A,https://m.media-amazon.com/images/M/MV5BODYyMjlkZGUtNmEzOC00OTk5LWJhYTgtMmFlOTdmNTI2NWViXkEyXkFqcGc@._V1_SX300.jpg,"[{'Source': 'Internet Movie Database', 'Value': '8.3/10'}]",N/A,8.3,"1,124",tt15757074,series,,,,,True,CINE.pdf,1
Un año perdido,1993,N/A,29 Oct 1993,100 min,Drama,Gerardo Lara,"Gerardo Lara, Patricio Ruffo","Vanessa Bauche, Tiaré Scanda, Marco Muñoz",N/A,Spanish,Mexico,1 win & 3 nominations,https://m.media-amazon.com/images/M/MV5BODgxMDg2Mzk4OV5BMl5BanBnXkFtZTcwNzMzNTAyMQ@@._V1_SX300.jpg,"[{'Source': 'Internet Movie Database', 'Value': '5.9/10'}]",N/A,5.9,43,tt0106331,movie,N/A,N/A,N/A,N/A,True,CINE.pdf,
Un Buda,2005,N/A,14 Jul 2005,115 min,Drama,Diego Rafecas,Diego Rafecas,"Agustín Markert, Carolina Fal, Diego Rafecas","Un Buda follows two brothers orphaned as children when their parents were taken by the military during the ""Dirty Wars"" of the 1970s in Argentina. Tomas (Agustin Markert) is now a drifting and withdrawn young man who experiments with ascetic practices and has an instinctive compassion for others. His older brother Rafael, played by Rafecas, is a university philosophy professor, detached and alone. Their struggles with each other and the world around them in Buenos Aires take a dramatic turn when they find themselves at a rural Zen center.",Spanish,Argentina,4 wins total,https://m.media-amazon.com/images/M/MV5BMjI0Njg4ODgzMF5BMl5BanBnXkFtZTcwMDQzMzY3Mw@@._V1_SX300.jpg,"[{'Source': 'Internet Movie Database', 'Value': '6.5/10'}]",N/A,6.5,815,tt0428283,movie,N/A,N/A,N/A,N/A,True,CINE.pdf,
Nadie (Un cuento de invierno),2000,N/A,N/A,24 min,Short,Manuel Martín Cuenca,"Alejandro Hernández, Manuel Martín Cuenca","Joaquín Notario, Ángela Herrera, Ana Otero, Chiqui Fernández",N/A,Spanish,Spain,1 win.,N/A,[],N/A,N/A,N/A,tt0481144,movie,N/A,N/A,N/A,N/A,True,CINE.pdf,
Avatar: The Last Airbender,2005–2008,TV-Y7-FV,21 Feb 2005,23 min,"Animation, Action, Adventure",N/A,"Michael Dante DiMartino, Bryan Konietzko","Dee Bradley Baker, Zach Tyler Eisen, Mae Whitman","The world is divided into four elemental nations: The Northern and Southern Water Tribes, the Earth Kingdom, the Fire Nation, and the Air Nomads. The Avatar upholds the balance between the nations, but everything changed when the Fire Nation invaded. Only the Avatar, master of all four elements, can stop them. But when the world needs him most, he vanishes. A hundred years later Katara and Sokka discover the new Avatar, an airbender named Aang. Together they must help Aang master the elements and save the world.",English,"United States, South Korea",Won 1 Primetime Emmy. 9 wins & 7 nominations total,https://m.media-amazon.com/images/M/MV5BMDMwMThjYWYtY2Q2OS00OGM2LTlkODQtNDJlZTZmMjAyYmFhXkEyXkFqcGc@._V1_SX300.jpg,"[{'Source': 'Internet Movie Database', 'Value': '9.3/10'}]",N/A,9.3,"432,739",tt0417299,series,,,,,True,CINE.pdf,3
Un cuento de Navidad,2014,N/A,04 Jan 2014,96 min,"Comedy, Family",Sílvia Quer,Helena Medina,"Pere Ponce, Míriam Iscla, Djédjé Apali",N/A,Spanish,Spain,N/A,https://m.media-amazon.com/images/M/MV5BMjlkYWExOTgtMjZmOC00NDIxLTljMWEtZWZkNTM5NTkxMGI1XkEyXkFqcGdeQXVyMTA0MjU0Ng@@._V1_SX300.jpg,"[{'Source': 'Internet Movie Database', 'Value': '5.9/10'}]",N/A,5.9,25,tt3311360,movie,N/A,N/A,N/A,N/A,True,CINE.pdf,
Un domingo cualquiera,2017,N/A,08 Mar 2017,18 min,"Short, Comedy, Family",Sergi Miralles,Mila Luengo,"Pilar Almería, Jordi Ballester, Paula Braguinsky",N/A,Spanish,Spain,1 nomination,https://m.media-amazon.com/images/M/MV5BNWVhZTMzNmUtNzI0Yy00MDdkLTg0NGQtZjRjMjg1NDYxMWIxXkEyXkFqcGdeQXVyMTg3OTAxMjc@._V1_SX300.jpg,"[{'Source': 'Internet Movie Database', 'Value': '6.2/10'}]",N/A,6.2,6,tt6166474,movie,N/A,N/A,N/A,N/A,True,CINE.pdf,
Turbulencia Zombi,2019,N/A,12 Nov 2019,84 min,"Comedy, Horror",Martín Garrido Ramis,Martín Garrido Ramis,"Tomeu Ripoll, Beatriz Barón, Alfredo Contreras","Summer comes in a small Town of Mallorca, closes The school and most of its Inhabitants are leaving holidays. The village is falling Almost empty and the heat is terrible. With this environment, Luis, the Custodian of the school, gives Read a script about zombies, That he himself wrote, to Juanito, a forty-year-old bachelor who can not find his place in society. He is without work or future, and lives with his mother, who keeps the house with a Small pension of six hundred euros. This picture is presented in the Alfredo, the lost brother of Juanito, who fled from thugs who They want to settle accounts with him. When the brothers are reunited, Juanito Proposes to Alfredo to make a film about zombies for Youtube and leave the Poverty in which they are. Alfredo accepts so as not to return to the Town and begins, with his brother, to involve people from the village to shoot the movie. But to produce the film money is needed, and Juanito asks his mother, Dona Francisca, the three thousand euros she has saved for her burial. By Alfredo also asks for money from a young military man who wants to do A pornographic film It asks you to partner with them to do the Zombie movie The inhabitants of the village who have not gone summer, Bored of the hot summer, they will climb to the car and begin to mount a Which will revolutionize the people. And when there are few days left to begin The shooting, something will happen that will change everything.",Spanish,Spain,N/A,https://m.media-amazon.com/images/M/MV5BNjEwMTIyODEtZjM0Mi00OTNiLThkMGUtNjQzMTgxNmY0MzExXkEyXkFqcGdeQXVyNTkwMzM3OTQ@._V1_SX300.jpg,"[{'Source': 'Internet Movie Database', 'Value': '5.7/10'}]",N/A,5.7,51,tt4857168,movie,N/A,N/A,N/A,N/A,True,CINE.pdf,
Two Lovers,2008,R,20 Mar 2009,110 min,"Drama, Romance",James Gray,"James Gray, Ric Menello","Joaquin Phoenix, Gwyneth Paltrow, Vinessa Shaw","Leonard Kraditor is a burned-out case, living with his immigrant parents after his fiancée left him, helping out at their Brooklyn dry cleaners, taking photographs, at loose ends, suicidal. In quick succession, he meets two women: Sandra, the daughter of his parents' business associates, frank, direct, sensual, Jewish like Leonard; and, his neighbor Michelle, mercurial, rootless, fun, blond, unattainable. Michelle is in love with a married man and cries on Leonard's shoulder; Sandra wants to save him. Is Leonard willing to risk losing Sandra's fidelity for the moments Michelle's moods swing toward him? Can this end well?",English,"France, United States",3 wins & 18 nominations total,https://m.media-amazon.com/images/M/MV5BMTIzNzIzMzc2Ml5BMl5BanBnXkFtZTcwNDE2MjAyMg@@._V1_SX300.jpg,"[{'Source': 'Internet Movie Database', 'Value': '7.0/10'}, {'Source': 'Rotten Tomatoes', 'Value': '81%'}, {'Source': 'Metacritic', 'Value': '74/100'}]",74,7.0,"45,238",tt1103275,movie,N/A,"$3,149,034",N/A,N/A,True,CINE.pdf,
Un embrujo,1998,N/A,19 Feb 1999,130 min,"Drama, Romance",Carlos Carrera,"Carlos Carrera, Martín Salinas, Marcel Sisniega","Blanca Guerra, Mario Zaragoza, Daniel Acuña","13-year-old Eliseo is initiated into love by his schoolteacher Felipa, who leaves town after their relationship is discovered, leaving him mired in memories. Forced to marry another woman and live a routine life, Eliseo spends his life remembering his romance with Felipa. 10 years later, Felipa returns, removing his wounds and forever changing his life and those of his loved ones and everyone else in town.",Spanish,Mexico,11 wins & 10 nominations,https://m.media-amazon.com/images/M/MV5BMTA4ZDMyYjctYzdhYS00MmMzLTlkZWUtNDA1NTI4M2Y3MDE1XkEyXkFqcGc@._V1_SX300.jpg,"[{'Source': 'Internet Movie Database', 'Value': '6.5/10'}]",N/A,6.5,289,tt0168734,movie,N/A,N/A,N/A,N/A,True,CINE.pdf,
Un rincón cerca del cielo,1952,N/A,22 Aug 1952,120 min,"Comedy, Drama",Rogelio A. González,"Rogelio A. González, Gregorio Walerstein","Pedro Infante, Marga López, Andrés Soler","Rogelio A.Gonzalez who had collaborated with Ismael Rodriguez in some Infante's films may does not have his popular sense, but he had a good rhythm and very good understating with Infante, relate the calamities of a provincial guy who try to get ahead in an honest way,however he found a job by influences, later and married with the naive Marga Lopez he lost his job and start his Calvary, different of the neighborhood atmosphere that Ismael Rodriguez put Infante in Nosotros Los Pobres , the poverty seems the main topic of the film and has some similitude with Rodriguez Film,only Silvia Pinal as the frivolous daughter of the good Andes Soler seems to be rebel of this condition and try to get a better life even against of one of the most value thing that one as a poor has, her morality and propose to her father obtain some benefits of Luis Aceves ,a Kind of gangster , and boss of her father in exchange for her sexual favors. Infante go to the jail,but Gonzalez don't show any scene of this and like Pepe el Toro he lost a son but no so tragically and consequence of this Gonzalez get some good intense scenes with Infante and Lopez that make at the end the film leaves a good taste",Spanish,Mexico,1 win & 2 nominations,https://m.media-amazon.com/images/M/MV5BM2Q1YzcwNTktNDI4NC00MjZjLWIzNGUtYjA2MDc1NDU4YTUyXkEyXkFqcGc@._V1_SX300.jpg,"[{'Source': 'Internet Movie Database', 'Value': '7.7/10'}]",N/A,7.7,246,tt0045090,movie,29 Sep 2005,N/A,N/A,N/A,True,CINE.pdf,
Un toke de roc,1988,N/A,N/A,100 min,N/A,Sergio Garcia,N/A,"Edna Aguilar, Gabriela Antinea, Guillermo Briseño","Four rebellious young Mexican women band together as outlaws in this film without audible dialogue, set to a soundtrack chiefly comprised of of Mexican rock &amp; roll.",Spanish,Mexico,N/A,https://m.media-amazon.com/images/M/MV5BYjg5ZGY1NjgtNDkzZC00ZjE3LWIwOWEtYjExOTk5Y2E3MzJmXkEyXkFqcGdeQXVyNjgyNjc4MTc@._V1_SX300.jpg,"[{'Source': 'Internet Movie Database', 'Value': '7.5/10'}]",N/A,7.5,15,tt0380026,movie,N/A,N/A,N/A,N/A,True,CINE.pdf,
"Una cita, una fiesta y un gato negro",2009,N/A,24 May 2012,90 min,Comedy,Ana Halabe,"Alejandro De Pasquale, Ana Halabe, Horacio Maldonado","Julieta Cardinali, Rita Cortese, Leonora Balcarce","Gabriela discovers that in three days her ideal marriage and thriving business are in grave danger, for the arrival of her old partner Felisa, who seems to attract bad luck.",Spanish,Argentina,N/A,https://m.media-amazon.com/images/M/MV5BNGQ4MTgyN2UtMzYzYi00NmE4LTk3MmItOTkyNTA5MzVkNGFiXkEyXkFqcGdeQXVyNjc5ODMyNzA@._V1_SX300.jpg,"[{'Source': 'Internet Movie Database', 'Value': '6.8/10'}]",N/A,6.8,25,tt1741278,movie,N/A,N/A,N/A,N/A,True,CINE.pdf,
La Vie En Rose,2007,PG-13,20 Jul 2007,140 min,"Biography, Drama, Music",Olivier Dahan,"Isabelle Sobelman, Olivier Dahan","Marion Cotillard, Sylvie Testud, Pascal Greggory","An un-chronological look at the life of the Little Sparrow, Édith Piaf (1915-1963). Her mother is an alcoholic street singer, her father a circus performer, her paternal grandmother a madam. During childhood she lives with each of them. At 20, she's a street singer discovered by a club owner who's soon murdered, coached by a musician who brings her to concert halls, and then quickly famous. Constant companions are alcohol and heartache. The tragedies of her love affair with Marcel Cerdan and the death of her only child belie the words of one of her signature songs, ""Non, je ne regrette rien."" The back and forth nature of the narrative suggests the patterns of memory and association.","French, English","France, United Kingdom, Czech Republic",Won 2 Oscars. 48 wins & 61 nominations total,https://m.media-amazon.com/images/M/MV5BODgwMDcyMTAtY2I5Yy00OWMyLTgyYzktYWExMTJkMzM1Yjg4XkEyXkFqcGc@._V1_SX300.jpg,"[{'Source': 'Internet Movie Database', 'Value': '7.5/10'}, {'Source': 'Rotten Tomatoes', 'Value': '50%'}, {'Source': 'Metacritic', 'Value': '66/100'}]",66,7.5,"92,777",tt0450188,movie,N/A,"$10,301,706",N/A,N/A,True,CINE.pdf,
Despertar,2014,N/A,19 Jun 2014,84 min,"Sci-Fi, Thriller",José María Cabral,José María Cabral,"Julietta Rodriguez, Karoline Becker, Loraida Bobadilla","What if your body is dead but your mind is still connected to your wife's memories? Rene discovers an accident that changed his life forever, he will have to decide whether he lives or dies with it.",Spanish,Dominican Republic,N/A,https://m.media-amazon.com/images/M/MV5BYmVkMGVhODMtMjUxZC00YjViLTg2MDktNDMzMWI2NGI2MTdhXkEyXkFqcGdeQXVyODU4MjAxOQ@@._V1_SX300.jpg,"[{'Source': 'Internet Movie Database', 'Value': '7.0/10'}]",N/A,7.0,36,tt3483752,movie,N/A,N/A,N/A,N/A,True,CINE.pdf,
Acto de violencia en una joven periodista,1988,N/A,N/A,N/A,"Action, Drama",Manuel Lamas,Manuel Lamas,"Blanca Gimenez, Vittorio Maganza, Gabriela Novasco, Carlos Regueiro",N/A,Spanish,Uruguay,N/A,https://m.media-amazon.com/images/M/MV5BYWFiNDdiYjctMjQ3ZC00M2E4LWJlMmQtODMzZGE3Y2ExYjNiXkEyXkFqcGdeQXVyMjc1MTY4NTg@._V1_SX300.jpg,"[{'Source': 'Internet Movie Database', 'Value': '7.9/10'}]",N/A,7.9,85,tt3753440,movie,N/A,N/A,N/A,N/A,True,CINE.pdf,
Un mundo mejor,2023,N/A,30 Sep 2023,92 min,Drama,Janett Juárez,Janett Juárez,"Raúl Briones, Mateo Díaz Garza, Sonia Franco","Víctor, takes refuge in another country after surviving a violent kidnapping where he clings to the monotony of self-confinement, but life is upended when he meets seven-year-old neighbor Santiago.","Spanish, English",Mexico,1 win,https://m.media-amazon.com/images/M/MV5BMDI3OGE5OTctOGMyOS00NjhjLTlmN2EtYzJjZGVhMzk1ZWEzXkEyXkFqcGdeQXVyODI1MzYzMg@@._V1_SX300.jpg,[],N/A,N/A,N/A,tt29276097,movie,N/A,N/A,N/A,N/A,True,CINE.pdf,
Una luz en la oscuridad,1997,N/A,01 Aug 1997,90 min,Drama,"Adolfo Martínez Solares, Roberto Palazuelos",Roberto Palazuelos,"Germán Bernal, Carlos Cámara, Florencia Ferret",N/A,Spanish,Mexico,N/A,https://m.media-amazon.com/images/M/MV5BNDYxNTczYTEtMDRjYS00Y2Y4LWE5MjItYjY2MzcxNDBhNDc5XkEyXkFqcGdeQXVyMTM0NzY0ODYw._V1_SX300.jpg,[],N/A,N/A,6,tt0250128,movie,N/A,N/A,N/A,N/A,True,CINE.pdf,
Una vida iluminada,2007,N/A,01 Apr 2007,40 min,Short,Andrés Habegger,Pablo Hofman,N/A,N/A,Spanish,Argentina,N/A,N/A,[],N/A,N/A,N/A,tt1008981,movie,N/A,N/A,N/A,N/A,True,CINE.pdf,
Una vida mejor,2008,N/A,01 Mar 2008,74 min,"Crime, Drama",Andrew James,Andrew James,"Brenda Acosta, Guy Adams, Merced Arcei","Welcome to America. The U.S. government has mandated the construction of a 2,000-mile long wall along the U.S./Mexico border and many Americans sport bumper stickers on their vehicles with slogans like, ""Stop the Invasion."" Una Vida Mejor (A Better Life) follows three families, each participating in the American experience, and each searching for their own version of the American dream. Two of the families have crossed the Mexican border illegally, and entered the United States in the midst of this social and political unrest. The film beautifully weaves the lives of these families together, forming a uniquely American tapestry of love, loss, and hardship. As the drama unfolds, the individual humanity behind the stark statistics and political rhetoric of the immigration issue is revealed and we find that the border between ""right"" and ""wrong"" is hopelessly blurred.","Spanish, English","United States, Mexico",1 win,https://m.media-amazon.com/images/M/MV5BMTIyNzE1OTU3MV5BMl5BanBnXkFtZTcwMDYzNjQ2MQ@@._V1_SX300.jpg,"[{'Source': 'Internet Movie Database', 'Value': '6.6/10'}]",N/A,6.6,64,tt1180574,movie,N/A,N/A,N/A,N/A,True,CINE.pdf,
Ruta 94 El Único Destino Posible,2016,N/A,N/A,N/A,Documentary,Margarita Guillé,N/A,N/A,N/A,Spanish,Mexico,N/A,N/A,[],N/A,N/A,N/A,tt6121604,movie,N/A,N/A,N/A,N/A,True,CINE.pdf,
Universal Soldier,1992,R,10 Jul 1992,102 min,"Action, Sci-Fi",Roland Emmerich,"Richard Rothstein, Christopher Leitch, Dean Devlin","Jean-Claude Van Damme, Dolph Lundgren, Ally Walker","An elite team of soldiers has been used against terrorists where they use astounding physical capabilities to overcome them. Victoria, a reporter, follows them and discovers a part of their secret. When one of the team kills her cameraman she tries to escape. Luc, one of the soldiers begins to have flashbacks and turns sides and helps her as the remainder of the team follows to protect their secrets.",English,United States,N/A,https://m.media-amazon.com/images/M/MV5BYTdmYzQ1YzYtMjFlYi00NGU2LWE2YTEtZDljMWNmYzBhMzFhXkEyXkFqcGc@._V1_SX300.jpg,"[{'Source': 'Internet Movie Database', 'Value': '6.1/10'}, {'Source': 'Rotten Tomatoes', 'Value': '34%'}, {'Source': 'Metacritic', 'Value': '35/100'}]",35,6.1,"100,384",tt0105698,movie,N/A,"$36,299,898",N/A,N/A,True,CINE.pdf,
Up in the Air,2009,R,23 Dec 2009,109 min,"Comedy, Drama, Romance",Jason Reitman,"Walter Kirn, Jason Reitman, Sheldon Turner","George Clooney, Vera Farmiga, Anna Kendrick","Ryan Bingham is a corporate downsizing expert whose cherished life on the road is threatened just as he is on the cusp of reaching ten million frequent flyer miles, and just after he's met the frequent-traveller woman of his dreams.",English,United States,Nominated for 6 Oscars. 75 wins & 171 nominations total,https://m.media-amazon.com/images/M/MV5BMTI3MzYxMTA4NF5BMl5BanBnXkFtZTcwMDE4ODg3Mg@@._V1_SX300.jpg,"[{'Source': 'Internet Movie Database', 'Value': '7.4/10'}, {'Source': 'Rotten Tomatoes', 'Value': '90%'}, {'Source': 'Metacritic', 'Value': '83/100'}]",83,7.4,"357,535",tt1193138,movie,N/A,"$83,823,381",N/A,N/A,True,CINE.pdf,
V/H/S,2012,R,06 Sep 2012,116 min,"Horror, Mystery, Thriller","Matt Bettinelli-Olpin, David Bruckner, Tyler Gillett","Brad Miska, Simon Barrett, David Bruckner","Calvin Lee Reeder, Lane Hughes, Adam Wingard","A POV, found footage horror film from the perspective of America's top genre filmmakers. A group of misfits are hired by an unknown third party to burglarize a desolate house in the countryside and acquire a rare tape. Upon searching the house, the guys are confronted with a dead body, a hub of old televisions and an endless supply of cryptic footage, each video stranger than the last.",English,United States,5 nominations total,https://m.media-amazon.com/images/M/MV5BMTUwODAxMzMwNF5BMl5BanBnXkFtZTcwMTk3MTQ5Nw@@._V1_SX300.jpg,"[{'Source': 'Internet Movie Database', 'Value': '5.8/10'}, {'Source': 'Rotten Tomatoes', 'Value': '56%'}, {'Source': 'Metacritic', 'Value': '54/100'}]",54,5.8,"72,489",tt2105044,movie,N/A,"$100,345",N/A,N/A,True,CINE.pdf,
Darkly,2016,N/A,N/A,N/A,N/A,Alessio Liguori,"Daniele Cosci (screenplay), Daniele Cosci (story), Simona Ferri (created by), Simona Ferri (story), Alessio Liguori (story)","Denise Tantucci, Demetra Bellina, Alessandro Danzi, Flaminia Fegarotti",N/A,English,Italy,N/A,https://m.media-amazon.com/images/M/MV5BM2JjZmI5NTAtODc4My00NjJmLWI3ZTYtZDJlMDQ2MjMwYmY5XkEyXkFqcGdeQXVyNzY1MTU5MjY@._V1_SX300.jpg,[],N/A,N/A,N/A,tt6693268,movie,N/A,N/A,N/A,N/A,True,CINE.pdf,
Instrucciones para una nueva vida,2008,N/A,N/A,N/A,Comedy,Jorge Vidal,"Héctor Caño, Jorge Vidal","Rubén Arias, Inés Castaño, Fernanda Mistral, Nikoleta Sekulovic","Seymour, an about-to-retire porn movies dubbing specialist, decides to set out to a farm to start a new life. In doing so, he publishes an ad in the newspaper posing the question ""Do you wanna change your life?""",Spanish,Spain,N/A,https://m.media-amazon.com/images/M/MV5BMjA1MDczNjAxMF5BMl5BanBnXkFtZTgwNzcxOTgyMjE@._V1_SX300.jpg,"[{'Source': 'Internet Movie Database', 'Value': '7.0/10'}]",N/A,7.0,6,tt1376203,movie,N/A,N/A,N/A,N/A,True,CINE.pdf,
Vanilla Sky,2001,R,14 Dec 2001,136 min,"Fantasy, Mystery, Romance",Cameron Crowe,"Alejandro Amenábar, Mateo Gil, Cameron Crowe","Tom Cruise, Penélope Cruz, Cameron Diaz","Incarcerated and charged with murder, David Aames Jr. is telling the story of how he got to where he is to McCabe, the police psychologist. That story includes: being the 51% shareholder of a major publishing firm, which he inherited from his long deceased parents; the firm's board, appointed by David Aames Sr., being the 49% shareholders who would probably like to see him gone as they see him as being too irresponsible and immature to run the company; his best bro friendship with author, Brian Shelby; his ""friends with benefits"" relationship with Julie Gianni, who saw their relationship in a slightly different light; his budding romance with Sofia Serrano, who Brian brought to David's party as his own date and who Brian saw as his own possible life mate; and being in an accident which disfigured his face and killed the person who caused the accident. But as the story proceeds, David isn't sure what is real and what is a dream/nightmare as many facets of the story are incompatible to be all real. The mysterious man in the restaurant may be able to shed some light on David's confusion.","English, Spanish","Spain, United States",Nominated for 1 Oscar. 5 wins & 34 nominations total,https://m.media-amazon.com/images/M/MV5BNTg5YmYyMzAtYmEzZi00MzA2LWIxMTMtZTc1N2ZjNTA3ZDU2XkEyXkFqcGc@._V1_SX300.jpg,"[{'Source': 'Internet Movie Database', 'Value': '6.9/10'}, {'Source': 'Rotten Tomatoes', 'Value': '41%'}, {'Source': 'Metacritic', 'Value': '45/100'}]",45,6.9,"306,691",tt0259711,movie,N/A,"$100,618,344",N/A,N/A,True,CINE.pdf,
Vegas Vacation,1997,PG,14 Feb 1997,93 min,Comedy,Stephen Kessler,"Elisa Bell, Bob Ducsay","Chevy Chase, Beverly D'Angelo, Randy Quaid","When Clark Griswold puts his mind to something, we soon realize he hasn't got one. Still, nothing stops him when the vacation bug hits. This time, he's chosen Las Vegas, the new family entertainment capital of America! Chevy Chase returns as bubbly, bumbling Clark in Vegas Vacation, a jokers-are-wild laugh fest including two other stars from past Vacations. Beverly D'Angelo is back as wife Ellen, doting on the guy she calls ""Sparky,"" and Randy Quaid again delights as grubby goof ball Cousin Eddie. Ethan Embry (That Thing You Do!) and screen-debuting Marisol Nichols are Griswold teens who love the round-the-clock nightlife - as long as they don't share it with Mom and Dad! From Seigfried and Roy's extravaganza to a Hoover Dam tour, from cruising to losing (Wallace Shawn as a shifty blackjack dealer) to amorous crooning (Wayne Newton falls for Ellen): watch Clark try to keep family and wallet together!",English,United States,1 nomination total,https://m.media-amazon.com/images/M/MV5BMTQwZmVkMGUtMWEzNi00N2MzLThkMDItZDI2YjJiYzMxZDEzXkEyXkFqcGc@._V1_SX300.jpg,"[{'Source': 'Internet Movie Database', 'Value': '5.9/10'}, {'Source': 'Rotten Tomatoes', 'Value': '15%'}, {'Source': 'Metacritic', 'Value': '20/100'}]",20,5.9,"55,888",tt0120434,movie,N/A,"$36,400,360",N/A,N/A,True,CINE.pdf,
Redención,2010,Not Rated,26 Mar 2010,110 min,Drama,"Juan Pablo Cortés, José Antonio Hernández","Juan Pablo Cortés, José Antonio Hernández","Rafael Cortes, Donal Cortés, Erika de la Llave","En el centro de Mexico, un edificio histórico esta siendo remodelado, causando el desalojo de sus habitantes. Las historias que cuentan un grupo de albañiles sirven de marco para que el responsable de esto comprenda la trascendencia de su decisión.",Spanish,Mexico,N/A,https://m.media-amazon.com/images/M/MV5BNmFlYWEyMWUtNmVmYS00NjhlLWEwZWUtMmM0YmIzNjBmYzU5XkEyXkFqcGdeQXVyMTk1MjA1NjU@._V1_SX300.jpg,"[{'Source': 'Internet Movie Database', 'Value': '6.8/10'}]",N/A,6.8,19,tt1410210,movie,N/A,N/A,N/A,N/A,True,CINE.pdf,
Veneno,2020,TV-MA,19 Nov 2020,2 min,"Biography, Drama",N/A,"Javier Ambrossi, Javier Calvo","Lola Rodríguez, Isabel Torres, Paca la Piraña",A biographical story of TV personality and transgender icon La Veneno and those who surrounded her.,Spanish,Spain,5 wins & 13 nominations total,https://m.media-amazon.com/images/M/MV5BNjNlYWE5ZGItMTJmZS00ZDAzLWE5NTktYzRkMWQxODllZDBkXkEyXkFqcGc@._V1_SX300.jpg,"[{'Source': 'Internet Movie Database', 'Value': '8.6/10'}]",N/A,8.6,"5,061",tt10383046,series,,,,,True,CINE.pdf,1
Vengadora,1969,N/A,N/A,N/A,Drama,Emmanuel H. Borlaza,"Emmanuel H. Borlaza (screenplay), Pablo S. Gomez (story)","Tito Arevalo, Edgar Bautista, Bert Castillo, Angel Confiado",N/A,"Tagalog, English, Filipino",Philippines,N/A,N/A,[],N/A,N/A,N/A,tt2254026,movie,N/A,N/A,N/A,N/A,True,CINE.pdf,
Vengador,2004,N/A,N/A,4 min,Short,Adriana Sasali,Adriana Sasali,N/A,N/A,Spanish,Argentina,N/A,N/A,[],N/A,N/A,N/A,tt0489868,movie,N/A,N/A,N/A,N/A,True,CINE.pdf,
"Valentina, la película",2008,TV-G,24 Jul 2008,75 min,"Animation, Family, Music",Eduardo Gondell,"Daniel García Molt, Eduardo Gondell, Esteban J. Szejer","Florencia Otero, Sebastián Francini, Natalie Pérez","Valentina and her friends are fun-loving, teenage girls. They shop, they have sleepovers and they dream about their first true love. When they decide to throw a spring bonfire party, they never expected it would turn into such an adventure!",Spanish,Argentina,N/A,https://m.media-amazon.com/images/M/MV5BOTFkNTIwMTItNDVlMC00ZTUxLWI0MjEtNjY3NjBlZjQzZjM2XkEyXkFqcGdeQXVyMDc3ODUxNg@@._V1_SX300.jpg,"[{'Source': 'Internet Movie Database', 'Value': '5.8/10'}]",N/A,5.8,28,tt1287507,movie,N/A,N/A,N/A,N/A,True,CINE.pdf,
Venganza letal,2012,N/A,10 Nov 2012,N/A,"Short, Horror",Aureli del Pozo,Aureli del Pozo,"Dr. Bismarck, Aureli del Pozo, Miss Peculiar",N/A,Spanish,Spain,N/A,N/A,[],N/A,N/A,N/A,tt5735674,movie,N/A,N/A,N/A,N/A,True,CINE.pdf,
Venus,2006,R,16 Feb 2007,95 min,"Comedy, Drama, Romance",Roger Michell,Hanif Kureishi,"Peter O'Toole, Jodie Whittaker, Leslie Phillips","Maurice Russell, once a great actor, is now living in London in the twilight of his life. Those of his generation remember him fondly, while those in the younger generations have no idea who he is. He spends most of his time hanging out with his friends Ian, also an actor, and Donald, or visiting with his wife Valerie for who he has great affection but with who he no longer lives. His acting career is virtually over, he only taking roles on the odd occasion when he needs the money. Ian has decided to invite his young great-niece Jessie from the provinces to come and stay with him, basically to act as his caregiver in case he falls ill, but also to be his companion. He envisions listening to Bach with her and her cooking him food to which he is accustomed. Jessie's stay is nothing as he envisions. She doesn't know how to cook, she drinks all his alcohol, and she has unrealistic visions of what she will accomplish in her life. Maurice, however, sees in Jessie, a person who can help him recapture part of his youth and vigor, including more fully realizing his thoughts of sex. Maurice calls her Venus, after one of his favorite paintings. As Maurice and Jessie spend more time together, they use each other to get what they want. But it isn't until Maurice approaches the end of his life will either understand if what they have is true friendship.",English,United Kingdom,Nominated for 1 Oscar. 4 wins & 21 nominations total,https://m.media-amazon.com/images/M/MV5BMTQ1ODQ4MDg0OV5BMl5BanBnXkFtZTcwOTk5NDQ0MQ@@._V1_SX300.jpg,"[{'Source': 'Internet Movie Database', 'Value': '7.1/10'}, {'Source': 'Rotten Tomatoes', 'Value': '88%'}, {'Source': 'Metacritic', 'Value': '82/100'}]",82,7.1,"13,806",tt0489327,movie,N/A,"$3,347,411",N/A,N/A,True,CINE.pdf,
La ventana indiscreta,2007–,N/A,30 Jun 2007,50 min,Comedy,N/A,N/A,"Zack Niizato, Pilar Rubio",N/A,Spanish,Spain,N/A,N/A,[],N/A,N/A,N/A,tt1066393,series,,,,,True,CINE.pdf,3
Vergüenza,2024,N/A,24 Mar 2024,128 min,"Crime, Drama, Thriller",Miguel Salgado,"Alfredo Mendoza, Miguel Salgado, Francisco Vargas","Myriam Bravo, Fernando Cuautle, Juan Ramón López","It tells the story of friends Pedro and Lucio, who were kidnapped and had to engage in a deadly battle with each other in order to survive.",Spanish,Mexico,2 wins & 1 nomination,https://m.media-amazon.com/images/M/MV5BNDg4OTlkZmItZDViNy00NmUzLWFjNzQtZmJkNzg0NmU2YWI0XkEyXkFqcGc@._V1_SX300.jpg,[],N/A,N/A,15,tt12286880,movie,N/A,N/A,N/A,N/A,True,CINE.pdf,
Barney's Version,2010,R,18 Feb 2011,134 min,"Comedy, Drama",Richard J. Lewis,"Mordecai Richler, Michael Konyves","Paul Giamatti, Rosamund Pike, Jake Hoffman","Take a ride through the life and memories of Barney Panofsky, a hard-drinking, cigar-smoking, foulmouthed 65-year old hockey fanatic and television producer, as he reflects on his life's successes and (numerous) gaffes and failures as the final chapters of his own existence come sharply into focus.","English, French","Italy, Canada",Nominated for 1 Oscar. 18 wins & 19 nominations total,https://m.media-amazon.com/images/M/MV5BMTM4MTUwNDg0OF5BMl5BanBnXkFtZTcwMjUyODYxNA@@._V1_SX300.jpg,"[{'Source': 'Internet Movie Database', 'Value': '7.3/10'}, {'Source': 'Rotten Tomatoes', 'Value': '77%'}, {'Source': 'Metacritic', 'Value': '67/100'}]",67,7.3,"26,784",tt1423894,movie,N/A,"$4,439,201",N/A,N/A,True,CINE.pdf,
Willy Fog en viaje al centro de la Tierra,1995,TV-Y,N/A,75 min,"Animation, Adventure, Comedy",Claudio Biern Boyd,"Rafael Soler, Jules Verne",N/A,"Millionaire lion Willy Fog and his friends travel to the strange uncharted depths of the planet, encountering plenty of dangerous obstacles on the way.",Spanish,Spain,N/A,https://m.media-amazon.com/images/M/MV5BZDBlYmNhNGQtNWRlYy00MWZhLWI5NDYtOWE3YWU2NGU4OTgyXkEyXkFqcGc@._V1_SX300.jpg,[],N/A,N/A,35,tt27518641,movie,N/A,N/A,N/A,N/A,True,CINE.pdf,
La Vía Láctea,2016,N/A,13 Sep 2016,8 min,"Short, Family, Fantasy",Andrés Guevara,Andrés Guevara,"Anderson Balsero, Nelson Camayo, Nicolás Manrique, Julieth Restrepo",N/A,Spanish,Colombia,N/A,N/A,[],N/A,N/A,N/A,tt6001680,movie,N/A,N/A,N/A,N/A,True,CINE.pdf,
Vicky Cristina Barcelona,2008,PG-13,15 Aug 2008,96 min,"Comedy, Drama, Romance",Woody Allen,Woody Allen,"Rebecca Hall, Scarlett Johansson, Javier Bardem","Sexually adventurous Cristina and her friend Vicky, who is bright but cautious, holiday in Barcelona where they meet the celebrated and wholly seductive painter, Juan Antonio. Vicky is not about to dive into a sexual adventure being committed to her forthcoming marriage. But Cristina is immediately captivated by Juan Antonio's free spirit and his romantic allure is enhanced when she hears the delicious details of his divorce from fellow artist, the tempestuous Maria Elena.","English, Spanish","Spain, United States",Won 1 Oscar. 32 wins & 54 nominations total,https://m.media-amazon.com/images/M/MV5BOGYyZTllMmUtZDFmYS00ZjJhLThhNmEtZmQwYzkzNjkyNzhlXkEyXkFqcGc@._V1_SX300.jpg,"[{'Source': 'Internet Movie Database', 'Value': '7.1/10'}, {'Source': 'Rotten Tomatoes', 'Value': '80%'}, {'Source': 'Metacritic', 'Value': '70/100'}]",70,7.1,"275,462",tt0497465,movie,N/A,"$23,216,709",N/A,N/A,True,CINE.pdf,
Monty Python's Life of Brian,1979,R,17 Aug 1979,94 min,Comedy,Terry Jones,"Graham Chapman, John Cleese, Terry Gilliam","Graham Chapman, John Cleese, Michael Palin","The story of Brian of Nazareth (Graham Chapman), born on the same day as Jesus of Nazareth, who takes a different path in life that leads to the same conclusion. Brian joins a political resistance movement aiming to get the Romans out of Judea. Brian scores a victory of sorts when he manages to paint political slogans on an entire wall in the city of Jerusalem. The movement is not very effective but somehow Brian becomes a prophet and gathers his own following. His fate is sealed however and he lives a very short life.","English, Latin",United Kingdom,N/A,https://m.media-amazon.com/images/M/MV5BNDMzY2E4NjEtMTJiZC00Y2UzLWFiM2MtZWVhNTg5OGQxNjk1XkEyXkFqcGc@._V1_SX300.jpg,"[{'Source': 'Internet Movie Database', 'Value': '8.0/10'}, {'Source': 'Rotten Tomatoes', 'Value': '96%'}, {'Source': 'Metacritic', 'Value': '77/100'}]",77,8.0,"433,485",tt0079470,movie,N/A,"$20,206,622",N/A,N/A,True,CINE.pdf,
La vida de nadie,2002,PG-13,21 Feb 2003,103 min,"Drama, Mystery, Thriller",Eduard Cortés,"Eduard Cortés, Piti Español","Jose Coronado, Adriana Ozores, Marta Etura","I just watched this movie at the Santo Domingo International Film Festival. While watching the movie I had the feeling that I have seen a movie with a similar story before...a movie with Ray Liotta but I can't remember much of it. Of course, this one is a lot more dramatic, especially at the end.This is the story: Emilio's life becomes a lie that he can not longer sustain. After 20 years lying about his entire life to his wife, son and all the people he knows, the truth is chasing him and there is nowhere to go.Watching Emilio make up lies is exiting and funny but after a while you get tired of the same thing...the affair with a young girl was supposed to ad something but it doesn't. Despite that the movie is still funny, exiting and involving. Either it makes you want to help Emilio with his lies or help everybody else catch him. I liked the analogies, photography and the good performances.7.5 out of 10.",Spanish,Spain,2 wins & 5 nominations total,https://m.media-amazon.com/images/M/MV5BYzIyNzgwNDItMDVmYy00MGRlLWFiYTAtOTM0MGQ5MzcyMGM0XkEyXkFqcGc@._V1_SX300.jpg,"[{'Source': 'Internet Movie Database', 'Value': '7.0/10'}]",N/A,7.0,"1,149",tt0339862,movie,N/A,N/A,N/A,N/A,True,CINE.pdf,
La vida inútil de Pito Pérez,1970,N/A,15 Sep 1970,149 min,"Adventure, Comedy, Drama",Roberto Gavaldón,"Edmundo Báez, Roberto Gavaldón, José Rubén Romero","Ignacio López Tarso, Lucha Villa, Lilia Prado",N/A,Spanish,Mexico,N/A,https://m.media-amazon.com/images/M/MV5BYTIyZDE2OGItMTFmMC00OWFhLThkYWEtOTExZGEyMzdhZTY4XkEyXkFqcGc@._V1_SX300.jpg,"[{'Source': 'Internet Movie Database', 'Value': '7.0/10'}]",N/A,7.0,54,tt0170766,movie,N/A,N/A,N/A,N/A,True,CINE.pdf,
Venganza mortal,1995,N/A,N/A,N/A,Action,Ramiro Meléndez,"Karla Barahona, Lorena Barahona, Manolo Cárdenas","Fernando Almada, Sebastian Ligarde, Karla Barahona",N/A,Spanish,Mexico,N/A,https://m.media-amazon.com/images/M/MV5BZGU2MTIzOWQtNjA0Mi00NTZjLWFlOWYtMDQwOGJiNDVkMzUxXkEyXkFqcGc@._V1_SX300.jpg,[],N/A,N/A,N/A,tt0261385,movie,N/A,N/A,N/A,N/A,True,CINE.pdf,
Amo,2017–2018,TV-MA,09 Apr 2018,N/A,"Crime, Drama",N/A,N/A,"Rhea Jai Fernandez, Vince Rillon, Felix Roco","Set amidst the height of the Philippine government's crackdown on illegal drugs, high-school student Joseph gets tangled up in the chaotic underworld of drugs and corruption.","Filipino, Tagalog",Philippines,N/A,https://m.media-amazon.com/images/M/MV5BNDMxZTE3YzYtNzQ1NS00YzI2LWFiMTUtNTIwYWQ1ZDI1MDFjXkEyXkFqcGc@._V1_SX300.jpg,"[{'Source': 'Internet Movie Database', 'Value': '6.4/10'}]",N/A,6.4,455,tt7218736,series,,,,,True,CINE.pdf,1
El vampiro,1957,N/A,N/A,95 min,"Mystery, Thriller, Horror",Fernando Méndez,"Ramón Obón, Ramon Rodriguez","Abel Salazar, Ariadne Welter, Carmen Montejo","A pretty young Mexican girl returns to her hometown to make funeral arrangements for her beloved aunt, who has just died. Soon she begins to hear disturbing stories about the town being infested by vampires, and she eventually begins to suspect that her remaining aunt and the mysterious next=door neighbor may be involved.",Spanish,Mexico,N/A,https://m.media-amazon.com/images/M/MV5BMjdlNmFmYTgtMzc3Yy00Mzg1LWFlMjMtNWI2OGQ5NDQyNzIxXkEyXkFqcGdeQXVyODY5Njk4Njc@._V1_SX300.jpg,"[{'Source': 'Internet Movie Database', 'Value': '6.9/10'}]",N/A,6.9,996,tt0051151,movie,N/A,N/A,N/A,N/A,True,CINE.pdf,
Ghost River,2014,Unrated,09 Oct 2014,85 min,Horror,Jessica Angelica,N/A,"Maria Farida, Chant Felicia, Gampo Iswardana",Flora is depressed because her mother is overprotective. Her boyfriend Danu invites Flora to stay in his empty house with their friends Bella and Marcell. Flora has a seizure and dies instantly near the Ciliwung River.,Indonesian,Indonesia,N/A,https://m.media-amazon.com/images/M/MV5BOWIwNjBlNTYtZWM4OC00NGZiLTg5NTItOGRmNjhjNjg2ZTExXkEyXkFqcGdeQXVyMTM1NTM4MzQx._V1_SX300.jpg,[],N/A,N/A,N/A,tt20230326,movie,N/A,N/A,N/A,N/A,True,CINE.pdf,
"El escritor, el viejo y el mar",1976,N/A,N/A,12 min,"Short, Documentary",Tucho Rodríguez,Tucho Rodríguez,N/A,N/A,N/A,Spain,N/A,N/A,[],N/A,N/A,N/A,tt0257638,movie,N/A,N/A,N/A,N/A,True,CINE.pdf,
El violín de piedra,2015,N/A,24 Sep 2015,72 min,Drama,Emilio Ruiz Barrachina,N/A,"Carlos Álvarez-Nóvoa, Eva Gamallo, Enric Francés",N/A,Spanish,Spain,N/A,https://m.media-amazon.com/images/M/MV5BMDFlMzI2NmItNmM0OS00ODBkLThlYTEtZWJiMjIzNjlkYzRiXkEyXkFqcGdeQXVyNDc2NjEyMw@@._V1_SX300.jpg,"[{'Source': 'Internet Movie Database', 'Value': '7.5/10'}]",N/A,7.5,28,tt4624722,movie,N/A,N/A,N/A,N/A,True,CINE.pdf,
Making of 'La Virgen de los sicarios',1999,N/A,N/A,45 min,Documentary,Luis Ospina,Luis Ospina,N/A,"Documentary on the making of the film, Our Lady of the Assassins, by Barbet Schroeder.",French,"France, Colombia",N/A,N/A,[],N/A,N/A,N/A,tt9916162,movie,N/A,N/A,N/A,N/A,True,CINE.pdf,
Victorio,2008,Not Rated,06 May 2011,88 min,Drama,"Alex Noppel, Armando Croda",Elizabeth Figueroa,"Roberto Sosa, Carmen Salinas, Luis Fernando Peña","A reckless Mara gang member and a beauty who knows no fear look into each other's eyes and fall in love forever. Victorio would sacrifice anything for Gabriela, and together they try to escape from a hostile world to which they no longer belong. A story of redemption, drama and action, where only love can overcome all obstacles. This film is dedicated to all those who, in spite of being marginalized, have not given up on their dreams.",Spanish,Mexico,2 nominations,https://m.media-amazon.com/images/M/MV5BYzFhNzQyOTktMmMyNC00N2FkLWFlYzEtN2FmZDM2ZjlkYmJjXkEyXkFqcGdeQXVyMTk4MDgwNA@@._V1_SX300.jpg,"[{'Source': 'Internet Movie Database', 'Value': '6.9/10'}]",N/A,6.9,79,tt1282499,movie,N/A,N/A,N/A,N/A,True,CINE.pdf,
Viridiana,1961,Not Rated,19 Mar 1962,91 min,Drama,Luis Buñuel,"Julio Alejandro, Luis Buñuel, Benito Pérez Galdós","Silvia Pinal, Francisco Rabal, Fernando Rey","Viridiana, a young novice about to take her final vows as a nun, accedes, moved purely by a sense of obligation, to a request from her widowed uncle to visit him. Stirred by her resemblance to his late wife, he attempts to seduce her and tragedy ensues. In the aftermath, Viridiana tries to assuage her guilt by creating a haven for the destitute folk who live around her uncle's estate. But little good comes from these good intentions.","Spanish, English","Mexico, Spain",2 wins & 1 nomination total,https://m.media-amazon.com/images/M/MV5BYjlkMWI3NjEtZmE3NC00OWFjLWFkY2YtZTA1NWE4N2MzNTNmXkEyXkFqcGc@._V1_SX300.jpg,"[{'Source': 'Internet Movie Database', 'Value': '8.0/10'}, {'Source': 'Rotten Tomatoes', 'Value': '97%'}]",N/A,8.0,"27,389",tt0055601,movie,N/A,N/A,N/A,N/A,True,CINE.pdf,
Vitus,2006,PG,07 Dec 2006,123 min,"Drama, Music",Fredi M. Murer,"Peter Luisi, Fredi M. Murer, Lukas B. Suter","Fabrizio Borsani, Bruno Ganz, Teo Gheorghiu","The film tells the story of a highly-gifted boy whose parents have demanding and ambitious plans for him - they want him to become a pianist. However, one day the boy, Vitus, is no longer willing to comply with his parents' plans and ambitions because he wants to follow his own star.","Swiss German, English, German",Switzerland,3 wins & 1 nomination,https://m.media-amazon.com/images/M/MV5BMjE1Nzk4NDM0MF5BMl5BanBnXkFtZTYwMTE0MzY3._V1_SX300.jpg,"[{'Source': 'Internet Movie Database', 'Value': '7.6/10'}, {'Source': 'Rotten Tomatoes', 'Value': '68%'}, {'Source': 'Metacritic', 'Value': '63/100'}]",63,7.6,"5,234",tt0478829,movie,N/A,"$187,480",N/A,N/A,True,CINE.pdf,
La víspera,1982,N/A,N/A,N/A,N/A,Alejandro Pelayo,N/A,"Ernesto Gómez Cruz, Ignacio Retes, María Rojo",N/A,Spanish,Mexico,4 wins & 1 nomination,https://m.media-amazon.com/images/M/MV5BYThlOTI5MjktNzkxNS00MTk3LWE0MDItMjVjNWIzNTkwM2E4XkEyXkFqcGdeQXVyNTA5NjMzMw@@._V1_SX300.jpg,"[{'Source': 'Internet Movie Database', 'Value': '6.2/10'}]",N/A,6.2,17,tt0084879,movie,N/A,N/A,N/A,N/A,True,CINE.pdf,
Viva el amor,2002,N/A,16 Feb 2002,N/A,Romance,N/A,N/A,"Marian Cantú, Arath de la Torre, Sara Maldonado, Galilea Montijo",N/A,Spanish,Mexico,N/A,N/A,[],N/A,N/A,N/A,tt0787240,movie,N/A,N/A,N/A,N/A,True,CINE.pdf,
Viva Zapata!,1952,Approved,13 Feb 1952,113 min,"Biography, Drama, History",Elia Kazan,"John Steinbeck, Edgecumb Pinchon","Marlon Brando, Jean Peters, Anthony Quinn","In 1909, Emiliano Zapata, a well-born but penniless Mexican Mestizo from the southern state of Morelos, comes to Mexico City to complain that their arable land has been enclosed, leaving them only in the barren hills. His expressed dissatisfaction with President Diaz's response puts him in danger, and when he rashly rescues a prisoner from the local militia, he becomes an outlaw. Urged on by a strolling intellectual, Fernando, he supports the exiled Don Francisco Madero against Diaz and becomes the leader of his forces in the South as Francisco 'Pancho' Villa is in the North. Diaz flees, and Madero takes his place, but he is a puppet president in the hands of the army leader Huerta, who has him assassinated when he tries to express solidarity for the men who fought for him. Zapata and Villa return to arms; successful in victory, they seek a leader for the country. Zapata unwillingly takes a job, but later he responds to petitioners from his own village with no more reassurance than Diaz had years before. Realizing that with power his idealism has gone, he returns with them to Morelos, specifically to investigate their complaints against his brother Eufemio. New leaders take his place and, egged on by indomitable Fernando, they decide that Zapata is a threat to their regime.","English, Spanish","United States, Mexico",Won 1 Oscar. 3 wins & 9 nominations total,https://m.media-amazon.com/images/M/MV5BMDkxM2NkNDMtMTk5OS00N2UzLWJiZWUtZmRjZDJjMGMzZWU3XkEyXkFqcGc@._V1_SX300.jpg,"[{'Source': 'Internet Movie Database', 'Value': '7.3/10'}, {'Source': 'Rotten Tomatoes', 'Value': '53%'}]",N/A,7.3,"12,681",tt0045296,movie,N/A,N/A,N/A,N/A,True,CINE.pdf,
La Viuda Negra,2014–2016,TV-14,23 Feb 2014,N/A,"Crime, Drama",N/A,N/A,"Ana Serradilla, Julián Román, Juan Pablo Gamboa","""The Black Widow"" is based on the life of Griselda Blanco. This Colombian novela walks you through the life of the infamous Griselda Blanco, a Cocain Kingpin in the early 1980's.",Spanish,"Colombia, Mexico, United States",N/A,https://m.media-amazon.com/images/M/MV5BN2U5OWZmYTAtMDg5ZC00ZjRkLWIyOTUtMzFiYWNhOTlmOGQ3XkEyXkFqcGc@._V1_SX300.jpg,"[{'Source': 'Internet Movie Database', 'Value': '7.1/10'}]",N/A,7.1,297,tt3275706,series,,,,,True,CINE.pdf,2
Volver,2006,R,26 Jan 2007,121 min,"Comedy, Drama",Pedro Almodóvar,Pedro Almodóvar,"Penélope Cruz, Carmen Maura, Lola Dueñas","Raimunda, her daughter Paula and her sister Sole travel from Madrid to the windy and superstitious village of Alcanfor de las Infantas to visit the grave of their mother Irene, who died years ago in a fire with her husband. Then they visit Irene's sister Paula, an old senile aunt that raised Raimunda after the death of her parents that insists to tell them that Irene is alive and living with her; later, they go to the house of her neighbor and friend Agustina, who gives a support to Paula. They return to Madrid, and after a hard day of work, Raimunda meets her daughter completely distraught at the bus stop waiting for her. When they arrive home, Paula tells her mother that she killed her unemployed father Paco, who was completely drunk and tried to rape her. While Raimunda hides his body, Sole calls her to tell that their beloved aunt Paula has died. The next morning, Sole travels alone to the funeral, and when she returns to Madrid, she finds her mother hidden in the trunk of her car. She brings Irene to her apartment, where secrets from the past are disclosed.",Spanish,"Spain, United Kingdom",Nominated for 1 Oscar. 61 wins & 94 nominations total,https://m.media-amazon.com/images/M/MV5BMjA0NTUxMjY1OV5BMl5BanBnXkFtZTcwNjI2OTMzMQ@@._V1_SX300.jpg,"[{'Source': 'Internet Movie Database', 'Value': '7.6/10'}, {'Source': 'Rotten Tomatoes', 'Value': '91%'}, {'Source': 'Metacritic', 'Value': '84/100'}]",84,7.6,"112,274",tt0441909,movie,N/A,"$12,899,867",N/A,N/A,True,CINE.pdf,
Volverás,2002,N/A,04 Oct 2002,102 min,Drama,Antonio Chavarrías,"Francisco Casavella, Antonio Chavarrías","Tristán Ulloa, Unax Ugalde, Elizabeth Cervantes","Ignacio, a brilliant architectural student with a stable life, has not seen his troublesome older brother Carlos for more than six years. When they meet again, he finds out that Carlos has problems with the gambling debts, so he decides to try to help him, even putting his life in danger, before leaving with a scholarship that he has managed to go to study in Los Angeles.",Spanish,"Spain, Mexico",7 wins & 4 nominations total,https://m.media-amazon.com/images/M/MV5BNTVlYmEzMjctZmZjMC00M2U2LWFhYmYtZDc4NWY3ODhjYTM5XkEyXkFqcGc@._V1_SX300.jpg,"[{'Source': 'Internet Movie Database', 'Value': '6.5/10'}]",N/A,6.5,235,tt0338537,movie,N/A,N/A,N/A,N/A,True,CINE.pdf,
Los vuelcos del corazón,1996,N/A,18 Oct 1996,130 min,"Drama, Romance",Mitl Valdez,"José Revueltas, Mitl Valdez","Martin Barraza, Arturo Beristáin, Rosa María Bianchi",N/A,Spanish,Mexico,6 nominations,https://m.media-amazon.com/images/M/MV5BZmYxMzQyNmEtYzUwNi00ZTc0LWFiNjAtY2I0ODQzNThlYTlmXkEyXkFqcGc@._V1_SX300.jpg,"[{'Source': 'Internet Movie Database', 'Value': '6.6/10'}]",N/A,6.6,22,tt0111645,movie,N/A,N/A,N/A,N/A,True,CINE.pdf,
El vuelo de la cigüeña,1979,N/A,13 Sep 1979,91 min,"Comedy, Drama",Julián Pastor,"Julián Pastor, Juan Prosper","Pedro Armendáriz Jr., José Alonso, Gloria Marín","This comedy is about a family girl (Rosalía Valdés) with conservative parents who flirted with three men: a cinematographer (Pedro Armendariz Jr.), a political activist student (José Alonso), and a mediocre employ (Fernando Balzaretti). She gets pregnant by who?",Spanish,Mexico,N/A,https://m.media-amazon.com/images/M/MV5BZTU3MDk0NzgtOWMwZC00MzY2LWIyZjQtZGRkNjYxNjBhZTYwXkEyXkFqcGc@._V1_SX300.jpg,"[{'Source': 'Internet Movie Database', 'Value': '5.9/10'}]",N/A,5.9,57,tt0255686,movie,N/A,N/A,N/A,N/A,True,CINE.pdf,
Willy Fog: la vuelta al mundo en 80 días,1995,N/A,N/A,75 min,"Animation, Adventure, Family",Claudio Biern Boyd,N/A,N/A,N/A,Spanish,Spain,N/A,https://m.media-amazon.com/images/M/MV5BZjYxY2I4ZTYtYjczZC00YTRkLWI4ZjEtMjE5NTk1ZTVhYTAyXkEyXkFqcGdeQXVyMTYzMjc0Nzc3._V1_SX300.jpg,[],N/A,N/A,9,tt30766900,movie,N/A,N/A,N/A,N/A,True,CINE.pdf,
Vuelve a la vida,2010,N/A,04 Mar 2011,N/A,Documentary,Carlos Hagerman,"John Grillo, Carlos Hagerman","Roberto Balderas, John Grillo, Alejandro Martinez","How did a poor Mexican scuba diver get to marry an American top model? What was she looking for when she drove from New York to Acapulco with her 3 year old son? What happened to that white freckly boy who grew up in a world that reminded him everyday that he was a foreigner? Using a legendary shark hunt in the late seventies as our story's core, we will meet the Martinez Sidney family and discover the secrets of their peculiar past. They will also show us a bigger picture of a new view of the Mexican-American relationship.","Spanish, English",Mexico,1 nomination,https://m.media-amazon.com/images/M/MV5BMzU4M2IyYzctM2JmNC00ZDlkLWI5YTctMGI1MTE3OTU0Y2ExXkEyXkFqcGdeQXVyNjkwMzQwMDk@._V1_SX300.jpg,"[{'Source': 'Internet Movie Database', 'Value': '8.0/10'}]",N/A,8.0,61,tt1616199,movie,N/A,N/A,N/A,N/A,True,CINE.pdf,
Vidas errantes,1985,N/A,19 Sep 1985,95 min,"Adventure, Drama",Juan Antonio de la Riva,"Tomás Pérez Turrent, Juan Antonio de la Riva","José Carlos Ruiz, Ignacio Guadalupe, Gabriela Olivo de Alba","This Mexican-produced feature film, confined in its setting to the largely mountainous State of Durango in Mexico, portrays the adventures of a two man coalition, Francisco (José Carlos Ruiz) and his young assistant Guillermo (Ignacio Guadalupe) who, in an artless but brave venture, endeavour to construct a motion picture theatre in a rural community, San Miguel de Cruces, thereby mirroring incidents from within the early life of the work's director, Juan Antonio De La Riva, at the helm here for his initial feature effort. To earn money for their prospective theatre, the pair travel to many small villages, exhibiting Mexican classical films, thus pleasing local populations who enjoy no other form of entertainment and, as their association becomes more intimate, Francisco reveals that his father was also an itinerant exhibitor of films throughout the same region, their activity clearly becoming a form of homage to his parent with clips from exhibited pictures clearly alluding to Francisco's own pilgrimage. The most interesting segments of the film will be those that demonstrate the skills required by the two men as they busy themselves with setting up and showing the motion pictures, a craft that Francisco had learned from his father (De La Riva was literally born in a projection room). As the two progress through the humble communities in the mountainous Sierra de Durango, Guillermo becomes romantically involved with a young woman from one of the villages, Josefina (Josefina González), who enthusiastically becomes an adherent of the men as they must face several crises that test their potential as future cinematic entrepreneurs. Shot in 35mm., the piece was a favourite with film festival enthusiasts in Spain and much of Latin America, winning the honour as Best Film at the former nation's San Sebastian Festival. After successfully directing several short works, De La Riva enjoyed, following this initial feature's showings, heightened interest in his output with both critics and audiences. His father's history supplied the storyline and dialogue here, while the creative compositions of cinematographer Leoncio ""Cuco"" Villarias and music from Antonio Avitia are invaluable in accentuating the plot line. In sum, this is quite a simple narrative, that being both the film's principal strength, and weakness as well. The production's milieu will be of some interest to viewers who might not be familiar with the State of Durango, but the storyline is only seldom charged with any sort of character development that might absorb an attentive audience. When the two principals encounter problem situations, director/writer De La Riva is hard pressed to formulate a stopping point for this overly discursive affair. Released by Desert Mountain Media as a full-screen DVD, the package includes biographies, and available English subtitles for this Spanish language piece that are quite accurate. Both visual and sound quality are excellent.",Spanish,Mexico,3 wins & 7 nominations,https://m.media-amazon.com/images/M/MV5BN2MzOWM0ZTctNmI1Yy00NjY4LWE5YjYtYzAyMGM1NTAxN2I4XkEyXkFqcGdeQXVyODY5Njk4Njc@._V1_SX300.jpg,"[{'Source': 'Internet Movie Database', 'Value': '6.8/10'}]",N/A,6.8,46,tt0088352,movie,N/A,N/A,N/A,N/A,True,CINE.pdf,
Las vidas de Celia,2006,N/A,19 Jan 2007,101 min,Drama,Antonio Chavarrías,Antonio Chavarrías,"Najwa Nimri, Luis Tosar, Daniel Giménez Cacho",N/A,Spanish,"Spain, Mexico",2 nominations,https://m.media-amazon.com/images/M/MV5BNjIyODg3NDc5OF5BMl5BanBnXkFtZTcwNTU3MDg5MQ@@._V1_SX300.jpg,"[{'Source': 'Internet Movie Database', 'Value': '5.4/10'}]",N/A,5.4,197,tt0470587,movie,N/A,N/A,N/A,N/A,True,CINE.pdf,
Virus,1999,R,15 Jan 1999,99 min,"Action, Horror, Sci-Fi",John Bruno,"Chuck Pfarrer, Dennis Feldman","Jamie Lee Curtis, Donald Sutherland, William Baldwin","When a typhoon cripples their boat, the crew sails into the eye of the storm, where they discover a high-tech Russian communications and research vessel adrift. Only one Russian crew member is still alive, raving about ""intelligent lightning."" They soon discover that an alien life form has taken over the ship's computers and is churning out mechanical warriors. With their own boat destroyed, the crew must battle the creature as the ship reenters the storm.","English, Russian","United Kingdom, France, Germany, Japan, United States",N/A,https://m.media-amazon.com/images/M/MV5BNDUzMGYzYjgtZWE2Ni00MjFmLWEyOGYtMmEzM2JjOGFiNjZmXkEyXkFqcGc@._V1_SX300.jpg,"[{'Source': 'Internet Movie Database', 'Value': '5.1/10'}, {'Source': 'Rotten Tomatoes', 'Value': '14%'}, {'Source': 'Metacritic', 'Value': '19/100'}]",19,5.1,"31,516",tt0120458,movie,N/A,"$14,036,005",N/A,N/A,True,CINE.pdf,
Water,2005,PG-13,26 May 2006,117 min,Drama,Deepa Mehta,"Deepa Mehta, Anurag Kashyap","Lisa Ray, John Abraham, Seema Biswas","A thesis picture. In 1938, Gandhi's party is making inroads in women's rights. Chuyia, a child already married but living with her parents, becomes a widow. By tradition, she is unceremoniously left at a bare and impoverished widows' ashram, beside the Ganges during monsoon season. The ashram's leader pimps out Kalyani, a young and beautiful widow, for household funds. Narayan, a follower of Gandhi, falls in love with her. Can she break with tradition and religious teaching to marry him? The ashram's moral center is Shakuntala, deeply religious but conflicted about her fate. Can she protect Kalyani or Chuyia? Amid all this water, is rebirth possible or does tradition drown all?","Hindi, Sanskrit, English","Canada, United States, India",Nominated for 1 Oscar. 17 wins & 18 nominations total,https://m.media-amazon.com/images/M/MV5BMmY1ZWYyMmItYWM5ZC00MjhhLWIwY2QtYmY2NDA1NzY2NzVkXkEyXkFqcGc@._V1_SX300.jpg,"[{'Source': 'Internet Movie Database', 'Value': '7.6/10'}, {'Source': 'Rotten Tomatoes', 'Value': '90%'}, {'Source': 'Metacritic', 'Value': '77/100'}]",77,7.6,"15,660",tt0240200,movie,N/A,"$5,529,144",N/A,N/A,True,CINE.pdf,
Tales of the Black Freighter,2009,R,24 Mar 2009,26 min,"Animation, Short, Action, Adventure, Horror","Daniel DelPurgatorio, Mike Smith","Alex Tse, Zack Snyder, Dave Gibbons (based on the graphic novel ""Watchmen"" co-created by)","Gerard Butler, Jared Harris, Lori Tritel, Siobhan Flynn","A mariner survives an attack from the dreaded pirates of the Black Freighter, but his struggle to return home to warn it has a horrific cost.",English,USA,N/A,https://m.media-amazon.com/images/M/MV5BMTQ0MWJlMWEtMzIxMi00ZjNlLTk5N2EtZTAxMmU0Yjg5NjIxXkEyXkFqcGdeQXVyNTAyODkwOQ@@._V1_SX300.jpg,"[{'Source': 'Internet Movie Database', 'Value': '7.1/10'}]",N/A,7.1,"6,417",tt1295071,movie,N/A,N/A,N/A,N/A,True,CINE.pdf,
Todos quieren con Marilyn,2004–,N/A,14 Apr 2004,N/A,"Drama, Romance",N/A,Claudia Liliana García,"Scarlet Ortiz, Jorge Reyes, Cristina Umaña","Marilyn is the star at The Divas, a high-class bordello. She does her work, and doesn't care about anything else. Juan Ignacio Camacho, a lawyer in a prestigious law office, is close to marrying Lorenza Pachón, a virgin, well behaved young woman. That will be good for his status, and he doesn't bother about lying when it helps him achieve results. During his bachelor party, he meets Marilyn and they fall in love. Johanna aka Brigitte is Marilyn's rival at The Divas. The two rivals clash in the ritzy establishment The Divas. That's nothing compared with the troubles waiting for Juan next.",Spanish,Colombia,3 wins,https://m.media-amazon.com/images/M/MV5BODA3MDQyZDUtZGVkMS00NjM2LTk5YTctZDc1NzE5MzA4YzFjXkEyXkFqcGc@._V1_SX300.jpg,"[{'Source': 'Internet Movie Database', 'Value': '8.6/10'}]",N/A,8.6,102,tt0411033,series,,,,,True,CINE.pdf,1
Winter's Bone,2010,R,16 Jul 2010,100 min,"Crime, Drama, Mystery",Debra Granik,"Debra Granik, Anne Rosellini, Daniel Woodrell","Jennifer Lawrence, John Hawkes, Garret Dillahunt","Her family home in danger of being repossessed after her dad skips bail and disappears, Ozark teen Ree Dolly (Jennifer Lawrence) breaks the local code of conduct by confronting her kin about their conspiracy of silence. Should she fail to track her father down, Ree Dolly, her younger siblings, and their disabled mother will soon be rendered homeless.",English,United States,Nominated for 4 Oscars. 65 wins & 131 nominations total,https://m.media-amazon.com/images/M/MV5BMjA0OTM3MDMxNF5BMl5BanBnXkFtZTcwMDY1MjI0Mw@@._V1_SX300.jpg,"[{'Source': 'Internet Movie Database', 'Value': '7.1/10'}, {'Source': 'Rotten Tomatoes', 'Value': '94%'}, {'Source': 'Metacritic', 'Value': '90/100'}]",90,7.1,"155,028",tt1399683,movie,N/A,"$6,531,503",N/A,N/A,True,CINE.pdf,
"Ladies and Gentlemen, the Fabulous Stains",1982,R,01 Oct 1982,87 min,"Comedy, Drama, Music",Lou Adler,Nancy Dowd,"Peter Donat, Diane Lane, Marin Kanter","Corrine Burns retreats far into plans for her band, The Fabulous Stains, after her mother's death. So far that she gets them (she and two cousins) on a tour with a washed-out glam-rock group and a rising British punk band, radically changes her appearance, attracts a cult following and national media attention. With luck like this, what could go wrong?",English,United States,1 win total,https://m.media-amazon.com/images/M/MV5BYjliMDI0OWMtM2Q0ZS00MTJhLTg1MWQtMzdkNDg4ODYyNTg4XkEyXkFqcGc@._V1_SX300.jpg,"[{'Source': 'Internet Movie Database', 'Value': '6.7/10'}, {'Source': 'Rotten Tomatoes', 'Value': '69%'}]",N/A,6.7,"3,152",tt0082639,movie,N/A,"$25,728",N/A,N/A,True,CINE.pdf,
Y tu mamá también,2001,R,08 Jun 2001,106 min,Drama,Alfonso Cuarón,"Carlos Cuarón, Alfonso Cuarón","Maribel Verdú, Gael García Bernal, Daniel Giménez Cacho","In Mexico City, late teen friends Tenoch Iturbide and Julio Zapata are feeling restless as their respective girlfriends are traveling together through Europe before they all begin the next phase of their lives at college. At a lavish family wedding, Tenoch and Julio meet Luisa Cortés, the twenty-something wife of Tenoch's cousin Jano, the two who have just moved to Mexico from Spain. Tenoch and Julio try to impress the beautiful Luisa by telling her that they will be taking a trip to the most beautiful secluded beach in Mexico called la Boca del Cielo (translated to Heaven's Mouth), the trip and the beach which in reality don't exist. When Luisa learns of Jano's latest marital indiscretion straight from the horse's mouth, she takes Tenoch and Julio's offer to go along on this road trip, meaning that Tenoch and Julio have to pull together quickly a road trip to a non-existent beach. They decide to head toward one suggested by their friend Saba, who seems a little confused himself of this beach's location. On the road trip, which ends up not being totally harmonious, the three go on a trip of discovery. For Luisa, she has to figure out what to do with her immediate future based on the news from Jano and a secret she is keeping. And Tenoch and Julio have to figure out what their friendship really means as they grow up.",Spanish,Mexico,Nominated for 1 Oscar. 39 wins & 48 nominations total,https://m.media-amazon.com/images/M/MV5BNTRmZmNlMjktZDRkMi00OGNjLWJkZGUtMDljNDViMGE3MjNhXkEyXkFqcGc@._V1_SX300.jpg,"[{'Source': 'Internet Movie Database', 'Value': '7.7/10'}, {'Source': 'Rotten Tomatoes', 'Value': '90%'}, {'Source': 'Metacritic', 'Value': '89/100'}]",89,7.7,"136,419",tt0245574,movie,N/A,"$13,839,658",N/A,N/A,True,CINE.pdf,
Chicks,2022,N/A,16 Apr 2022,12 min,"Short, Comedy, Horror",Geena Hernandez,Geena Hernandez,"Nikole Davis, Jena Brooks, Maddie Moore","A girly, cotton-candy colored slumber party quickly unravels when a shy teen becomes the center of her friends' bizarre nighttime ritual.",English,United States,4 wins & 4 nominations,https://m.media-amazon.com/images/M/MV5BM2ZmOWY0NWItNGQ5Yi00MDhiLWJlNGMtMmY5NTQ1NWE0ZDIyXkEyXkFqcGdeQXVyMTI1OTQ4NDcx._V1_SX300.jpg,[],N/A,N/A,42,tt14827958,movie,N/A,N/A,N/A,N/A,True,CINE.pdf,
El violetero,1960,N/A,24 Nov 1960,83 min,Comedy,Gilberto Martínez Solares,"Óscar J. Brooks, Juan García, Gilberto Martínez Solares","Germán Valdés, Marina Camacho, Renée Dumas","El violetero has ""Tintan"" the main actor's nickname, as an Indian door to door flower seller in colonial Mexico's neighborhood of Xochimilco. One day he is requested by one of his customers to fix their garden and this becomes a r...",Spanish,Mexico,N/A,https://m.media-amazon.com/images/M/MV5BYjg2NGU2NDUtMmUwNC00MTg3LThkNmUtMzI3YzM5MTVlZTUwXkEyXkFqcGdeQXVyMTk4MDgwNA@@._V1_SX300.jpg,"[{'Source': 'Internet Movie Database', 'Value': '7.3/10'}]",N/A,7.3,62,tt0054444,movie,N/A,N/A,N/A,N/A,True,CINE.pdf,
Wedding Crashers,2005,R,15 Jul 2005,119 min,"Comedy, Romance",David Dobkin,"Steve Faber, Bob Fisher","Owen Wilson, Vince Vaughn, Rachel McAdams","Two friends, John (played by Owen Wilson) and Jeremy (Vince Vaughn), crash weddings to pick up women. One day they crash the wedding of the daughter of the Treasury Secretary, Secretary Cleary (Christopher Walken). Instead of short-term flings they end up being invited to the Clearys' island estate, and potentially meet the loves of their lives...",English,United States,11 wins & 11 nominations total,https://m.media-amazon.com/images/M/MV5BYzQwNmU0NGEtZjlmYy00ZjQ5LTlmMWYtODY3YzI4NTdiYzA4XkEyXkFqcGc@._V1_SX300.jpg,"[{'Source': 'Internet Movie Database', 'Value': '7.0/10'}, {'Source': 'Rotten Tomatoes', 'Value': '75%'}, {'Source': 'Metacritic', 'Value': '64/100'}]",64,7.0,"395,754",tt0396269,movie,N/A,"$209,273,411",N/A,N/A,True,CINE.pdf,
What Women Want,2000,PG-13,15 Dec 2000,127 min,"Comedy, Fantasy, Romance",Nancy Meyers,"Josh Goldsmith, Cathy Yuspa, Diane Drake","Mel Gibson, Helen Hunt, Marisa Tomei","Advertising executive Nick Marshall is as cocky as they come, but what happens to a chauvinistic guy when he can suddenly hear what women are thinking? Nick gets passed over for a promotion, but after an accident enables him to hear women's thoughts, he puts his newfound talent to work against Darcy, his new boss, who seems to be infatuated with him.",English,United States,5 wins & 9 nominations total,https://m.media-amazon.com/images/M/MV5BZjA3ZDkzNGEtZmU1OS00YzNiLWJiMzItNTk0ZTZhOWM5ZTUxXkEyXkFqcGc@._V1_SX300.jpg,"[{'Source': 'Internet Movie Database', 'Value': '6.5/10'}, {'Source': 'Rotten Tomatoes', 'Value': '53%'}, {'Source': 'Metacritic', 'Value': '47/100'}]",47,6.5,"236,520",tt0207201,movie,N/A,"$182,811,707",N/A,N/A,True,CINE.pdf,
"Yo, robot?",1997,N/A,N/A,14 min,"Documentary, Short",Carlos Bobeda,Carlos Bobeda,N/A,N/A,Spanish,Argentina,N/A,N/A,[],N/A,N/A,N/A,tt1493311,movie,N/A,N/A,N/A,N/A,True,CINE.pdf,
"Yo, también",2009,N/A,16 Oct 2009,103 min,Drama,"Antonio Naharro, Álvaro Pastor","Antonio Naharro, Álvaro Pastor","Lola Dueñas, Pablo Pineda, Isabel García Lorca","Daniel - a recent university graduate with Down's Syndrome - falls in love on his first day at work in the Department of Social Services. Laura is an outsider who spends her nights in the city's crowded clubs and singles' bars, escaping her problems in the arms of total strangers. Yet despite their apparent incompatibility, the two strike up a moving, bittersweet friendship that touches them both and eventually sets them on the road to happiness.",Spanish,Spain,14 wins & 9 nominations,https://m.media-amazon.com/images/M/MV5BMTU0Njk1NTEyMV5BMl5BanBnXkFtZTcwMDgwMTIzNA@@._V1_SX300.jpg,"[{'Source': 'Internet Movie Database', 'Value': '7.2/10'}, {'Source': 'Rotten Tomatoes', 'Value': '75%'}, {'Source': 'Metacritic', 'Value': '56/100'}]",56,7.2,"2,851",tt1289449,movie,N/A,N/A,N/A,N/A,True,CINE.pdf,
Zatoichi,1989,Not Rated,04 Feb 1989,116 min,"Action, Drama",Shintarô Katsu,"Tatsumi Ichiyama, Shintarô Katsu, Tsutomu Nakamura","Shintarô Katsu, Kanako Higuchi, Takanori Jinnai","Older, wiser but still a wandering loner, the blind, peace-loving masseur Ichi seeks a peaceful life in a rural village. When he's caught in the middle of a power struggle between two rival Yakuza clans, his reputation as a deadly defender of the innocent is put to the ultimate test in a series of sword-slashing showdowns.",Japanese,Japan,N/A,https://m.media-amazon.com/images/M/MV5BZWIzMzFkZjYtYjE3My00ZDY0LTk3ZjQtMjU0N2FmNjU2MmI2XkEyXkFqcGc@._V1_SX300.jpg,"[{'Source': 'Internet Movie Database', 'Value': '7.0/10'}]",N/A,7.0,"1,928",tt0202152,movie,N/A,N/A,N/A,N/A,True,CINE.pdf,
Mais Forte que o Mundo: A História de José Aldo,2016,N/A,23 Jun 2016,107 min,"Action, Biography, Drama",Afonso Poyart,"Afonso Poyart, Marcelo Rubens Paiva, Marcelo Aleixo Machado","José Loreto, Cleo, Jackson Antunes",The Story of longtime UFC Featherweight champion and the struggles facing him on the road to the top.,Portuguese,Brazil,5 wins & 8 nominations,https://m.media-amazon.com/images/M/MV5BNjNhYTI4Y2EtMjJjZS00NjUwLThlNDgtNDRhOTU1YjUwOWJhXkEyXkFqcGc@._V1_SX300.jpg,"[{'Source': 'Internet Movie Database', 'Value': '7.1/10'}]",N/A,7.1,"2,133",tt3918584,movie,N/A,N/A,N/A,N/A,True,CINE.pdf,
Zodiaco,2008–,N/A,30 Jan 2008,100 min,Crime,N/A,N/A,"Antonia Liskova, Massimo Poggio, Andrea Bosca",N/A,Italian,Italy,N/A,https://m.media-amazon.com/images/M/MV5BMDczOWRhYjEtNWFkMy00OTEwLThlNjMtNDhkYzZjNTZlYjljXkEyXkFqcGdeQXVyMjQ5MTk4NDU@._V1_SX300.jpg,"[{'Source': 'Internet Movie Database', 'Value': '7.6/10'}]",N/A,7.6,18,tt1176092,series,,,,,True,CINE.pdf,1
Cujo,1983,R,12 Aug 1983,93 min,"Horror, Thriller",Lewis Teague,"Stephen King, Don Carlos Dunaway, Barbara Turner","Dee Wallace, Daniel Hugh Kelly, Danny Pintauro","Donna Trenton is a frustrated suburban housewife whose life is in turmoil after her husband learns about her having an affair. Brett Camber is a young boy whose only companion is a Saint-Bernard named ""Cujo"", who in turn is bitten by a rabid bat. Whilst Vic, Donna's husband is away on business, and thinking over his marital troubles, Donna and her 5-year-old son Tad take her Pinto to Brett Cambers' dad's car shop... the car fails, and ""Cujo"" is very, very sick...",English,United States,1 win & 4 nominations total,https://m.media-amazon.com/images/M/MV5BMjM2NDc1NDYtMzA1ZS00NGIwLTljMDAtN2JiNGU2ZDM0MDM3XkEyXkFqcGc@._V1_SX300.jpg,"[{'Source': 'Internet Movie Database', 'Value': '6.1/10'}, {'Source': 'Rotten Tomatoes', 'Value': '60%'}, {'Source': 'Metacritic', 'Value': '57/100'}]",57,6.1,"55,094",tt0085382,movie,N/A,"$21,156,152",N/A,N/A,True,CINE.pdf,
Young Adult,2011,R,16 Dec 2011,94 min,"Comedy, Drama",Jason Reitman,Diablo Cody,"Charlize Theron, Patrick Wilson, Patton Oswalt","Thirty-seven year old Mavis Gary seems incapable of happiness. She has had one failed marriage with no romance in her immediate horizon. She ghosts writes a young adult series of books, which has just been canceled due to low sales. She is in the process of writing the last book, with which she is having a mental block. She lives vicariously through Kendall Strickland, the teenaged female heroine in her books, as like Kendall she believes her high school years were the best years of her life when she was the prom queen. When she receives news that her high school beau, Buddy Slade, and his wife, Beth Slade, have just had their first child, Mavis takes it as a sign that she and Buddy are meant to be together. As such, she devises a false pretense to travel from her Minneapolis home back her her old hometown of Mercury, Minnesota to reclaim Buddy from Beth. As Mavis slyly or not so slyly does whatever she can to hang out with Buddy, even in Beth's company if need be, she also runs into another old high school colleague named Matt Freehauf. She barely remembers Matt until she is reminded that he was the ""hate crime"" kid i.e. he was beaten almost to death by the school jocks who believed he was gay (which he is not), which has left him among other things needing to walk with a brace. Matt ends up being Mavis' drinking buddy and confidante, Matt, in turn, who tries to be Mavis' voice of reason to get her out of her delusional state about Buddy and get a grip on reclaiming her life as a functioning adult.",English,United States,3 wins & 33 nominations total,https://m.media-amazon.com/images/M/MV5BMTc4NzgyMjQwMV5BMl5BanBnXkFtZTcwNjMxODcwNw@@._V1_SX300.jpg,"[{'Source': 'Internet Movie Database', 'Value': '6.3/10'}, {'Source': 'Rotten Tomatoes', 'Value': '80%'}, {'Source': 'Metacritic', 'Value': '71/100'}]",71,6.3,"89,365",tt1625346,movie,N/A,"$16,311,571",N/A,N/A,True,CINE.pdf,
Whisky,2004,N/A,06 Aug 2004,94 min,"Comedy, Drama","Juan Pablo Rebella, Pablo Stoll","Pablo Stoll, Juan Pablo Rebella, Gonzalo Delgado","Andrés Pazos, Mirella Pascual, Jorge Bolani","When his long-lost brother resurfaces, Jacobo, desperate to prove his life has added up to something, looks to scrounge up a wife. He turns to Marta, an employee at his sock factory, with whom he has a prickly relationship.","Spanish, Portuguese, Italian","Uruguay, Argentina, Germany, Spain",23 wins & 7 nominations,https://m.media-amazon.com/images/M/MV5BODljYmUwNzItYjM2OS00MDdkLWEzNWMtNjdjZDYxYjZmZGZiXkEyXkFqcGc@._V1_SX300.jpg,"[{'Source': 'Internet Movie Database', 'Value': '7.1/10'}, {'Source': 'Rotten Tomatoes', 'Value': '100%'}, {'Source': 'Metacritic', 'Value': '66/100'}]",66,7.1,"6,781",tt0331370,movie,N/A,N/A,N/A,N/A,True,CINE.pdf,
Goya,1985,N/A,13 May 1985,330 min,"Biography, Drama",N/A,N/A,"Enric Majó, Laura Morante, Jeannine Mestre","A dramatic sixserial serial "" Goya"" narrates about life of artist that was born in 1746th and conducted childhood in Fuendetodos - little hamlet near Saragossa. In 1824th he, fearing pursuits from the side of new government of Spain, transmigrated to Bordeaux, where and died a few years after.",Spanish,"Spain, Italy",1 nomination,https://m.media-amazon.com/images/M/MV5BMTc4MDUxNTc4OV5BMl5BanBnXkFtZTcwNzE0NDQzMQ@@._V1_SX300.jpg,"[{'Source': 'Internet Movie Database', 'Value': '7.3/10'}]",N/A,7.3,53,tt0289646,series,,,,,True,CINE.pdf,1
Zelig,1983,PG,25 Aug 1983,79 min,Comedy,Woody Allen,Woody Allen,"Woody Allen, Mia Farrow, Patrick Horgan","Fictional documentary about the life of human chameleon Leonard Zelig, a man who becomes a celebrity in the 1920s due to his ability to look and act like whoever is around him. Clever editing places Zelig in real newsreel footage of Woodrow Wilson, Babe Ruth, and others.","English, German",United States,Nominated for 2 Oscars. 7 wins & 19 nominations total,https://m.media-amazon.com/images/M/MV5BMDJiYzNhZjUtNTRmMS00ZjA1LWFmNjUtZjgwYWY2NGYxYzg3XkEyXkFqcGc@._V1_SX300.jpg,"[{'Source': 'Internet Movie Database', 'Value': '7.6/10'}, {'Source': 'Rotten Tomatoes', 'Value': '97%'}]",N/A,7.6,"45,754",tt0086637,movie,N/A,"$11,798,616",N/A,N/A,True,CINE.pdf,
Hulk,2003,PG-13,20 Jun 2003,138 min,"Action, Sci-Fi",Ang Lee,"Stan Lee, Jack Kirby, James Schamus","Eric Bana, Jennifer Connelly, Sam Elliott",Bruce is an ordinary Gamma expert who one day gets blasted with radiation and somehow survives. But in the process a monster was born. Now whenever he gets angry he grows bigger and stronger until he is no longer Bruce Banner. He becomes The Hulk,"English, Spanish",United States,3 wins & 15 nominations total,https://m.media-amazon.com/images/M/MV5BNTQxMmVlMTItMGFjYi00MTc2LWE5MzMtYjFhZWJmZGY0MTY5XkEyXkFqcGc@._V1_SX300.jpg,"[{'Source': 'Internet Movie Database', 'Value': '5.7/10'}, {'Source': 'Rotten Tomatoes', 'Value': '63%'}, {'Source': 'Metacritic', 'Value': '54/100'}]",54,5.7,"290,412",tt0286716,movie,N/A,"$132,177,234",N/A,N/A,True,CINE.pdf,
José,2018,Not Rated,31 Jan 2020,85 min,Drama,Li Cheng,"Li Cheng, George F. Roberson","Enrique Salanic, Manolo Herrera, Ana Cecilia Mota","José (19 years old) lives with his Mother (50s) in Guatemala: a tough life in one of the most violent and religious countries. His life is his phone, crowded buses, work in the street and random sex. When he meets Luis, he's thrust into new-found passion and pain.",Spanish,"United States, Guatemala",10 wins & 17 nominations,https://m.media-amazon.com/images/M/MV5BYjgxZDgxZDQtMTI1Mi00YzNjLWI0OWItOTI3YWYwMzVkZjU3XkEyXkFqcGdeQXVyMzMxNjYzNzM@._V1_SX300.jpg,"[{'Source': 'Internet Movie Database', 'Value': '6.7/10'}, {'Source': 'Metacritic', 'Value': '75/100'}]",75,6.7,819,tt6933338,movie,N/A,"$26,563",N/A,N/A,True,CINE.pdf,
Papa,2005,N/A,01 Jun 2005,80 min,"Comedy, Drama",Maurice Barthélémy,"Maurice Barthélémy, Alain Chabat","Alain Chabat, Martin Combes, Yaël Abecassis","Louis and his Daddy are driving back home. Daddy is a past master at clowning, which does not necessarily make Louis laugh. At times Daddy gets awfully mad, picking on people who don't deserve it. That also does not make Louis laugh. But Daddy IS sweet. He knows how to soothe Louis when he is very very upset. And he can rock-a-bye his baby with a song by Niagara. Daddy has been rather slipshod lately. And ill-shaved. And has had hair-raising nightmares. Louis can burst into tears just because a little girl refuses a sticker he wants to give her. What's wrong with Louis and his Daddy?",French,France,1 nomination,https://m.media-amazon.com/images/M/MV5BMTQwNjM3MTAxOF5BMl5BanBnXkFtZTcwMTgxNjEzMQ@@._V1_SX300.jpg,"[{'Source': 'Internet Movie Database', 'Value': '6.5/10'}]",N/A,6.5,657,tt0428940,movie,N/A,N/A,N/A,N/A,True,CINE.pdf,
LOL,2012,PG-13,01 Mar 2012,97 min,"Comedy, Drama, Romance",Lisa Azuelos,"Lisa Azuelos, Kamir Aïnouz, Nans Delgado","Miley Cyrus, Douglas Booth, Ashley Greene","In a world connected by YouTube, iTunes, and Facebook, Lola and her friends navigate the peer pressures of high school romance and friendship while dodging their sometimes overbearing and confused parents. When Lola's mom, Anne, ""accidentally"" reads her teenage daughter's racy journal, she realizes just how wide their communication gap has grown. Through hilarious and heartfelt moments between mother and daughter, LOL is a fresh coming-of-age story for modern times.","English, French, Ukrainian",United States,1 nomination total,https://m.media-amazon.com/images/M/MV5BMTA0MjI5ODA3MjReQTJeQWpwZ15BbWU3MDI1NTE3Njc@._V1_SX300.jpg,"[{'Source': 'Internet Movie Database', 'Value': '4.4/10'}, {'Source': 'Rotten Tomatoes', 'Value': '14%'}]",N/A,4.4,"59,787",tt1592873,movie,N/A,N/A,N/A,N/A,True,CINE.pdf,
Lola,1961,Not Rated,14 Oct 1962,90 min,"Drama, Romance",Jacques Demy,Jacques Demy,"Anouk Aimée, Marc Michel, Jacques Harden","Roland Cassard is a young man with no job and seemingly no prospects. By chance, he runs into his former girlfriend Cecile, who works as a dancer at a cabaret under the stage name Lola. She is now a single mom and works hard to provide her young son with all of the necessities of life. Lola still hopes that her son's father Michel, the true love of her life, will someday return to them. Seeing Lola again confirms to Roland that he's still in love with her, but she doesn't return his feelings. He has also met Madame Desnoyer and her 14-year-old daughter, also called Cecile. Madame Desnoyer, a widow, is quite taken with Roland but he has little interest in her. Roland sees no future if he stays in France.","French, English","France, Italy",Nominated for 2 BAFTA 2 wins & 3 nominations total,https://m.media-amazon.com/images/M/MV5BMTA2NTQxNjAtZWZiOS00OGJjLWE5NmItMjBlMGU4ZTA2NWU5XkEyXkFqcGc@._V1_SX300.jpg,"[{'Source': 'Internet Movie Database', 'Value': '7.4/10'}, {'Source': 'Rotten Tomatoes', 'Value': '95%'}, {'Source': 'Metacritic', 'Value': '73/100'}]",73,7.4,"7,888",tt0055093,movie,N/A,"$103,951",N/A,N/A,True,CINE.pdf,
Lolo,2015,Not Rated,28 Oct 2015,99 min,Comedy,Julie Delpy,"Julie Delpy, Eugénie Grandval","Julie Delpy, Dany Boon, Vincent Lacoste","Violette, a 40-year old workaholic with a career in the fashion industry falls for a provincial computer geek, Jean-Rene, while on a spa retreat with her best friend.","French, English",France,1 nomination,https://m.media-amazon.com/images/M/MV5BMTQ2MjExMTY0NF5BMl5BanBnXkFtZTgwMjk1MzUwODE@._V1_SX300.jpg,"[{'Source': 'Internet Movie Database', 'Value': '5.7/10'}, {'Source': 'Rotten Tomatoes', 'Value': '57%'}, {'Source': 'Metacritic', 'Value': '50/100'}]",50,5.7,"4,474",tt4085944,movie,24 Aug 2016,"$24,134","France 2 Cinéma, Mars Films",N/A,True,CINE.pdf,
Mame,1974,PG,27 Mar 1974,132 min,"Comedy, Musical",Gene Saks,"Jerome Lawrence, Robert E. Lee, Jerry Herman","Lucille Ball, Robert Preston, Bea Arthur","Upon the death of wealthy Chicagoan Edward Dennis in the late 1920s, his nine-year-old son Patrick Dennis becomes the ward of their only living relative, Edward's equally-wealthy New-York-residing sister, Mame Dennis. Edward's will states that Patrick is to be raised Protestant in a ""traditional"" manner and that the trustee, Mr. Babcock of the Knickerbocker Bank, will pay Mame for expenses incurred in raising Patrick, but he has the right to refuse to pay if he deems that she's not honoring the spirit of Edward's will. Mr. Babcock and Patrick's longtime nanny, the timid Agnes Gooch, are to ensure that Patrick is raised correctly. Edward included these stipulations in his will knowing that his sister is a flamboyant, freewheeling, eccentric woman who can be considered anything but traditional or conventional. Despite the disruption each provides in the other's life, Mame and Patrick form a loving, supportive relationship. Mame wants to provide her sense of guidance to Patrick, which means exposing him to a broad spectrum of all that life has to offer. That changes when Mr. Babcock learns what is going on, and the stock market crashes resulting in Mame losing all her money, the events in combination leading to Mr. Babcock enrolling Patrick in boarding school to remove him from Mame's daily influence. Although not for herself, Mame realizes that she needs money to get Patrick back and support her entire family, which includes Agnes and her faithful butler Ito. She might get a little help from her best friend, Broadway actress Vera Charles, and a southerner she meets named Beauregard Jackson Pickett Burnside. Over the next several years, Mame's influence on those around her, including Patrick, is presented, although those relationships are not always smooth sailing, especially as Patrick grows into a man with his own mind.","English, Japanese, French, Russian",United States,2 nominations,https://m.media-amazon.com/images/M/MV5BYTEyMDNlNDYtYTZmNy00MDU5LWI3MWYtNzFlMDc1YTdmOWYzXkEyXkFqcGc@._V1_SX300.jpg,"[{'Source': 'Internet Movie Database', 'Value': '5.9/10'}, {'Source': 'Rotten Tomatoes', 'Value': '36%'}]",N/A,5.9,"3,527",tt0071803,movie,N/A,N/A,N/A,N/A,True,CINE.pdf,
Mash,2019,N/A,15 Apr 2019,N/A,"Short, Drama",Tyro Heath,Tyro Heath,"Mark Wingett, Claire Goose, Jonathan Forbes",N/A,English,United Kingdom,2 wins & 3 nominations total,https://m.media-amazon.com/images/M/MV5BMWFkN2IxOWMtNzcxNy00YjU2LWIxYjYtNGQyMWM0YTRlNTNiXkEyXkFqcGc@._V1_SX300.jpg,[],N/A,N/A,N/A,tt9627088,movie,N/A,N/A,N/A,N/A,True,CINE.pdf,
Milk,2008,R,30 Jan 2009,128 min,"Biography, Drama, History",Gus Van Sant,Dustin Lance Black,"Sean Penn, Josh Brolin, Emile Hirsch","Using flashbacks from a statement recorded late in life and archival footage for atmosphere, this film traces Harvey Milk's career from his 40th birthday to his death. He leaves the closet and New York, opens a camera shop that becomes the salon for San Francisco's growing gay community, and organizes gays' purchasing power to build political alliances. He runs for office with lover Scott Smith as his campaign manager. Victory finally comes on the same day Dan White wins in the city's conservative district. The rest of the film sketches Milk's relationship with White and the 1978 fight against a statewide initiative to bar gays and their supporters from public school jobs.",English,United States,Won 2 Oscars. 66 wins & 146 nominations total,https://m.media-amazon.com/images/M/MV5BOWVmZWYzMDEtN2NkMi00NWM4LThjYzYtNzBjNzIzN2FmM2NlXkEyXkFqcGc@._V1_SX300.jpg,"[{'Source': 'Internet Movie Database', 'Value': '7.5/10'}, {'Source': 'Rotten Tomatoes', 'Value': '93%'}, {'Source': 'Metacritic', 'Value': '83/100'}]",83,7.5,"184,363",tt1013753,movie,N/A,"$31,841,299",N/A,N/A,True,CINE.pdf,
Roald Dahl's Esio Trot,2015,N/A,01 Jan 2015,88 min,"Comedy, Family, Romance",Dearbhla Walsh,"Richard Curtis, Paul Mayhew-Archer, Roald Dahl","James Corden, Salo Gardner, Dustin Hoffman","Lonely, ageing bachelor Mr Hoppy lives in a London flat and has two loves in his life - his balcony garden and Mrs Silver, the widow in the flat below. Sadly Mrs Silver is too fond of her tortoise Alfie to respond. Noting that Mrs Silver is perturbed that Alfie never seems to grow Mr Hoppy hatches a plan to show her how much he cares. This involves buying dozens of tortoises of increasing sizes to gradually substitute for Alfire, leading Mrs Silver to believe that a Bedouin chant - Esio Trot - is making her pet grow. However he is rumbled when one of the tortoises escapes. And, with another, brash resident vying for Mrs Silver's affections, will Mr Hoppy find happiness with the woman he loves?",English,United Kingdom,1 win & 1 nomination,https://m.media-amazon.com/images/M/MV5BYzAxZWI3N2EtMmQwOC00YmNmLWFlOTUtYjExZDYwMTk1MTc3XkEyXkFqcGc@._V1_SX300.jpg,"[{'Source': 'Internet Movie Database', 'Value': '6.9/10'}]",N/A,6.9,"5,715",tt3205394,movie,N/A,N/A,N/A,N/A,True,CINE.pdf,
Play,2011,N/A,11 Nov 2011,118 min,Drama,Ruben Östlund,"Erik Hemmendorff, Ruben Östlund","Anas Abdirahman, Sebastian Blyckert, Yannick Diakité","Between 2006-2008 in Gothenburg, Sweden, boys aged 12-14 conducted ~40 child robberies using a scheme called little brother number, relying on role-play and gang talk instead of violence.","English, French, Swedish","Sweden, France",9 wins & 13 nominations total,https://m.media-amazon.com/images/M/MV5BN2E3ZjlkYTYtNjQyZC00MmVlLWI4NTgtNmM5Mzg5OGQ0ZTY0XkEyXkFqcGc@._V1_SX300.jpg,"[{'Source': 'Internet Movie Database', 'Value': '7.1/10'}, {'Source': 'Rotten Tomatoes', 'Value': '81%'}, {'Source': 'Metacritic', 'Value': '81/100'}]",81,7.1,"6,915",tt1376717,movie,N/A,N/A,N/A,N/A,True,CINE.pdf,
Las Muñecas Que Hacen ¡PUM!,1979,N/A,27 Sep 1979,100 min,"Adventure, Comedy, Crime",Gerardo Sofovich,Gerardo Sofovich,"Julio De Grazia, Javier Portales, César Bertrand",Two international organizations fight each other. One of them send the other explosive dolls.,Spanish,Argentina,N/A,https://m.media-amazon.com/images/M/MV5BMGM4MWY4YmEtNjgyMi00N2U4LWE3ZDMtNjQwZmZkYTEzOTk3XkEyXkFqcGdeQXVyMjQ0NzgwNzY@._V1_SX300.jpg,"[{'Source': 'Internet Movie Database', 'Value': '3.8/10'}]",N/A,3.8,25,tt0203716,movie,N/A,N/A,N/A,N/A,True,CINE.pdf,
Rapt,2009,Not Rated,18 Nov 2009,125 min,"Drama, Thriller",Lucas Belvaux,Lucas Belvaux,"Yvan Attal, Anne Consigny, André Marcon","Stanislaff Graff, a rich industrialist with a wife and a lover, is kidnapped brutally from his limousine on the eve of his visit to China as part of the entourage of the French president. The kidnappers demand a fifty million euro ransom. In order to prove they are serious, they cut off one of his fingers. What follows is a terrifying sparring match between kidnappers, police and the board of the company of which Graff is the director. The main question for the board: is a human life worth more than fifty million euros? Will they be able to get that amount of money together in time anyway? While they decide this he degenerates physically and mentally in imprisonment. In the meantime, the press dredges up the businessman's past with revelations that are especially painful for his wife.",French,"France, Belgium",5 nominations,https://m.media-amazon.com/images/M/MV5BMTQ2MzEzMzYyMF5BMl5BanBnXkFtZTcwMDAyMjc4NQ@@._V1_SX300.jpg,"[{'Source': 'Internet Movie Database', 'Value': '6.7/10'}, {'Source': 'Rotten Tomatoes', 'Value': '97%'}, {'Source': 'Metacritic', 'Value': '71/100'}]",71,6.7,"2,249",tt1430110,movie,N/A,"$45,759",N/A,N/A,True,CINE.pdf,
Face,1997,R,26 Sep 1997,105 min,"Crime, Drama, Thriller",Antonia Bird,Ronan Bennett,"Robert Carlyle, Ray Winstone, Steve Sweeney","Ray is an aging ex-socialist who has become a bankrobber after seeing the demise of socialism in 1980s Britain. Teaming up with a gang of other has-beenish crims, he commits one bank job too many. The gang dissolves in a murderous flurry of recriminations.",English,United Kingdom,4 wins,https://m.media-amazon.com/images/M/MV5BZDJjMzBlNTQtMzRjNC00MThjLThjYTctYzJjMDhkMzgwZWIwXkEyXkFqcGc@._V1_SX300.jpg,"[{'Source': 'Internet Movie Database', 'Value': '6.6/10'}, {'Source': 'Rotten Tomatoes', 'Value': '38%'}]",N/A,6.6,"4,882",tt0119092,movie,N/A,N/A,N/A,N/A,True,CINE.pdf,
Zapata - El sueño del héroe,2004,N/A,30 Apr 2004,N/A,"Biography, Drama, Fantasy",Alfonso Arau,Alfonso Arau,"Alejandro Fernández, Lucero, Patricia Velasquez",A look at the life of Mexican Revolution Hero Emiliano Zapata.,"Spanish, Nahuatl",Mexico,2 nominations,https://m.media-amazon.com/images/M/MV5BMjE5NjA4NDAyN15BMl5BanBnXkFtZTcwMjM1NTkyMQ@@._V1_SX300.jpg,"[{'Source': 'Internet Movie Database', 'Value': '2.2/10'}]",N/A,2.2,"1,081",tt0307692,movie,N/A,N/A,N/A,N/A,True,CINE.pdf,
Heli,2013,Not Rated,09 Aug 2013,105 min,"Crime, Drama, Romance",Amat Escalante,"Gabriel Reyes, Amat Escalante, Zümrüt Çavusoglu","Armando Espitia, Andrea Vergara, Linda González","Heli, a factory worker in rural Mexico must try and protect his young family when his 12 year old sister inadvertently involves them in the brutal drug world when she agrees to look after some cocaine found by her older boyfriend. When the drug cartel want their drugs back they go after the boyfriend and Heli's young family.",Spanish,"Mexico, Netherlands, Germany, France",18 wins & 31 nominations,https://m.media-amazon.com/images/M/MV5BNjE3N2NlMzItNWI2YS00ODY3LWIzNzYtYTVjYzYzNjMyYzg0XkEyXkFqcGc@._V1_SX300.jpg,"[{'Source': 'Internet Movie Database', 'Value': '6.8/10'}, {'Source': 'Rotten Tomatoes', 'Value': '58%'}, {'Source': 'Metacritic', 'Value': '59/100'}]",59,6.8,"5,470",tt2852376,movie,N/A,N/A,N/A,N/A,True,CINE.pdf,
Jobs,2013,PG-13,16 Aug 2013,128 min,"Biography, Drama",Joshua Michael Stern,Matt Whiteley,"Ashton Kutcher, Dermot Mulroney, Josh Gad","The film opens in 2001 with a middle-aged Steve Jobs (Ashton Kutcher) introducing the iPod at an Apple Town Hall meeting.[6] It then flashes back to Reed College in 1974. Jobs had already dropped out due to the high expense of tuition, but was still attending classes with the approval of Dean Jack Dudman (James Woods) who took him under his wing. Jobs is particularly interested in a course on calligraphy. He meets up with his friend Daniel Kottke (Lukas Haas) who is excited to see that Jobs is holding a copy of Be Here Now by Baba Ram Dass. Influenced by this book and his experiences with LSD, Jobs and Kottke spend time in India. Two years later, Jobs is back in Los Altos, California living at home with his adoptive parents Paul (John Getz) and Clara (Lesley Ann Warren). He is working for Atari and develops a partnership with his friend Steve Wozniak (Josh Gad) after he sees that Wozniak has built a personal computer (the Apple I). They name their new company Apple Computer, though there already is a company called Apple Records that is owned by The Beatles (Wozniak then teases Jobs that this is symbolic of his preference for Bob Dylan). Wozniak gives a demonstration of the Apple I at the Homebrew Computer Club. Jobs is later approached by Paul Terrell (Brad William Henke) who shows interest in the Apple I. Knowing that he and Wozniak will need a studio in which to build them, Jobs convinces his father Paul to allow them to use the family garage (set up as a carpentry/tool center) for his new company. Realizing that they cannot build these computers alone, Jobs also recruits Kottke, Bill Fernandez (Victor Rasuk), and Chris Espinosa (Eddie Hassell) to the Apple team..",English,"United States, Switzerland",2 nominations total,https://m.media-amazon.com/images/M/MV5BMTM5NTQ3MTYxN15BMl5BanBnXkFtZTcwODE2Nzk3OQ@@._V1_SX300.jpg,"[{'Source': 'Internet Movie Database', 'Value': '6.0/10'}, {'Source': 'Rotten Tomatoes', 'Value': '27%'}, {'Source': 'Metacritic', 'Value': '44/100'}]",44,6.0,"107,026",tt2357129,movie,N/A,"$16,131,410",N/A,N/A,True,CINE.pdf,
La zona,2006,N/A,01 Mar 2006,80 min,Documentary,Carlos Rodríguez,Carlos Rodríguez,Diego Cataño,N/A,Spanish,Spain,N/A,N/A,"[{'Source': 'Internet Movie Database', 'Value': '6.6/10'}]",N/A,6.6,14,tt0781538,movie,N/A,N/A,N/A,N/A,True,CINE.pdf,
Kika,1993,Unrated,06 May 1994,114 min,Comedy,Pedro Almodóvar,Pedro Almodóvar,"Peter Coyote, Verónica Forqué, Victoria Abril","Kika, a young cosmetologist, is called to the mansion of Nicolas, an American writer to make-up the corpse of his stepson, Ramon. Ramon, who is not dead, is revived by Kika's attentions and she then moves in with him. They might live happily ever after but first they have to cope with Kika's affair with Nicolas, the suspicious death of Ramon's mother and the intrusive gaze of tabloid-TV star and Ramon's ex-psychologist Andrea Scarface.",Spanish,"Spain, France",5 wins & 9 nominations,https://m.media-amazon.com/images/M/MV5BMGU3OTZmODUtZGJkNi00MWRiLTkxMzctODhlZThhMjJkZTVlXkEyXkFqcGc@._V1_SX300.jpg,"[{'Source': 'Internet Movie Database', 'Value': '6.5/10'}, {'Source': 'Rotten Tomatoes', 'Value': '59%'}, {'Source': 'Metacritic', 'Value': '53/100'}]",53,6.5,"15,326",tt0107315,movie,N/A,"$2,019,581",N/A,N/A,True,CINE.pdf,
