Title,Year,Rated,Released,Runtime,Genre,Director,Writer,Actors,Plot,Language,Country,Awards,Poster,Ratings,Metascore,imdbRating,imdbVotes,imdbID,Type,DVD,BoxOffice,Production,Website,Response,OriginalTitle,totalSeasons
The Aristocats,1970,G,24 Dec 1970,78 min,"Animation, Adventure, Comedy",Wolfgang Reitherman,"Larry Clemmons, Vance Gerry, Ken Anderson","Phil Harris, Eva Gabor, Sterling Holloway","Retired opera star Adelaide Bonfamille enjoys the good life in her Paris villa with even classier cat Duchess and three kittens: pianist Berlioz, painter Toulouse and sanctimonious Marie. When loyal butler Edgar overhears her will leaves everything to the cats until their death, he drugs and kidnaps them. However retired army dogs make his sidecar capsize on the country. Crafty stray cat Thomas O'Malley takes them under his wing back to Paris. Edgar tries to cover his tracks and catch them at return, but more animals turn on him, from the cart horse Frou-Frou to the tame mouse Roquefort and O'Malley's jazz friends.",English,United States,3 wins total,https://m.media-amazon.com/images/M/MV5BMTU1MzM0MjcxMF5BMl5BanBnXkFtZTgwODQ0MzcxMTE@._V1_SX300.jpg,"[{'Source': 'Internet Movie Database', 'Value': '7.1/10'}, {'Source': 'Rotten Tomatoes', 'Value': '64%'}, {'Source': 'Metacritic', 'Value': '66/100'}]",66,7.1,"123,770",tt0065421,movie,N/A,"$59,000,000",N/A,N/A,True,"""Aristogatos, Los""",
Catch-Em Lane,2015,N/A,N/A,19 min,"Short, Comedy",Mark Maness,Mark Maness,"Natalie Canerday, Ryk St. Vincent, Fran Kelly, Chad Bradford","Aging bass fishing legend Mark Davis is convinced by his wife Tilly to write a book about his life and times growing up in the small town of Mt. Ida, Arkansas.",English,USA,N/A,N/A,[],N/A,N/A,N/A,tt5106568,movie,N/A,N/A,N/A,N/A,True,Atrapenlos!,
Barney: The Land of Make Believe,2005,TV-G,30 Aug 2005,54 min,Family,Fred Holmes,"Stephen White, Sheryl Leach (originally developed by), Kathy Parker (originally developed by), Dennis DeShazer (originally developed by)","Dean Wendt, Carey Stinson, Julie Johnson, Jeff Ayers","Barney, BJ, Baby Bop and their new friends discover anything can happen in The Land of Make Believe. When a puzzled young princess from a storybook magically appears, the group begins a ...",English,USA,N/A,https://m.media-amazon.com/images/M/MV5BMTgzNDYzMzY5NF5BMl5BanBnXkFtZTgwNjc2MDA2MDE@._V1_SX300.jpg,"[{'Source': 'Internet Movie Database', 'Value': '6.8/10'}]",N/A,6.8,51,tt0476521,movie,30 Aug 2005,N/A,LionsGate Entertainment,N/A,True,Barney y su mundo de colores en sala,
Barbie in the Nutcracker,2001,TV-Y,02 Oct 2001,76 min,"Animation, Family, Musical, Romance",Owen Hurley,"Linda Engelsiepen, Hilary Hinkle, Rob Hudnut, E.T.A. Hoffmann (story), Ruth Handler (characters)","Kelly Sheridan, Kirby Morrow, Tim Curry, Peter Kelamis","Barbie (Kelly Sheridan) shows that if you are kind, clever and brave, anything is possible in this tale of Clara (Kelly Sheridan) and her amazing Nutcracker (Kirby Morrow), who set off on an adventure to find the Sugarplum Princess.",English,USA,1 win & 2 nominations.,https://m.media-amazon.com/images/M/MV5BMTk0Y2E2MjgtZDBhNi00OTQ3LTkyYzAtNTdmNzRhYTczZWI2XkEyXkFqcGdeQXVyNDE5MTU2MDE@._V1_SX300.jpg,"[{'Source': 'Internet Movie Database', 'Value': '6.3/10'}]",N/A,6.3,"5,551",tt0288441,movie,N/A,N/A,N/A,N/A,True,Barbie en el Cascanueces,
Arthur and the Invisibles,2006,PG,12 Jan 2007,94 min,"Animation, Adventure, Comedy",Luc Besson,"Céline Garcia, Luc Besson, Patrice Garcia","Freddie Highmore, Mia Farrow, Madonna","Arthur is a spirited ten-year old whose parents are away looking for work, whose eccentric grandfather has been missing for several years, and who lives with his grandmother in a country house that, in two days, will be repossessed, torn down, and turned into a block of flats unless Arthur's grandfather returns to sign some papers and pay off the family debt. Arthur discovers that the key to success lies in his own descent into the land of the Minimoys, creatures no larger than a tooth, whom his grandfather helped relocate to their garden. Somewhere among them is hidden a pile of rubies, too. Can Arthur be of stout heart and save the day? Romance beckons as well, and a villain lurks.","French, English","France, United States, United Kingdom",1 win & 4 nominations total,https://m.media-amazon.com/images/M/MV5BOTYxOGIxMTEtZGNhMi00ZWQ5LTg1YWItNDUzMzAwMDZhZmUxXkEyXkFqcGc@._V1_SX300.jpg,"[{'Source': 'Internet Movie Database', 'Value': '6.0/10'}, {'Source': 'Rotten Tomatoes', 'Value': '21%'}, {'Source': 'Metacritic', 'Value': '39/100'}]",39,6.0,"43,300",tt0344854,movie,N/A,"$15,132,763",N/A,N/A,True,Arthur y lo invisibles,
Babar: King of the Elephants,1999,G,26 Feb 1999,80 min,"Family, Animation",Raymond Jafelice,"Jean de Brunhoff, Laurent de Brunhoff, Raymond Jafelice","Philip Williams, Wayne Robson, Ellen-Ray Hennessy","Babar is a young elephant in the great forest. Whilst out with his mother a hunter kills his mother and he flees to escape the same fate. He eventually finds himself in a human city and experiences the many differences between city and forest life. Generally treated as an outsider he is taken in by an elderly woman, dressed in fancy suits, taught to write and count and is brought up in human culture. Later in life his friends Celeste and Arthur stumble into the city and find him - previously assuming he was also killed by the hunter. Babar dresses them and treats them to the comforts of his world until more elephants arrive to bring them back. The three elephants return by car to the great forest. Soon after Arthur sparks a war with the neighbouring Rhino tribe but peace is formed due to quick thinking by Babar. After this Babar is crowned king with Celeste his Queen. Due to his human upbringing Babar decides to alter the elephant society and builds a city and kits every elephant out in human clothing, every elephant is assigned tasks and everyone has his place. But with human culture comes problems associated with modern living. How will Babar cope with the onset of misfortune?","English, French","Canada, France, Germany",1 win,https://m.media-amazon.com/images/M/MV5BZjMyZjEzYjEtNjNhMy00MDM0LTk2MmUtYzViMjJjZjFjMDJkXkEyXkFqcGdeQXVyNzYyOTc1MDE@._V1_SX300.jpg,"[{'Source': 'Internet Movie Database', 'Value': '6.0/10'}]",N/A,6.0,599,tt0166090,movie,N/A,"$227,374",N/A,N/A,True,"""Babar, el rey de los elefantes""",
Snow White and the Seven Dwarfs,1937,Approved,04 Feb 1938,83 min,"Animation, Adventure, Family","William Cottrell, David Hand, Wilfred Jackson","Jacob Grimm, Wilhelm Grimm, Ted Sears","Adriana Caselotti, Harry Stockwell, Lucille La Verne","The beautiful and kindhearted princess Snow White charms every creature in the kingdom except one - her jealous stepmother, the Queen. When the Magic Mirror proclaims Snow White the fairest one of all, she must flee into the forest, where she befriends the lovable seven dwarfs - Doc, Sneezy, Grumpy, Happy, Bashful, Sleepy, and Dopey. But when the Queen tricks Snow White with a poisoned apple and falling into a deep sleep, only the magic of true love's kiss can awaken her.",English,United States,Nominated for 1 Oscar. 13 wins & 6 nominations total,https://m.media-amazon.com/images/M/MV5BMTQwMzE2Mzc4M15BMl5BanBnXkFtZTcwMTE4NTc1Nw@@._V1_SX300.jpg,"[{'Source': 'Internet Movie Database', 'Value': '7.6/10'}, {'Source': 'Metacritic', 'Value': '96/100'}]",96,7.6,"236,328",tt0029583,movie,27 Mar 2007,"$184,925,486",N/A,N/A,True,Blanca nieves y los Siete Enanos,
"Barney: Read with Me, Dance with Me",2004,N/A,01 Jan 2004,53 min,N/A,N/A,N/A,"Jeff Ayers, Makayla Crawford, Selena Gomez, Julie Johnson","Barney's friends are holding a book drive in the park, and every time they open a book, a new tale begins! Reading helps their imaginations grow and inspires them to build a make-believe rocket, put on a circus - and create their own books!",English,USA,N/A,https://m.media-amazon.com/images/M/MV5BNzQ2ODA2MzEwN15BMl5BanBnXkFtZTgwNzg3NjA2MDE@._V1_SX300.jpg,[],N/A,N/A,N/A,tt2234540,movie,N/A,N/A,N/A,N/A,True,Barney: Lee y baila conmigo en sala,
Black Beauty,1994,G,29 Jul 1994,88 min,"Adventure, Drama, Family",Caroline Thompson,"Anna Sewell, Caroline Thompson","Sean Bean, David Thewlis, Docs Keepin Time","Black Beauty, a beautiful black stallion in 1870s England, recalls his life from his birth through his carefree life as a colt to the many hardships he suffered after achieving maturity. He goes through many owners, both good and bad, until he finally finds happiness and contentment.",English,"United Kingdom, United States",1 win & 1 nomination total,https://m.media-amazon.com/images/M/MV5BY2JhNzY4MGItZGExOS00NjQ2LTljN2ItZjZjNTZmZGQ4NGQzXkEyXkFqcGc@._V1_SX300.jpg,"[{'Source': 'Internet Movie Database', 'Value': '6.6/10'}]",N/A,6.6,"11,171",tt0109279,movie,N/A,"$4,630,377",N/A,N/A,True,Belleza negra,
Beetlejuice,1988,PG,30 Mar 1988,92 min,"Comedy, Fantasy",Tim Burton,"Michael McDowell, Warren Skaaren, Larry Wilson","Alec Baldwin, Geena Davis, Michael Keaton","Adam and Barbara are a normal couple...who happen to be dead. They have given their precious time to decorate their house and make it their own, but unfortunately a family is moving in, and not quietly. Adam and Barbara try to scare them out, but end up becoming the main attraction to the money making family. They call upon Beetlejuice to help, but Beetlejuice has more in mind than just helping.",English,United States,Won 1 Oscar. 7 wins & 11 nominations total,https://m.media-amazon.com/images/M/MV5BYjkwNzVlNDEtMTJlNy00OTdlLTljYWItM2RkZmZkYzY3YjM2XkEyXkFqcGc@._V1_SX300.jpg,"[{'Source': 'Internet Movie Database', 'Value': '7.4/10'}, {'Source': 'Rotten Tomatoes', 'Value': '83%'}, {'Source': 'Metacritic', 'Value': '71/100'}]",71,7.4,"416,001",tt0094721,movie,N/A,"$74,664,632",N/A,N/A,True,Beetlejuice super fantasma,
Finding Nemo,2003,G,30 May 2003,100 min,"Animation, Adventure, Comedy","Andrew Stanton, Lee Unkrich","Andrew Stanton, Bob Peterson, David Reynolds","Albert Brooks, Ellen DeGeneres, Alexander Gould","A clown fish named Marlin lives in the Great Barrier Reef and loses his son, Nemo, after he ventures into the open sea, despite his father's constant warnings about many of the ocean's dangers. Nemo is abducted by a boat and netted up and sent to a dentist's office in Sydney. While Marlin ventures off to try to retrieve Nemo, Marlin meets a fish named Dory, a blue tang suffering from short-term memory loss. The companions travel a great distance, encountering various dangerous sea creatures such as sharks, anglerfish and jellyfish, in order to rescue Nemo from the dentist's office, which is situated by Sydney Harbour. While the two are searching the ocean far and wide, Nemo and the other sea animals in the dentist's fish tank plot a way to return to the sea to live their lives free again.","English, Japanese, Russian","United States, Japan, Australia, Kazakhstan, Armenia",Won 1 Oscar. 49 wins & 63 nominations total,https://m.media-amazon.com/images/M/MV5BMTc5NjExNTA5OV5BMl5BanBnXkFtZTYwMTQ0ODY2._V1_SX300.jpg,"[{'Source': 'Internet Movie Database', 'Value': '8.2/10'}, {'Source': 'Rotten Tomatoes', 'Value': '99%'}, {'Source': 'Metacritic', 'Value': '90/100'}]",90,8.2,"1,196,544",tt0266543,movie,N/A,"$380,843,261",N/A,N/A,True,Buscando a Nemo,
The Witches,1990,PG,24 Aug 1990,91 min,"Adventure, Comedy, Family",Nicolas Roeg,"Roald Dahl, Allan Scott","Anjelica Huston, Mai Zetterling, Jasen Fisher","A recently orphaned young boy is taken to a seaside hotel in England by his grandmother, who is recuperating after an illness.. Also staying at their hotel is a group of witches who have gathered to prepare a plot to rid England of all children.",English,"United Kingdom, United States",Nominated for 1 BAFTA Award3 wins & 8 nominations total,https://m.media-amazon.com/images/M/MV5BMjI1MDg5NzAyMV5BMl5BanBnXkFtZTgwNzU5Mzk4NjE@._V1_SX300.jpg,"[{'Source': 'Internet Movie Database', 'Value': '6.8/10'}, {'Source': 'Rotten Tomatoes', 'Value': '94%'}, {'Source': 'Metacritic', 'Value': '78/100'}]",78,6.8,"58,478",tt0100944,movie,N/A,"$10,360,553",N/A,N/A,True,"""Brujas, Las The witches""",
Daffy Duck and the Dinosaur,1939,Approved,22 Apr 1939,8 min,"Animation, Short, Adventure",Chuck Jones,Dave Monahan,"Mel Blanc, Jack Lescoulie","Go back billions of years to the dinosaur age with Caspar Caveman and his pet dino, Fido. Caspar spots Daffy in a lake and hunts him but Daffy just keeps outsmarting him.",English,United States,N/A,https://m.media-amazon.com/images/M/MV5BNGM4OGJmZGItMjg1My00ZmY3LTgwZTItNjllMjBhY2M2YzViXkEyXkFqcGdeQXVyNTA4NzExMDg@._V1_SX300.jpg,"[{'Source': 'Internet Movie Database', 'Value': '6.7/10'}]",N/A,6.7,"1,026",tt0031202,movie,N/A,N/A,N/A,N/A,True,Cartoon craze: Daffy Duck y el dinosaurio,
Corpse Bride,2005,PG,23 Sep 2005,77 min,"Animation, Comedy, Drama","Tim Burton, Mike Johnson","Tim Burton, Carlos Grangel, John August","Johnny Depp, Helena Bonham Carter, Emily Watson","Set back in the late 1800s in a Victorian village, a man and woman by the names of Victor Van Dort and Victoria Everglot are betrothed because the Everglots need the money or else they'll be living on the streets and the Van Dorts want to be high in society. But when things go wrong at the wedding rehearsal, Victor goes into the woods to practice his vows. Just as soon as he gets them right, he finds himself married to Emily, the corpse bride. While Victoria waits on the other side, there's a rich newcomer that may take Victor's place. So two brides, one groom, who will Victor pick?",English,"United States, United Kingdom",Nominated for 1 Oscar. 9 wins & 30 nominations total,https://m.media-amazon.com/images/M/MV5BMTk1MTY1NjU4MF5BMl5BanBnXkFtZTcwNjIzMTEzMw@@._V1_SX300.jpg,"[{'Source': 'Internet Movie Database', 'Value': '7.4/10'}, {'Source': 'Rotten Tomatoes', 'Value': '85%'}, {'Source': 'Metacritic', 'Value': '83/100'}]",83,7.4,"324,184",tt0121164,movie,N/A,"$53,401,527",N/A,N/A,True,"""Cadáver de la novia, el""",
Sing and Dance with Barney,1999,TV-G,12 Jan 1999,55 min,Family,Steve Feldman,"Mark S. Bernthal, Sheryl Leach (developer), Kathy Parker (developer), Dennis DeShazer (developer)","Bob West, David Joyner, Julie Johnson, Jeff Ayers","Come celebrate with Barney(tm) as he plans a very special sing-along party and invites many of his friends, old and new! The group enjoys singing their all-time favorites while being transported to Tee-riffic places such as a farm, a campsite in the woods and a storybook land. This is a celebration no Barney fan will want to miss!","English, American Sign Language",USA,N/A,https://m.media-amazon.com/images/M/MV5BMTUxMjUwNTUzOV5BMl5BanBnXkFtZTgwMTM5NjA2MDE@._V1_SX300.jpg,"[{'Source': 'Internet Movie Database', 'Value': '7.3/10'}]",N/A,7.3,23,tt2259296,movie,N/A,N/A,N/A,N/A,True,Canta y Baila con Barney,
Bratz the Video: Starrin' & Stylin',2004,G,03 Aug 2004,59 min,Animation,Nick Rijgersberg,"Carter Bryant (characters), Norah Lally, Meg Martin","Ogie Banks, Soleil Moon Frye, Olivia Hack, Tia Mowry-Hardrict","Cloe, Yasmin, Jade, and Sasha need to get an art project done that is about self-expression, but they need to find a way to get the project done and be able to go to the prom.",English,"USA, Canada",N/A,https://m.media-amazon.com/images/M/MV5BMjM1Mzc4NDIzOF5BMl5BanBnXkFtZTgwODk3MzA2MDE@._V1_SX300.jpg,"[{'Source': 'Internet Movie Database', 'Value': '5.0/10'}]",N/A,5.0,178,tt1469259,movie,N/A,N/A,N/A,N/A,True,"""Bratz, video El""",
The Golden Compass,2007,PG-13,07 Dec 2007,113 min,"Adventure, Family, Fantasy",Chris Weitz,"Chris Weitz, Philip Pullman","Nicole Kidman, Daniel Craig, Dakota Blue Richards","It was no ordinary life for a young girl: living among scholars in the hallowed halls of Jordan College and tearing unsupervised through Oxford's motley streets on mad quests for adventure. But Lyra's greatest adventure would begin closer to home, the day she heard hushed talk of an extraordinary particle. Microscopic in size, the magical dust--discovered in the vast Arctic expanse of the North--was rumored to possess profound properties that could unite whole universes. But there were those who feared the particle and would stop at nothing to destroy it. Catapulted into the heart of a terrible struggle, Lyra was forced to seek aid from clans, 'gyptians, and formidable armored bears. And as she journeyed into unbelievable danger, she had not the faintest clue that she alone was destined to win, or to lose, this more-than-mortal battle...","English, Icelandic, Russian, French","United Kingdom, United States, Canada, France, Australia",Won 1 Oscar. 7 wins & 32 nominations total,https://m.media-amazon.com/images/M/MV5BMTM2NDkxMjQxMV5BMl5BanBnXkFtZTYwNTMxMDM4._V1_SX300.jpg,"[{'Source': 'Internet Movie Database', 'Value': '6.1/10'}, {'Source': 'Rotten Tomatoes', 'Value': '42%'}, {'Source': 'Metacritic', 'Value': '51/100'}]",51,6.1,"199,671",tt0385752,movie,N/A,"$70,107,728",N/A,N/A,True,"""Brújula dorada, la""",
Charlie and the Chocolate Factory,2005,PG,15 Jul 2005,115 min,"Adventure, Comedy, Family",Tim Burton,"Roald Dahl, John August","Johnny Depp, Freddie Highmore, David Kelly","When Willy Wonka decides to let five children into his chocolate factory, he decides to release five golden tickets in five separate chocolate bars, causing complete mayhem. The tickets start to be found, with the fifth going to a very special boy, called Charlie Bucket. With his Grandpa, Charlie joins the rest of the children to experience the most amazing factory ever. But not everything goes to plan within the factory.",English,"United Kingdom, United States",Nominated for 1 Oscar. 15 wins & 52 nominations total,https://m.media-amazon.com/images/M/MV5BNjcxMjg1Njg2NF5BMl5BanBnXkFtZTcwMjQ4NzMzMw@@._V1_SX300.jpg,"[{'Source': 'Internet Movie Database', 'Value': '6.7/10'}, {'Source': 'Rotten Tomatoes', 'Value': '83%'}, {'Source': 'Metacritic', 'Value': '72/100'}]",72,6.7,"566,515",tt0367594,movie,N/A,"$206,459,076",N/A,N/A,True,Charlie y la fabrica de chocolate en sala,
Babe,1995,G,04 Aug 1995,91 min,"Comedy, Drama, Family",Chris Noonan,"Dick King-Smith, George Miller, Chris Noonan","James Cromwell, Magda Szubanski, Christine Cavanaugh","Gentle farmer Arthur Hoggett wins a piglet named Babe at a county fair. Narrowly escaping his fate as Christmas dinner when Farmer Hoggett decides to show him at the next fair, Babe bonds with motherly border collie Fly and discovers that he can herd sheep too. But will the other farm animals, including Fly's jealous husband, Rex, accept a pig who doesn't conform to the farm's social hierarchy?",English,"Australia, United States, United Kingdom",Won 1 Oscar. 20 wins & 26 nominations total,https://m.media-amazon.com/images/M/MV5BODYxZWZiMTgtMjJhOC00OTE1LTk0MmQtMGFiOGY3ZTAwZGRjXkEyXkFqcGc@._V1_SX300.jpg,"[{'Source': 'Internet Movie Database', 'Value': '6.9/10'}, {'Source': 'Rotten Tomatoes', 'Value': '98%'}, {'Source': 'Metacritic', 'Value': '83/100'}]",83,6.9,"141,471",tt0112431,movie,N/A,"$63,658,910",N/A,N/A,True,Babe: el puerquito valiente,
101 Dalmatians,1996,G,27 Nov 1996,103 min,"Adventure, Comedy, Crime",Stephen Herek,"Dodie Smith, John Hughes","Glenn Close, Jeff Daniels, Joely Richardson","After a wild chase in the bustling streets of London, struggling computer game author Roger (Jeff Daniels) and his male Dalmatian, Pongo - by a welcome twist of fate - are dragged into St. James Park and meet with charming fashion designer Anita (Joely Richardson) and her female Dalmatian, Perdita. Soon, one thing will lead to another, and before they know it, Roger and Anita will get married and the adorable Perdita, pregnant. However, their short-lived joy is disrupted when Anita's glamorous but horrible boss, Cruella DeVil (Glenn Close), dognaps the innocent puppies with the intention of making a luxurious coat with the dogs' fabulously spotted fur. Eventually, along with Perdita's fifteen puppies, Cruella will manage to bring the total to the staggering number of ninety-nine Dalmatians; nevertheless, are the cute little puppies as helpless as they look?","English, Spanish","United States, United Kingdom",Nominated for 1 BAFTA Award3 wins & 10 nominations total,https://m.media-amazon.com/images/M/MV5BOTA5MjAzZWYtZmQxMC00NWE0LWJkNWMtMzczNjg3ZTM1ZGRiXkEyXkFqcGc@._V1_SX300.jpg,"[{'Source': 'Internet Movie Database', 'Value': '5.8/10'}, {'Source': 'Rotten Tomatoes', 'Value': '40%'}, {'Source': 'Metacritic', 'Value': '50/100'}]",50,5.8,"123,975",tt0115433,movie,N/A,"$136,189,294",N/A,N/A,True,Ciento un dalmatas,
The Powerpuff Girls Movie,2002,PG,03 Jul 2002,73 min,"Animation, Action, Adventure",Craig McCracken,"Charlie Bean, Lauren Faust, Craig McCracken","Cathy Cavadini, Tara Strong, Elizabeth Daily","In the city of Townsville, the frustrated Professor Utonium is gathering all the ingredients to make a perfect little girl (sugar, spice, and everything nice). But when his lab assitant, a monkey named Jojo, causes the accidental addition of Chemical X to the mix, the Professor ends up with not one but 3 perfect, powerful little girls. It soon becomes obvious that Blossom, Bubbles, and Buttercup are not normal girls, they have superpowers and have not yet learned to control. The girls are treated like outcasts because they have inadvertently wrecked Townsville in a superpowered game of tag. To win the hearts of the people of Townsville, the girls are tricked into making a deal with Jojo who plans to take over Townsville. As the girls foil this threat and defeat an army of superpowered monkeys, the Powerpuff Girls learn that with great power comes great responsibility.",English,"United States, South Korea",N/A,https://m.media-amazon.com/images/M/MV5BNjQ2OWU4ZDgtNjY4YS00OTZkLWIyN2UtZGM0MmI0MDljYjI2XkEyXkFqcGc@._V1_SX300.jpg,"[{'Source': 'Internet Movie Database', 'Value': '6.5/10'}, {'Source': 'Rotten Tomatoes', 'Value': '63%'}, {'Source': 'Metacritic', 'Value': '65/100'}]",65,6.5,"11,232",tt0289408,movie,N/A,"$11,412,414","Warner Brothers, Cartoon Network",N/A,True,"""Chicas superpoderosas, las: la película""",
Count Duckula,1988–1993,TV-Y,06 Feb 1988,22 min,"Animation, Comedy, Family",N/A,N/A,"Barry Clayton, Jack May, Brian Trueman","Count Duckula is an egotistical vegetarian vampire duck who lives in a castle that can travel anywhere he wants to go. He lives with his servants: Nanny, his large and stupid nanny who always has her arm in a sling, and Igor, his evil butler. While Nanny accidentally destroys furniture and Igor attempts to turn the broccoli chomping duck to the dark side, a vampire hunter lurks around with a wooden stake-in-a-gun and unattractive intentions. Although ""Duckula"" is a spin-off of ""Dangermouse"", the humor is of a completely different and original style.",English,United Kingdom,N/A,https://m.media-amazon.com/images/M/MV5BZjIyZTdiM2EtNDhlYy00ZjBkLWE3MjAtMTYwZWVkNzgzNGIxXkEyXkFqcGc@._V1_SX300.jpg,"[{'Source': 'Internet Movie Database', 'Value': '7.4/10'}]",N/A,7.4,"4,482",tt0088500,series,,,,,True,"""Conde Patula, El""",4
Pixar Short Films Collection: Volume 1,2007,G,04 Oct 2007,55 min,"Animation, Comedy, Family, Fantasy, Sci-Fi","John Lasseter, Alvy Ray Smith, Roger Gould, Brad Bird, Ralph Eggleston, Bud Luckey",Ralph Eggleston,Larry the Cable Guy,"Pixar's unprecedented string of hit animated features was built on the short films in this collection. John Lasseter and Ed Catmull used these cartoons the way Walt Disney used the ""Silly Symphonies"" during the 1930s: as a training ground for artists and a way to explore the potential of a new medium. Although it's only 90 seconds long, ""Luxo, Jr."" (1986) ranks as the ""Steamboat Willie"" of computer animation: For the first time, audiences believed CG characters could think and feel. (It was also the first CG film to make audiences laugh.) The long-unseen films for Sesame Street are an unexpected bonus.",English,USA,N/A,https://m.media-amazon.com/images/M/MV5BM2Q4YjRkOTktYTQ1Mi00OWRiLWI4MTctMGM3YTI3OTc4ZmY5XkEyXkFqcGdeQXVyNjA0Mzc0MzI@._V1_SX300.jpg,"[{'Source': 'Internet Movie Database', 'Value': '8.1/10'}]",N/A,8.1,"1,151",tt4439852,movie,N/A,N/A,N/A,N/A,True,"""Cortos de Pixar, Los""",
"The Chronicles of Narnia: The Lion, the Witch and the Wardrobe",2005,PG,09 Dec 2005,143 min,"Adventure, Family, Fantasy",Andrew Adamson,"Ann Peacock, Andrew Adamson, Christopher Markus","Tilda Swinton, Georgie Henley, William Moseley","Four children from the same family have to leave their town because of the bombings of WWII. A woman and a professor take the children to their house. While playing a game of hide-and-seek, the youngest member of the family, Lucy, finds a wardrobe to hide in. She travels back and back into the wardrobe and finds a place named Narnia. After going in twice, the four children go in together for the last time. They battle wolves, meet talking animals, encounter an evil white witch and meet a magnificent lion named Aslan. Will this be the end of their journey to Narnia or will they stay?","English, German, Brazilian Sign ","United Kingdom, United States",Won 1 Oscar. 18 wins & 46 nominations total,https://m.media-amazon.com/images/M/MV5BMTc0NTUwMTU5OV5BMl5BanBnXkFtZTcwNjAwNzQzMw@@._V1_SX300.jpg,"[{'Source': 'Internet Movie Database', 'Value': '6.9/10'}, {'Source': 'Rotten Tomatoes', 'Value': '76%'}, {'Source': 'Metacritic', 'Value': '75/100'}]",75,6.9,"450,246",tt0363771,movie,N/A,"$291,710,957",N/A,N/A,True,"""Crónicas de Narnia, las""",
The Spiderwick Chronicles,2008,PG,14 Feb 2008,96 min,"Action, Adventure, Drama",Mark Waters,"Karey Kirkpatrick, David Berenbaum, John Sayles","Freddie Highmore, Sarah Bolger, David Strathairn","Once upon a time, upon moving into the run-down Spiderwick Estate with their mother Helen (Mary-Louise Parker), twin brothers Jared (Freddie Highmore) and Simon Grace (Freddie Highmore), along with their sister Mallory (Sarah Bolger), find themselves pulled into an alternate world full of fairies and other creatures. Unable to explain the strange disappearances and accidents that seem to be happening on a daily basis, the family blames it all on Jared. When he, Simon, and Mallory investigate what's really going on, they uncover the fantastic truth of the Spiderwick estate and of the creatures that inhabit it.",English,United States,2 wins & 8 nominations total,https://m.media-amazon.com/images/M/MV5BOWRiMmUzZTctYWUxNy00ZjkyLWE4NTctMzFlMTFkYmI5NmFkXkEyXkFqcGc@._V1_SX300.jpg,"[{'Source': 'Internet Movie Database', 'Value': '6.5/10'}, {'Source': 'Rotten Tomatoes', 'Value': '81%'}, {'Source': 'Metacritic', 'Value': '62/100'}]",62,6.5,"108,428",tt0416236,movie,N/A,"$71,195,053",N/A,N/A,True,"""Crónicas de Spiderwick, las""",
Happily N'Ever After,2006,PG,05 Jan 2007,87 min,"Animation, Adventure, Comedy","Paul Bolger, Yvette Kaplan, Greg Tiernan","Robert Moreland, Doug Langdale, Andre Sikojev","Sigourney Weaver, Sarah Michelle Gellar, Patrick Warburton","As the story begins, an alliance of evil fairy tale-doers, led by Frieda, looks to take over Fairy Tale Land and take control of. But when Ella A.K.A. Cinderella realizes her own evil stepmother is out to ruin her storybook existence, she takes a dramatic turn and blossoms into the leader of the resistance effort.",English,"United States, Germany, Canada, United Kingdom, Australia, Japan",1 nomination total,https://m.media-amazon.com/images/M/MV5BNzA3MTA0Mjk1M15BMl5BanBnXkFtZTcwNTE0NTQ0MQ@@._V1_SX300.jpg,"[{'Source': 'Internet Movie Database', 'Value': '4.5/10'}, {'Source': 'Rotten Tomatoes', 'Value': '6%'}, {'Source': 'Metacritic', 'Value': '28/100'}]",28,4.5,"11,451",tt0308353,movie,N/A,"$15,589,393",N/A,N/A,True,Cuentos que no son cuento,
Where the Wild Things Are,2009,PG,16 Oct 2009,101 min,"Adventure, Drama, Family",Spike Jonze,"Spike Jonze, Dave Eggers, Maurice Sendak","Max Records, Catherine O'Hara, Forest Whitaker","A young boy named Max has an active imagination, and he will throw fits if others don't go along with what he wants. Max - following an incident with Claire (his sister) and her friends, and following a tantrum which he throws as a result of his Mother paying more attention to her boyfriend than to him - runs away from home. Wearing his wolf costume at the time, Max not only runs away physically, but runs toward a world in his imagination. This world, an ocean away, is inhabited by large wild beasts, including one named Carol who is much like Max himself in temperament. Instead of eating Max like they normally would with creatures of his type, the wild things befriend Max after he proclaims himself a king who can magically solve all their problems.",English,"Germany, United States, Australia",7 wins & 54 nominations total,https://m.media-amazon.com/images/M/MV5BNzQ1NzAwODEwM15BMl5BanBnXkFtZTcwNTE4MjI4Mg@@._V1_SX300.jpg,"[{'Source': 'Internet Movie Database', 'Value': '6.7/10'}, {'Source': 'Rotten Tomatoes', 'Value': '73%'}, {'Source': 'Metacritic', 'Value': '71/100'}]",71,6.7,"111,109",tt0386117,movie,N/A,"$77,233,467",N/A,N/A,True,Donde viven los monstruos,
Ice Age,2002,PG,15 Mar 2002,81 min,"Animation, Adventure, Comedy","Chris Wedge, Carlos Saldanha","Michael Berg, Michael J. Wilson, Peter Ackerman","Denis Leary, John Leguizamo, Ray Romano","Back when the Earth was being overrun by glaciers, and animals were scurrying to save themselves from the upcoming Ice Age, a sloth named Sid, a woolly mammoth named Manny, and a saber-toothed tiger named Diego are forced to become unlikely heroes. The three reluctantly come together when they have to return a human child to its father while braving the deadly elements of the impending Ice Age.",English,United States,Nominated for 1 Oscar. 5 wins & 30 nominations total,https://m.media-amazon.com/images/M/MV5BMDBlYzU2OGMtOGJjNi00ZGZjLWIwNjMtYzdiZjkwYWNjZDljXkEyXkFqcGc@._V1_SX300.jpg,"[{'Source': 'Internet Movie Database', 'Value': '7.5/10'}, {'Source': 'Rotten Tomatoes', 'Value': '76%'}, {'Source': 'Metacritic', 'Value': '61/100'}]",61,7.5,"560,233",tt0268380,movie,N/A,"$176,387,405",N/A,N/A,True,"""Era de hielo 1, La. solo en sala""",
Ice Age: The Meltdown,2006,PG,31 Mar 2006,91 min,"Animation, Adventure, Comedy",Carlos Saldanha,"Peter Gaulke, Gerry Swallow, Jim Hecht","Ray Romano, John Leguizamo, Denis Leary","Manny the woolly mammoth, Sid the sloth, Diego the saber-toothed tiger, and the hapless prehistoric squirrel/rat known as Scrat are still together and enjoying the perks of their now melting world. Manny may be ready to start a family, but nobody has seen another mammoth for a long time; Manny thinks he may be the last one. That is, until he miraculously finds Ellie, the only female mammoth left in the world. Their only problems: They can't stand each other--and Ellie somehow thinks she's a possum! Ellie comes with some excess baggage in the form of her two possum ""brothers""-- Crash and Eddie, a couple of daredevil pranksters and cocky, loud-mouthed troublemakers. Manny, Sid and Diego quickly learn that the warming climate has one major drawback: A huge glacial dam holding off oceans of water is about to break, threatening the entire valley. The only chance of survival lies at the other end of the valley. So our three heroes, along with Ellie, Crash and Eddie, form the most unlikely family--in any ""Age""-- as they embark on a mission across an ever-changing, increasingly dangerous landscape towards their salvation.",English,"United States, United Kingdom",8 wins & 16 nominations total,https://m.media-amazon.com/images/M/MV5BMjAwODg3OTAxMl5BMl5BanBnXkFtZTcwMjg2NjYyMw@@._V1_SX300.jpg,"[{'Source': 'Internet Movie Database', 'Value': '6.8/10'}, {'Source': 'Rotten Tomatoes', 'Value': '56%'}, {'Source': 'Metacritic', 'Value': '59/100'}]",59,6.8,"316,256",tt0438097,movie,N/A,"$195,330,621",N/A,N/A,True,"""Era del hielo 2, La . solo en sala""",
Lady and the Tramp,1955,G,22 Jun 1955,76 min,"Animation, Adventure, Comedy","Clyde Geronimi, Wilfred Jackson, Hamilton Luske","Ward Greene, Erdman Penner, Joe Rinaldi","Barbara Luddy, Larry Roberts, Peggy Lee","Lady, a golden cocker spaniel, meets up with a mongrel dog who calls himself the Tramp. He is obviously from the wrong side of town, but happenings at Lady's home make her decide to travel with him for a while. This turns out to be a bad move, as no dog is above the law.",English,United States,Nominated for 1 BAFTA Award3 wins & 2 nominations total,https://m.media-amazon.com/images/M/MV5BMjA1NmQ2MTYtNzU0NC00NzBiLWJmZmQtM2FlNDViODk4OWEwXkEyXkFqcGc@._V1_SX300.jpg,"[{'Source': 'Internet Movie Database', 'Value': '7.3/10'}, {'Source': 'Rotten Tomatoes', 'Value': '91%'}, {'Source': 'Metacritic', 'Value': '78/100'}]",78,7.3,"160,587",tt0048280,movie,N/A,"$93,602,326",N/A,N/A,True,"""Dama y el Vagabundo,La""",
Ella Enchanted,2004,PG,09 Apr 2004,96 min,"Comedy, Family, Fantasy",Tommy O'Haver,"Laurie Craig, Karen McCullah, Kirsten Smith","Anne Hathaway, Hugh Dancy, Cary Elwes","Based on Gail Carson Levine's award winning novel, this is the story of Ella, a young woman who was given a ""gift"" of obedience by a fairy named Lucinda. She must obey anything anyone tells her to do. When her mother passes away, she is cared for by her thoughtless and greedy father who remarries a loathsome woman with two treacherous daughters. This modern-day, fantasy Cinderella story features fairies, ogres and elves...as well as a hero in the guise of Prince Charmont, whom Ella falls in love with. Unlike Cinderella though, she must depend on herself and her intelligence to get her through her troubles and find Lucinda in order for her ""curse"" to be broken!",English,"Ireland, United Kingdom, United States",1 nomination total,https://m.media-amazon.com/images/M/MV5BMDhiYWE2YTQtYjgzNy00ZjlmLWFiZTctODBkNGIxZTJjOGNlXkEyXkFqcGc@._V1_SX300.jpg,"[{'Source': 'Internet Movie Database', 'Value': '6.3/10'}, {'Source': 'Rotten Tomatoes', 'Value': '51%'}, {'Source': 'Metacritic', 'Value': '53/100'}]",53,6.3,"80,202",tt0327679,movie,N/A,"$22,918,387",N/A,N/A,True,Ella está encantada,
Happily N'ever After 2: Snow White: Another Bite at the Apple,2009,TV-PG,02 Oct 2009,75 min,"Animation, Adventure, Comedy","Steven E. Gordon, Boyd Kirkland",Chris Denk,"G.K. Bowes, Cam Clarke, Doug Erholtz","Fairy tales collide when Mambo and Munk tip the scales of good and evil once again. This time Princess Snow White is a misguided teenager who'd rather have fun with friends Red Riding Hood, Goldilocks and Little Bo Peep than help peasants. When Snow White's father is matched up with Lady Vain - a scheming witch brewing to rule the kingdom - Snow White becomes a thorn in Lady Vain's side. Snow White is soon tricked by Lady Vain (with Rumpelstiltskin's help) into spreading vicious gossip about the townspeople, forcing her to flee. Through rebuilding the three little pigs' houses with the seven dwarves leading the way, Snow White learns the value of helping others. Only Snow White can foil her dad's wedding to stop Lady Vain. With Mambo and Munk in tow, Snow White proves she can rule the kingdom, while bringing balance back to the scales of good and evil.",English,"United States, Germany, United Kingdom",N/A,https://m.media-amazon.com/images/M/MV5BMGYzNjkxMmYtZmZjMi00NTA4LWE4ZWMtYWM0MzljOWQzZGIxXkEyXkFqcGc@._V1_SX300.jpg,"[{'Source': 'Internet Movie Database', 'Value': '3.6/10'}]",N/A,3.6,"2,112",tt1235837,movie,N/A,N/A,N/A,N/A,True,Colorin colorado este cuento se ha acabado,
How to Train Your Dragon 2,2014,PG,13 Jun 2014,102 min,"Animation, Action, Adventure",Dean DeBlois,"Dean DeBlois, Cressida Cowell","Jay Baruchel, Cate Blanchett, Gerard Butler","It's been five years since Hiccup and Toothless successfully united dragons and vikings on the island of Berk. While Astrid, Snotlout and the rest of the gang are challenging each other to dragon races (the island's new favorite contact sport), the now inseparable pair journey through the skies, charting unmapped territories and exploring new worlds. When one of their adventures leads to the discovery of a secret ice cave that is home to hundreds of new wild dragons and the mysterious Dragon Rider, the two friends find themselves at the center of a battle to protect the peace. Now, Hiccup and Toothless must unite to stand up for what they believe while recognizing that only together do they have the power to change the future of both men and dragons.",English,"United States, India",Nominated for 1 Oscar. 15 wins & 61 nominations total,https://m.media-amazon.com/images/M/MV5BMzMwMTAwODczN15BMl5BanBnXkFtZTgwMDk2NDA4MTE@._V1_SX300.jpg,"[{'Source': 'Internet Movie Database', 'Value': '7.8/10'}, {'Source': 'Rotten Tomatoes', 'Value': '92%'}, {'Source': 'Metacritic', 'Value': '77/100'}]",77,7.8,"398,152",tt1646971,movie,N/A,"$177,002,924",N/A,N/A,True,"""Cómo entrenar a tu dragón, 2 How to train your...""",
Shark Tale,2004,PG,01 Oct 2004,90 min,"Animation, Adventure, Comedy","Bibo Bergeron, Vicky Jenson, Rob Letterman","Michael J. Wilson, Rob Letterman, Scott Aukerman","Will Smith, Robert De Niro, Renée Zellweger","The sea underworld is shaken up when the son of shark mob boss Don Lino (Robert De Niro) is found dead, and a young fish named Oscar (Will Smith) is found at the scene. Being a bottom feeder, Oscar takes advantage of the situation and makes himself look like he killed the finned mobster. Oscar soon comes to realize that his claim may have serious consequences.",English,United States,Nominated for 1 Oscar. 3 wins & 16 nominations total,https://m.media-amazon.com/images/M/MV5BMTMxMjY0NzE2M15BMl5BanBnXkFtZTcwNTc3ODcyMw@@._V1_SX300.jpg,"[{'Source': 'Internet Movie Database', 'Value': '6.0/10'}, {'Source': 'Rotten Tomatoes', 'Value': '35%'}, {'Source': 'Metacritic', 'Value': '48/100'}]",48,6.0,"211,362",tt0307453,movie,N/A,"$160,861,908",N/A,N/A,True,"""Espantatiburones, El""",
The Polar Express,2004,G,10 Nov 2004,100 min,"Animation, Adventure, Family",Robert Zemeckis,"Chris Van Allsburg, Robert Zemeckis, William Broyles Jr.","Tom Hanks, Chris Coppola, Michael Jeter","This is the story of a young hero boy on Christmas Eve who boards on a powerful magical train that's headed to the North Pole and Santa Claus's home. What unfolds is an adventure which follows a doubting boy, who takes an extraordinary train ride to the North Pole; during this ride, he embarks on a journey of self-discovery which shows him that the wonder of life never fades for those who believe.",English,"United States, Australia",Nominated for 3 Oscars. 5 wins & 26 nominations total,https://m.media-amazon.com/images/M/MV5BMTM1NTU0NTE4MV5BMl5BanBnXkFtZTcwMTQ0MjEzMw@@._V1_SX300.jpg,"[{'Source': 'Internet Movie Database', 'Value': '6.6/10'}, {'Source': 'Rotten Tomatoes', 'Value': '55%'}, {'Source': 'Metacritic', 'Value': '61/100'}]",61,6.6,"270,029",tt0338348,movie,N/A,"$191,019,448",N/A,N/A,True,"""Expreso polar, El""",
Dumbo,1941,G,31 Oct 1941,64 min,"Animation, Adventure, Drama","Samuel Armstrong, Norman Ferguson, Wilfred Jackson","Joe Grant, Dick Huemer, Otto Englander","Sterling Holloway, Edward Brophy, James Baskett","The stork delivers a baby elephant to Mrs. Jumbo, veteran of the circus, but the newborn is ridiculed because of his truly enormous ears and dubbed ""Dumbo"". After being separated from his mother, Dumbo is relegated to the circus' clown acts; it is up to his only friend, a mouse, to assist Dumbo to achieve his full potential.",English,United States,Won 1 Oscar. 6 wins & 1 nomination total,https://m.media-amazon.com/images/M/MV5BNzIzZWZmM2ItNGMzOC00MGFiLTgxODgtNTQ2Mzk3ZWE1MzYxXkEyXkFqcGc@._V1_SX300.jpg,"[{'Source': 'Internet Movie Database', 'Value': '7.2/10'}, {'Source': 'Rotten Tomatoes', 'Value': '95%'}, {'Source': 'Metacritic', 'Value': '96/100'}]",96,7.2,"149,916",tt0033563,movie,N/A,N/A,N/A,N/A,True,Dumbo/ Dumbo edición especial,
Ice Age: Dawn of the Dinosaurs,2009,PG,01 Jul 2009,94 min,"Animation, Adventure, Comedy","Carlos Saldanha, Michael Thurmeier","Michael Berg, Peter Ackerman, Mike Reiss","Ray Romano, John Leguizamo, Denis Leary","After the events of ""Ice Age: The Meltdown"", life begins to change for Manny and his friends: Scrat is still on the hunt to hold onto his beloved acorn, while finding a possible romance in a female sabre-toothed squirrel named Scratte. Manny and Ellie, having since become an item, are expecting a baby, which leaves Manny anxious to ensure that everything is perfect for when his baby arrives. Diego is fed up with being treated like a house-cat and ponders the notion that he is becoming too laid-back. Sid begins to wish for a family of his own, and so steals some dinosaur eggs which leads to Sid ending up in a strange underground world where his herd must rescue him, while dodging dinosaurs and facing danger left and right, and meeting up with a one-eyed weasel known as Buck who hunts dinosaurs intently.",English,"United States, United Kingdom, Canada",3 wins & 13 nominations total,https://m.media-amazon.com/images/M/MV5BZWJjZDYwMjgtZDZiMy00YzcyLThjN2YtYjI1ZDQ2ZDJkOTVmXkEyXkFqcGc@._V1_SX300.jpg,"[{'Source': 'Internet Movie Database', 'Value': '6.9/10'}, {'Source': 'Rotten Tomatoes', 'Value': '46%'}, {'Source': 'Metacritic', 'Value': '50/100'}]",50,6.9,"283,955",tt1080016,movie,N/A,"$196,573,705",N/A,N/A,True,"""Era del hielo 3, La. solo en sala""",
The Nightmare Before Christmas,1993,PG,29 Oct 1993,76 min,"Animation, Adventure, Family",Henry Selick,"Caroline Thompson, Michael McDowell, Tim Burton","Danny Elfman, Chris Sarandon, Catherine O'Hara","Jack Skellington, the pumpkin king of Halloween Town, is bored with doing the same thing every year for Halloween. One day he stumbles into Christmas Town, and is so taken with the idea of Christmas that he tries to get the resident bats, ghouls, and goblins of Halloween Town to help him put on Christmas instead of Halloween -- but alas, they can't get it quite right.",English,United States,Nominated for 1 Oscar. 7 wins & 17 nominations total,https://m.media-amazon.com/images/M/MV5BNmYxOTAzZWYtOGI3Yi00ODc3LTk5ZjYtZTY0MzVkZTg3YmRiXkEyXkFqcGc@._V1_SX300.jpg,"[{'Source': 'Internet Movie Database', 'Value': '7.9/10'}, {'Source': 'Rotten Tomatoes', 'Value': '95%'}, {'Source': 'Metacritic', 'Value': '82/100'}]",82,7.9,"409,668",tt0107688,movie,N/A,"$94,707,435",N/A,N/A,True,"""Extraño mundo de Jack, el""",
E.T. the Extra-Terrestrial,1982,PG,11 Jun 1982,115 min,"Adventure, Family, Sci-Fi",Steven Spielberg,Melissa Mathison,"Henry Thomas, Drew Barrymore, Peter Coyote","After a gentle alien becomes stranded on Earth, the being is discovered and befriended by a young boy named Elliott. Bringing the extraterrestrial into his suburban California house, Elliott introduces E.T., as the alien is dubbed, to his brother and his little sister, Gertie, and the children decide to keep its existence a secret. Soon, however, E.T. falls ill, resulting in government intervention and a dire situation for both Elliott and the alien.",English,United States,Won 4 Oscars. 52 wins & 39 nominations total,https://m.media-amazon.com/images/M/MV5BYTNhNmY0YWMtMTczYi00MTA0LThhMmUtMTIxYzE0Y2QwMzRlXkEyXkFqcGc@._V1_SX300.jpg,"[{'Source': 'Internet Movie Database', 'Value': '7.9/10'}, {'Source': 'Rotten Tomatoes', 'Value': '99%'}, {'Source': 'Metacritic', 'Value': '92/100'}]",92,7.9,"468,998",tt0083866,movie,N/A,"$439,454,989",N/A,N/A,True,E.T. El extraterrestre,
Garfield,2017,N/A,19 Jan 2018,13 min,"Short, Drama",Georgi Banks-Davies,Myra Appannah,"Matthew Trevannion, Mandeep Dhillon","Krishna wakes up in a strange place, with a strange guy. As she pieces together how she got there, she realises that the reasons may be bigger than just the night before.",English,United Kingdom,2 nominations total,https://m.media-amazon.com/images/M/MV5BNjk2YTJjYjQtMTUyNC00Nzg0LTk3YmEtZmE3OTkxN2FmM2EyXkEyXkFqcGc@._V1_SX300.jpg,"[{'Source': 'Internet Movie Database', 'Value': '8.5/10'}]",N/A,8.5,149,tt6585312,movie,N/A,N/A,N/A,N/A,True,Gardfield 1,
George of the Jungle,1997,PG,16 Jul 1997,92 min,"Action, Adventure, Comedy",Sam Weisman,"Jay Ward, Dana Olsen, Audrey Wells","Brendan Fraser, Leslie Mann, Thomas Haden Church","Baby George got into a plane crash in a jungle, stayed alive and was adopted by a wise ape. Ursula Stanhope, US noble woman is saved from death on safari by grown-up George, and he takes her to jungle to live with him. He slowly learns a rules of human relationships, while Ursula's lover Lyle is looking for her and the one who took her. After they are found, Ursula takes George to the USA.","English, Spanish",United States,1 win & 3 nominations total,https://m.media-amazon.com/images/M/MV5BOWYwMzU2MDgtNTJmNy00MGRjLWI4N2ItNjA2ZGZkMTVjNjhmXkEyXkFqcGc@._V1_SX300.jpg,"[{'Source': 'Internet Movie Database', 'Value': '5.6/10'}, {'Source': 'Rotten Tomatoes', 'Value': '56%'}, {'Source': 'Metacritic', 'Value': '53/100'}]",53,5.6,"88,109",tt0119190,movie,N/A,"$105,263,257",N/A,N/A,True,George de la selva,
Piglet's Big Movie,2003,G,22 Apr 2003,75 min,"Animation, Adventure, Comedy",Francis Glebas,"Brian Hohlfeld, A.A. Milne, Ted Henning","John Fiedler, Jim Cummings, Ken Sansom","When the gang from the Hundred Acre Wood begin a honey harvest, young Piglet is excluded and told that he is too small to help. Feeling inferior, Piglet disappears and his pals Eeyore, Rabbit, Tigger, Roo, and Winnie the Pooh must use Piglet's scrapbook as a map to find him. In the process they discover that this very small animal has been a big hero in a lot of ways.",English,"United States, Japan",1 nomination total,https://m.media-amazon.com/images/M/MV5BMTc5MzE2ODAyOF5BMl5BanBnXkFtZTYwNTcwNDg3._V1_SX300.jpg,"[{'Source': 'Internet Movie Database', 'Value': '6.1/10'}, {'Source': 'Rotten Tomatoes', 'Value': '71%'}, {'Source': 'Metacritic', 'Value': '62/100'}]",62,6.1,"9,230",tt0323642,movie,N/A,"$23,103,423",N/A,N/A,True,"""Gran película de Piglet, la""",
A Goofy Movie,1995,G,07 Apr 1995,78 min,"Animation, Adventure, Comedy",Kevin Lima,"Jymn Magon, Chris Matheson, Brian Pimental","Bill Farmer, Jason Marsden, Jim Cummings","It's the last day of school, and Max wants to catch the eye of Roxanne, one of the more attractive girls in school. But how can you be cool when your dad's Goofy? Stage an impromptu concert at the final assembly, that's how! Or at least it sounded good until Principal Mazer found out. Goofy finds out about his son's antics (sort of), and decides a fishing trip, like his dad took him on, is the solution. Of course, he doesn't know that Max finally lands a date with Roxanne for a party thrown by the class valedictorian. Through the movie, Goofy tries to bring Max out of his shell, while Max resents being taken away, and lying to Roxanne about the trip (he tells her he &amp; his dad will be appearing on TV at the PowerLine concert in LA). Will Max sink or swim? Will Goofy goof up his son's first shot at romance? Will Bigfoot step back? And what about those nuns?",English,"United States, Australia, France, Canada, Spain",5 nominations total,https://m.media-amazon.com/images/M/MV5BY2Q0OTFmMWMtMjEyNC00YWE3LTg1MGEtM2JmZGFlM2E1YWMzXkEyXkFqcGc@._V1_SX300.jpg,"[{'Source': 'Internet Movie Database', 'Value': '7.0/10'}, {'Source': 'Rotten Tomatoes', 'Value': '64%'}, {'Source': 'Metacritic', 'Value': '53/100'}]",53,7.0,"67,760",tt0113198,movie,N/A,"$35,348,597",N/A,N/A,True,"""Goofy, la película""",
Big Hero 6,2014,PG,07 Nov 2014,102 min,"Animation, Action, Adventure","Don Hall, Chris Williams","Jordan Roberts, Robert L. Baird, Daniel Gerson","Ryan Potter, Scott Adsit, Jamie Chung","When a devastating event befalls the city of San Fransokyo and catapults Hiro into the midst of danger, he turns to Baymax and his close friends adrenaline junkie Go Go Tomago, neatnik Wasabi, chemistry whiz Honey Lemon and fanboy Fred. Determined to uncover the mystery, Hiro transforms his friends into a band of high-tech heroes called ""Big Hero 6.""",English,United States,Won 1 Oscar. 17 wins & 58 nominations total,https://m.media-amazon.com/images/M/MV5BYjQ3YzUyOGQtNjdlYS00YmRhLWIyOWYtMGQ3YjkwMjJiYzRjXkEyXkFqcGc@._V1_SX300.jpg,"[{'Source': 'Internet Movie Database', 'Value': '7.8/10'}, {'Source': 'Rotten Tomatoes', 'Value': '90%'}, {'Source': 'Metacritic', 'Value': '74/100'}]",74,7.8,"548,572",tt2245084,movie,N/A,"$222,527,828",N/A,N/A,True,Grandes héroes,
Garfield: A Tail of Two Kitties,2006,PG,16 Jun 2006,82 min,"Adventure, Comedy, Family",Tim Hill,"Joel Cohen, Alec Sokolow, Jim Davis","Breckin Meyer, Jennifer Love Hewitt, Billy Connolly","Garfield (Bill Murray) is back and this time he and his canine sidekick Odie follow their owner, Jon Arbuckle (Breckin Meyer), to England, the U.K. may never recover, as Garfield is mistaken for a look-alike, regal cat who has inherited a castle. Garfield savors the royal treatment afforded by his loyal four-legged subjects, but his reign is in jeopardy. The evil nefarious stubborn Lord Dargis (Sir Billy Connolly) is determined to do away with Garfield, so he can turn the castle into a resort. Garfield's bigger, better, more perfect world is soon turned upside down in this tale of two kitties.",English,"United Kingdom, United States",4 nominations total,https://m.media-amazon.com/images/M/MV5BNTRhMGU5NmYtOTVmNy00OGMzLWFhMWYtZjNlNWY3ZTY3MjBkXkEyXkFqcGc@._V1_SX300.jpg,"[{'Source': 'Internet Movie Database', 'Value': '5.0/10'}, {'Source': 'Rotten Tomatoes', 'Value': '12%'}, {'Source': 'Metacritic', 'Value': '37/100'}]",37,5.0,"49,822",tt0455499,movie,N/A,"$28,426,747",N/A,N/A,True,Gardfield 2,
Halo Legends,2010,PG-13,16 Feb 2010,120 min,"Animation, Action, Adventure, Sci-Fi","Frank O'Connor, Shinji Aramaki, Hideki Futamura, Toshiyuki Kan'no, Tomoki Kyôda, Kôichi Mashimo, Yasushi Muraki, Daisuke Nishio, Mamoru Oshii, Kôji Sawai, Hiroshi Yamazaki, Keiichi Sugiyama(co-director), Takahiro Tanaka(co-director)","Joseph Staten (game), Frank O'Connor (screenplay cooperation), Hiroshi Yamazaki (screenplay), Eiji Umehara (screenplay), Hiroyuki Kawasaki (screenplay), Daisuke Nishio (screenplay), Megumi Shimizu (screenplay), Dai Satô (screenplay), Ryan Morris (screenplay), Naruki Nagakawa (screenplay)","Josh Grelle, Brittney Karbowski, Luci Christian, Greg Ayres","A collection of seven stories from the Halo Universe created by Japan's most creative minds. First up is ""Origins"" a two part episode showing the expansive history of the Halo Universe and the history of the 100,000 year long franchise timeline, told through the eyes of Cortana. Second comes ""The Duel"" Taking place long before the Human-Covenant War, it tells the story of an Arbiter, Fal 'Chavamee, who refuses to accept the Covenant Religion. Taking a turn to the Spartan side of the story ""Homecoming"" focuses on the tragedies involving the Spartan-II recruitment in 2517, and the Spartans coming to terms with their origins. Taking a turn in tone comes ""Odd One Out"" a non-cannon parody of the Halo storyline. ""Prototype"" tells the story of a Marine who goes against his orders to destroy an advanced prototype armor and uses the suit to buy time for civilians evacuating from the planet. ""The Babysitter"" tales of the the rivalry between the Spartan-II Commandos and the Orbital Drop Shock Troopers as they're sent to Covenant-controlled world to assassinate a Covenant Prophet. And finally ""The Package"" a two-part all CGI film follows Master Chief and an elite squad of Spartan-II super soldiers as they execute a top-secret mission to retrieve a highly valuable UNSC asset on a Covenant Assault Carrier.","English, Japanese","USA, Japan",N/A,https://m.media-amazon.com/images/M/MV5BMzE5NDAzNDkwOV5BMl5BanBnXkFtZTgwNTE3ODAwNzE@._V1_SX300.jpg,"[{'Source': 'Internet Movie Database', 'Value': '6.6/10'}]",N/A,6.6,"5,142",tt1480660,movie,N/A,N/A,N/A,N/A,True,Halo leyendas,
The Iron Giant,1999,PG,06 Aug 1999,86 min,"Animation, Action, Adventure",Brad Bird,"Tim McCanlies, Brad Bird, Ted Hughes","Eli Marienthal, Harry Connick Jr., Jennifer Aniston","This is the story of a nine-year-old boy named Hogarth Hughes who makes friends with an innocent alien giant robot that came from outer space. Meanwhile, a paranoid U.S. Government agent named Kent Mansley arrives in town, determined to destroy the giant at all costs. It's up to Hogarth to protect him by keeping him at Dean McCoppin's place in the junkyard.",English,"United States, Czech Republic, United Kingdom",Won 1 BAFTA Award20 wins & 18 nominations total,https://m.media-amazon.com/images/M/MV5BODM4ZjZjMGEtYmFiMy00MThjLWIzZjUtMDU0ODg1NTI2MzIwXkEyXkFqcGc@._V1_SX300.jpg,"[{'Source': 'Internet Movie Database', 'Value': '8.1/10'}, {'Source': 'Rotten Tomatoes', 'Value': '96%'}, {'Source': 'Metacritic', 'Value': '85/100'}]",85,8.1,"257,198",tt0129167,movie,N/A,"$23,315,035",N/A,N/A,True,Gigante de hierro,
The Cat in the Hat,2003,PG,21 Nov 2003,82 min,"Adventure, Comedy, Family",Bo Welch,"Dr. Seuss, Alec Berg, David Mandel","Mike Myers, Alec Baldwin, Kelly Preston","Conrad and Sally Walden (Spencer Breslin and Dakota Fanning) are home alone with their pet fish. It is raining outside, and there is nothing to do. Until The Cat in the Hat ('Mike Myers') walks in the front door. He introduces them to their imagination, and at first it's all fun and games, until things get out of hand, and The Cat must go, go, go, before their mother gets back, but their pompous neighbor has bigger plans for them.",English,United States,7 wins & 22 nominations total,https://m.media-amazon.com/images/M/MV5BMTI5MDU3MTYyMF5BMl5BanBnXkFtZTYwODgyODc3._V1_SX300.jpg,"[{'Source': 'Internet Movie Database', 'Value': '4.1/10'}, {'Source': 'Rotten Tomatoes', 'Value': '10%'}, {'Source': 'Metacritic', 'Value': '19/100'}]",19,4.1,"92,689",tt0312528,movie,N/A,"$101,149,285",N/A,N/A,True,"""Gato, El - The cat in the hat""",
Jack and the Beanstalk: The Real Story,2001,TV-G,02 Dec 2001,180 min,"Adventure, Drama, Fantasy",N/A,N/A,"Matthew Modine, Vanessa Redgrave, Mia Sara","Jack Robinson is a wealthy business man with no time for anything but work. However, a family curse is looming over him, no man in the Robinson line ever lives past the age of thirty. With his upcoming birthday appears the remains of literally giant skeleton and a mysterious woman who claims to have once known the giant. Jack decides to go with her to another world where all is revealed to him along with the story of his ancestor, the original Jack and the Beanstalk. In order to save his own life and the world of the giants, Jack must right the wrongs of the past and return the magical harp and goose that lays the golden eggs to their rightful home.",English,United States,Won 1 Primetime Emmy. 3 wins & 4 nominations total,https://m.media-amazon.com/images/M/MV5BOGRkNjNjMDktYTJlYS00N2M3LWFkOGQtN2UxZjBhMGYxMjBiXkEyXkFqcGc@._V1_SX300.jpg,"[{'Source': 'Internet Movie Database', 'Value': '6.7/10'}]",N/A,6.7,"4,234",tt0264262,series,,,,,True,Jack y las habichuelas mágicas la verdadera...,1
Nim's Island,2008,PG,04 Apr 2008,96 min,"Adventure, Family, Fantasy","Jennifer Flackett, Mark Levin","Joseph Kwong, Paula Mazur, Mark Levin","Jodie Foster, Gerard Butler, Abigail Breslin","Nim Rusoe is a girl who joins her father, a scientist, when he does research on marine life on an island. It's just the two of them but she spends her time making friends with all the animals she encounters, chatting on the computer and reading the adventure books of Alex Rover. When her father goes to do some research but when a storm strikes the island he doesn't come back, she gets worried and frightened. She then e-mails Alex Rover hoping that he will come but what she doesn't know is that Alex Rover is a woman who is agoraphobic and germaphobic. But her creation comes to life and eggs her to go. Unfortunately she has never gone anywhere before and is denied her necessities like her sanitary gel by the customs officer at the airport. In the meantime, Nim tries to be strong while waiting for Alex to arrive.",English,United States,2 wins & 3 nominations total,https://m.media-amazon.com/images/M/MV5BY2YyY2FjMzgtM2YxNi00NWYzLWIyMzUtZGJhZTY2YWJhYTU2XkEyXkFqcGc@._V1_SX300.jpg,"[{'Source': 'Internet Movie Database', 'Value': '6.0/10'}, {'Source': 'Rotten Tomatoes', 'Value': '51%'}, {'Source': 'Metacritic', 'Value': '55/100'}]",55,6.0,"37,841",tt0410377,movie,N/A,"$48,006,762",N/A,N/A,True,Isla del Nim,
Jimmy Neutron: Boy Genius,2001,G,21 Dec 2001,82 min,"Animation, Action, Adventure",John A. Davis,"John A. Davis, David N. Weiss, J. David Stem","Debi Derryberry, Rob Paulsen, Megan Cavanagh","Jimmy Neutron is a boy genius and way ahead of his friends, but when it comes to being cool, he's a little behind. All until one day when his parents, and parents all over Earth are kidnapped by aliens, it's up to him to lead all the children of the world to rescue their parents.",English,United States,Nominated for 1 Oscar. 6 nominations total,https://m.media-amazon.com/images/M/MV5BOTVlOWQ0ZDctNzRjOC00ZThkLWE1OTItODg4NTJmZmE3NDUxXkEyXkFqcGc@._V1_SX300.jpg,"[{'Source': 'Internet Movie Database', 'Value': '6.1/10'}, {'Source': 'Rotten Tomatoes', 'Value': '74%'}, {'Source': 'Metacritic', 'Value': '65/100'}]",65,6.1,"40,408",tt0268397,movie,N/A,"$80,936,232",N/A,N/A,True,Jimmy Neutron: el niño genio solo en sala,
Johnny Mysto: Boy Wizard,1997,PG,30 Dec 1997,87 min,"Adventure, Fantasy",Jeff Burr,Neal Marshall Stevens,"Lane Toran, Russ Tamblyn, Michael Ansara, Amber Tamblyn","Novice magician Johnny Mysto dreams of going back in time to visit the magicians of earlier eras. He recruits TV magician Blackmoor and begins his own time-travel quest. After accidentally transporting his younger sister to medieval times during a magic trick, Johnny has even more incentive. Guided by his mystical ring, Johnny travels all the way to Camelot, meeting ancient legends Merlin and King Arthur along the way.",English,USA,N/A,https://m.media-amazon.com/images/M/MV5BMTk2M2M0YmMtNGM0OC00YjdmLWI2ZWQtNDNkMDhiYzI0YTY0XkEyXkFqcGdeQXVyMTk5MjAyMjM@._V1_SX300.jpg,"[{'Source': 'Internet Movie Database', 'Value': '4.6/10'}]",N/A,4.6,144,tt0137041,movie,N/A,N/A,N/A,N/A,True,Johnny Mysto niño mágico solo en sala,
The Goonies,1985,PG,07 Jun 1985,114 min,"Adventure, Comedy, Family",Richard Donner,"Chris Columbus, Steven Spielberg","Sean Astin, Josh Brolin, Jeff Cohen",Mikey and his friends have always wanted to go on an adventure. One night they are all in Mikey's attic and Mikey stumbles across an old map. Mikey has always wanted to know if One-eyed Willy ever was a real person and now he might. They set off and later realize that they have to go through the evil Mama Fratelli's restaurant to get to a secret passage to the caves. As they try to get into the caves Mama Fratelli catches Chunk and he is left behind. He then meets Sloth one of Mama Fratelli's sons with a messed up face. He befriends Sloth. Meanwhile Mama Fratelli and her sons are trying to get to the treasure too. Will the kids make it there before Mama Fratelli does? Will Chuck ever get out of her basement?,"English, Spanish, Cantonese, Italian",United States,4 wins & 7 nominations total,https://m.media-amazon.com/images/M/MV5BMjE1OWU4ODEtZmEzMC00NTcwLWFlMWUtYjhlNzExOTIxYzVlXkEyXkFqcGc@._V1_SX300.jpg,"[{'Source': 'Internet Movie Database', 'Value': '7.7/10'}, {'Source': 'Rotten Tomatoes', 'Value': '77%'}, {'Source': 'Metacritic', 'Value': '62/100'}]",62,7.7,"324,418",tt0089218,movie,N/A,"$64,347,714",N/A,N/A,True,"""Goonies, Los""",
Kirikou and the Wild Beasts,2005,TV-MA,07 Dec 2005,75 min,"Animation, Adventure, Family","Bénédicte Galup, Michel Ocelot","Philippe Andrieu, Bénédicte Galup, Marine Locatelli","Pierre-Ndoffé Sarr, Awa Sene Sarr, Robert Liensol","Kirikou's Grandfather says that the story of Kirikou and The Witch was too short, so he proceeds to explain more about Kirikou's accomplishments. We find out how little boy became a gardener, a detective, a maker of pottery, a merchant, a traveler and a doctor.",French,France,1 win total,https://m.media-amazon.com/images/M/MV5BZjRkMDZjYTEtMWVlOC00N2M5LWFlZTEtZTMwOGYyMmM5YzMyXkEyXkFqcGc@._V1_SX300.jpg,"[{'Source': 'Internet Movie Database', 'Value': '6.6/10'}, {'Source': 'Metacritic', 'Value': '76/100'}]",76,6.6,"1,895",tt0455142,movie,N/A,N/A,N/A,N/A,True,Kirikou y las bestias salvajes,
Inside Out,2015,PG,19 Jun 2015,95 min,"Animation, Adventure, Comedy","Pete Docter, Ronnie Del Carmen","Pete Docter, Ronnie Del Carmen, Meg LeFauve","Amy Poehler, Bill Hader, Lewis Black","Growing up can be a bumpy road, and it's no exception for Riley, who is uprooted from her Midwest life when her father starts a new job in San Francisco. Like all of us, Riley is guided by her emotions - Joy, Fear, Anger, Disgust and Sadness. The emotions live in Headquarters, the control center inside Riley's mind, where they help advise her through everyday life. As Riley and her emotions struggle to adjust to a new life in San Francisco, turmoil ensues in Headquarters. Although Joy, Riley's main and most important emotion, tries to keep things positive, the emotions conflict on how best to navigate a new city, house and school.","English, Portuguese, Latvian",United States,Won 1 Oscar. 99 wins & 118 nominations total,https://m.media-amazon.com/images/M/MV5BOTgxMDQwMDk0OF5BMl5BanBnXkFtZTgwNjU5OTg2NDE@._V1_SX300.jpg,"[{'Source': 'Internet Movie Database', 'Value': '8.1/10'}, {'Source': 'Rotten Tomatoes', 'Value': '98%'}, {'Source': 'Metacritic', 'Value': '94/100'}]",94,8.1,"905,131",tt2096673,movie,N/A,"$356,461,711",N/A,N/A,True,Intensa mente Inside out,
Flushed Away,2006,PG,03 Nov 2006,85 min,"Animation, Action, Adventure","David Bowers, Sam Fell","Dick Clement, Ian La Frenais, Christopher Lloyd","Hugh Jackman, Kate Winslet, Ian McKellen","Roddy is a decidedly upper-crust ""society mouse"" who lives the life of a beloved pet in a posh Kensington flat. When a sewer rat named Sid comes spewing out of the sink and decides he's hit the jackpot, Roddy schemes to rid himself of the pest by luring him into the ""whirlpool."" Sid may be an ignorant slob, but he's no fool, so it is Roddy who winds up being flushed away into the bustling sewer world of Ratropolis. There Roddy meets Rita, an enterprising scavenger who works the sewers in her faithful boat, the Jammy Dodger. Roddy immediately wants out, or rather, up; Rita wants to be paid for her trouble; and, speaking of trouble, the villainous Toad - who royally despises all rodents equally, making no distinction between mice and rats--wants them iced... literally. The Toad dispatches his two hapless hench-rats, Spike and Whitey, to get the job done. When they fail, the Toad has no choice but to send to France for his cousin - that dreaded mercenary, Le Frog.",English,"United Kingdom, United States",Nominated for 1 BAFTA Award7 wins & 15 nominations total,https://m.media-amazon.com/images/M/MV5BMTI1MzE1MDk2N15BMl5BanBnXkFtZTYwMjEwMzI3._V1_SX300.jpg,"[{'Source': 'Internet Movie Database', 'Value': '6.6/10'}, {'Source': 'Rotten Tomatoes', 'Value': '72%'}, {'Source': 'Metacritic', 'Value': '74/100'}]",74,6.6,"147,280",tt0424095,movie,N/A,"$64,665,672",N/A,N/A,True,Lo que al agua se llevó,
The Jungle Book,2016,PG,15 Apr 2016,106 min,"Animation, Action, Adventure",Jon Favreau,"Justin Marks, Rudyard Kipling","Neel Sethi, Bill Murray, Ben Kingsley","Living among the wolves in the jungle, young man cub Mowgli quickly learns to live life among his wolf pack and all the animals that inhabit the jungle, but when the villainous tiger Shere Khan threatens Mowgli's life, black panther Bagheera offers to take Mowgli to a nearby man village where he will be safe from the tiger's wrath. Along the way, Mowgli gets tangled up in a series of encounters with a sly snake named Kaa, a swimmingly ruthless gigantopithecus named King Louie and a lazy bear named Baloo, who quickly becomes his guide to the 'bear necessities' of life.",English,"United Kingdom, United States, New Zealand, France, Canada, India",Won 1 Oscar. 33 wins & 56 nominations total,https://m.media-amazon.com/images/M/MV5BMTc3NTUzNTI4MV5BMl5BanBnXkFtZTgwNjU0NjU5NzE@._V1_SX300.jpg,"[{'Source': 'Internet Movie Database', 'Value': '7.3/10'}, {'Source': 'Rotten Tomatoes', 'Value': '94%'}, {'Source': 'Metacritic', 'Value': '77/100'}]",77,7.3,"304,379",tt3040964,movie,N/A,"$364,001,123",N/A,N/A,True,"""Libro de la selva, El- The jungle book""",
The Lorax,2012,PG,02 Mar 2012,86 min,"Animation, Adventure, Comedy","Chris Renaud, Kyle Balda","Dr. Seuss, Cinco Paul, Ken Daurio","Zac Efron, Taylor Swift, Danny DeVito","In the walled city of Thneed-Ville, where everything is artificial and even the air is a commodity, a boy named Ted hopes to win the heart of his dream girl, Audrey. When he learns of her wish to see a real tree, Ted seeks out the Once-ler, a ruined old businessman outside of town in a stark wasteland. Upon hearing of how the hermit gave into his greed for profits and devastated the land over the protests of the Lorax, Ted is inspired to undo the disaster. However, the greedy Mayor of Thneed-Ville, Aloysius O'Hare, has made his fortune exploiting the environmental collapse and is determined to stop the boy from undermining his business.",English,"United States, France",4 wins & 8 nominations total,https://m.media-amazon.com/images/M/MV5BMTU1MTAwMjk1NF5BMl5BanBnXkFtZTcwMDI5NDc4Ng@@._V1_SX300.jpg,"[{'Source': 'Internet Movie Database', 'Value': '6.4/10'}, {'Source': 'Metacritic', 'Value': '46/100'}]",46,6.4,"142,581",tt1482459,movie,N/A,"$214,494,550",N/A,N/A,True,Lórax en busca de la trúfula perdida Dr. Seuss’,
Story of the Christmas Toys as told by Mel Torme,1990,TV-G,N/A,22 min,"Animation, Short",Lee Hartman,Lee Hartman,Mel Tormé,"One Christmas Eve, Santa makes a big mistake. He leaves a little girl's doll and stuffed cat at the house of the little boy down the street, and the boy's soldiers at the girl's house. The toys come to life and sort it all out, but not before getting into a little mischief. Narrated by Mel Torme, famous singer of The Christmas Song -""Chestnuts roasting by an open fire...""",English,United States,N/A,https://m.media-amazon.com/images/M/MV5BNjc5MzlmNjktMTU2Yi00NGYzLTliMmYtNWI1MTdiOTlkZGJlXkEyXkFqcGc@._V1_SX300.jpg,[],N/A,N/A,N/A,tt11309078,movie,N/A,N/A,N/A,N/A,True,"""Juguetes de Navidad, Los""",
Barney's Musical Castle,2001,N/A,06 Mar 2001,64 min,Family,Jim Rowley,"Evan Viola, Sheryl Leach (originally developed by), Kathy Parker (originally developed by), Dennis DeShazer (originally developed by)","Bob West, Carey Stinson, Antwaun Steele, Julie Johnson",N/A,English,USA,N/A,https://m.media-amazon.com/images/M/MV5BOGM5NjZjMGQtZDViOC00M2E4LWFhMjctY2ZjYTA2MjExYzI5XkEyXkFqcGdeQXVyMjgzNzY5ODM@._V1_SX300.jpg,[],N/A,N/A,N/A,tt9228394,movie,N/A,N/A,N/A,N/A,True,Barney: El castillo musical de Barney en sala,
Lilo & Stitch 2: Stitch Has a Glitch,2005,PG,30 Aug 2005,68 min,"Animation, Comedy, Drama, Family, Sci-Fi","Michael LaBash, Tony Leondis","Tony Leondis (screenplay by), Michael LaBash (screenplay by), Eddie Guzelian (screenplay by), Alexa Junge (screenplay by)","Chris Sanders, Dakota Fanning, Tia Carrere, David Ogden Stiers","Taking place between the original ""Lilo and Stitch"" and ""Stitch: The Movie"", ""Lilo and Stitch 2"" finds the rowdy extraterrestrial getting used to life with his new ohana. However, a malfunction in the ultimate creation of Dr. Jumba soon emerges, which reinstates his destructive programming and threatens to both ruin his friendship with Lilo and to short him out for good!","English, French, Spanish",USA,2 wins & 13 nominations.,https://m.media-amazon.com/images/M/MV5BMTUzMTAwMjg2M15BMl5BanBnXkFtZTcwMzQyMjAzMQ@@._V1_SX300.jpg,"[{'Source': 'Internet Movie Database', 'Value': '6.3/10'}, {'Source': 'Rotten Tomatoes', 'Value': '42%'}]",N/A,6.3,"12,911",tt0457993,movie,N/A,N/A,N/A,N/A,True,Lilo y Stitch 2 solo en sala,
Lilo & Stitch,2002,PG,21 Jun 2002,85 min,"Animation, Adventure, Comedy","Dean DeBlois, Chris Sanders","Chris Sanders, Dean DeBlois","Daveigh Chase, Chris Sanders, Tia Carrere","In a place far, far away, illegal genetic experiment #626 is detected: Ruthless scientist Dr. Jumba Jookiba has created a strong, intelligent, nearly indestructible and aggressive being with only one known weakness: The high density of his body makes it impossible for the experiment to swim in water. The scientist is sentenced to jail by the Grand Council of the Galactic Federation. The experiment is supposed to be transported to a prison asteroid, yet manages to escape Captain Gantu, who was supposed to deliver him there. With a stolen police cruiser (the red one), the destructive being races towards a little and already doomed planet: Earth. Stranded on Hawaii, experiment #626 can't actually do much harm: water all around, no big cities and two well-equipped representatives of the Galactic Federation already following close behind to catch him again. But Dr. Jookiba and the Earth expert Pleakley never could have guessed that earth girl Lilo adopts the experiment as dog, gives him the name Stitch and actually causes an emotional development in the little beast. Her dysfunctional family, consisting only of Lilo and her sister Nani, is about to be ripped apart by social worker Cobra Bubbles. Stitch as the new family member brings quite some action into all their lifes, and after a while, not even Pleakley and Dr. Jookiba can recognize their former target. But how shall they bring the news of failure to the Grand Councilwoman without being punished?","English, Hawaiian","United States, Japan",Nominated for 1 Oscar. 12 wins & 28 nominations total,https://m.media-amazon.com/images/M/MV5BYzRiYTA1YTEtMjYwMi00NGVhLThkOGYtZDBlYjNjZDk2NDEwXkEyXkFqcGc@._V1_SX300.jpg,"[{'Source': 'Internet Movie Database', 'Value': '7.4/10'}, {'Source': 'Rotten Tomatoes', 'Value': '86%'}, {'Source': 'Metacritic', 'Value': '75/100'}]",75,7.4,"241,773",tt0275847,movie,N/A,"$145,794,338",N/A,N/A,True,Lilo y Stich solo en sala,
Recess: School's Out,2001,G,16 Feb 2001,82 min,"Animation, Adventure, Comedy",Chuck Sheetz,"Paul Germain, Joe Ansolabehere, Jonathan Greenberg","Andrew Lawrence, Rickey D'Shon Collins, Jason Davis","It's the most exciting time of year at Third Street Elementary-- the end of the School Year! But boredom quickly sets in for protagonist TJ Detweiler, as his friends (the other 5 protagonist children) are headed for Summer Camp. One day, while passing by the school on his bike, he notices a green glow coming from the school's auditorium. This is the work of the insidious ex-principal of Third Street, Phillium Benedict and his gang of ninjas and secret service look-alikes! Benedict is planning to get rid of Summer Vacation using his newly-acquired Tractor Beam, which he stole from the US Military Base in an effort to raise US Test Scores, and it's up to the Recess Gang to stop him! In the end, TJ and the gang, with the help from the other students, Principal Prickly, Ms. Finster and the other teachers, destroy the laser, Benedict and his henchmen are arrested, and the kids (TJ's buddies) decide to spend their Summer with TJ.",English,"United States, South Korea, Japan",N/A,https://m.media-amazon.com/images/M/MV5BZGNiZmFiZGUtODA2Mi00YjY0LWI1OTEtNWQ5NTdhZTkwM2Y1XkEyXkFqcGc@._V1_SX300.jpg,"[{'Source': 'Internet Movie Database', 'Value': '6.5/10'}, {'Source': 'Rotten Tomatoes', 'Value': '60%'}, {'Source': 'Metacritic', 'Value': '43/100'}]",43,6.5,"12,268",tt0265632,movie,N/A,"$36,706,141",N/A,N/A,True,Llegó el recreo,
Home Alone,1990,PG,16 Nov 1990,103 min,"Comedy, Family",Chris Columbus,John Hughes,"Macaulay Culkin, Joe Pesci, Daniel Stern","It is Christmas time and the McCallister family is preparing for a vacation in Paris, France. But the youngest in the family, Kevin (Macaulay Culkin), got into a scuffle with his older brother Buzz (Devin Ratray) and was sent to his room, which is on the third floor of his house. Then, the next morning, while the rest of the family was in a rush to make it to the airport on time, they completely forgot about Kevin, who now has the house all to himself. Being home alone was fun for Kevin, having a pizza all to himself, jumping on his parents' bed, and making a mess. Then, Kevin discovers about two burglars, Harry (Joe Pesci) and Marv (Daniel Stern), about to rob his house on Christmas Eve. Kevin acts quickly by wiring his own house with makeshift booby traps to stop the burglars and to bring them to justice.","English, French",United States,Nominated for 2 Oscars. 13 wins & 8 nominations total,https://m.media-amazon.com/images/M/MV5BNzNmNmQ2ZDEtMTc1MS00NjNiLThlMGUtZmQxNTg1Nzg5NWMzXkEyXkFqcGc@._V1_SX300.jpg,"[{'Source': 'Internet Movie Database', 'Value': '7.8/10'}, {'Source': 'Rotten Tomatoes', 'Value': '66%'}, {'Source': 'Metacritic', 'Value': '63/100'}]",63,7.8,"739,162",tt0099785,movie,N/A,"$285,761,243",N/A,N/A,True,Mi pobre angelito 1,
Despicable Me,2010,PG,09 Jul 2010,95 min,"Animation, Adventure, Comedy","Pierre Coffin, Chris Renaud","Cinco Paul, Ken Daurio, Sergio Pablos","Steve Carell, Jason Segel, Russell Brand","In a happy suburban neighborhood surrounded by white picket fences with flowering rose bushes, sits a black house with a dead lawn. Unbeknownst to the neighbors, hidden beneath this house is a vast secret hideout. Surrounded by a small army of minions, we discover Gru (Steve Carell), planning the biggest heist in the history of the world. He is going to steal the moon. Gru delights in all things wicked. Armed with his arsenal of shrink rays, freeze rays, and battle-ready vehicles for land and air, he vanquishes all who stand in his way. Until the day he encounters the immense will of three little orphaned girls who look at him and see something that no one else has ever seen: a potential Dad. The world's greatest villain has just met his greatest challenge: three little girls named Margo (Miranda Cosgrove), Edith (Dana Gaier), and Agnes (Elsie Fisher).",English,"United States, France",Nominated for 1 BAFTA Award3 wins & 41 nominations total,https://m.media-amazon.com/images/M/MV5BMTY3NjY0MTQ0Nl5BMl5BanBnXkFtZTcwMzQ2MTc0Mw@@._V1_SX300.jpg,"[{'Source': 'Internet Movie Database', 'Value': '7.6/10'}, {'Source': 'Rotten Tomatoes', 'Value': '80%'}, {'Source': 'Metacritic', 'Value': '72/100'}]",72,7.6,"628,264",tt1323594,movie,N/A,"$251,683,815",N/A,N/A,True,Mi villano favorito,
Race to Witch Mountain,2009,PG,13 Mar 2009,98 min,"Action, Adventure, Family",Andy Fickman,"Matt Lopez, Mark Bomback, Alexander Key","Dwayne Johnson, Carla Gugino, AnnaSophia Robb","In Las Vegas, regenerated ex-con Jack Bruno works as a taxi driver. During a UFO Convention at Planet Hollywood, the skeptical Jack picks up Dr. Alex Friedman, who will present a scientific lecture at the event. Then he is pressed by two henchmen of his former boss, the criminal Wolff, who wants to talk to him, but Jack does not want to return to the crime life. Jack fights and gets rid of them; out of the blue, he finds two teenagers on the backseat of his cab. They say they are siblings, Sara and Seth, and they need to travel to a location outside Las Vegas in the middle of nowhere. Meanwhile, the government finds a spacecraft that crashed near Las Vegas and chases the two aliens; after the investigation of the men of Major Henry Burke, they discover that the two siblings are the aliens. Jack Bruno, Sara and Seth are chased by Henry Burke's team and by ""Syphon"", a killer from outer space sent to kill them by their planet's military that wants to invade Earth. Sara and Seth explain that they traveled to Earth to collect scientific data of an experiment and save Earth from invasion, but they need to return immediately to their planet. Jack teams up with Dr. Alex to retrieve their spacecraft in a secret base in Witch Mountain.",English,United States,1 win & 1 nomination total,https://m.media-amazon.com/images/M/MV5BMzQ5MTM5NTU2NV5BMl5BanBnXkFtZTcwMDAzMjAyMg@@._V1_SX300.jpg,"[{'Source': 'Internet Movie Database', 'Value': '5.7/10'}, {'Source': 'Rotten Tomatoes', 'Value': '41%'}, {'Source': 'Metacritic', 'Value': '52/100'}]",52,5.7,"65,859",tt1075417,movie,N/A,"$67,172,594",N/A,N/A,True,"""Montaña embrujada, La""",
Muppets Most Wanted,2014,PG,21 Mar 2014,107 min,"Adventure, Comedy, Crime",James Bobin,"James Bobin, Nicholas Stoller, Jim Henson","Ricky Gervais, Ty Burrell, Tina Fey","Flush with their revival's success, Kermit the Frog and his friends are approached by Dominic Badguy (Ricky Gervais) to go on a world tour. Unbeknownst to them, this is all part of the sinister plan of Constantine, the world's most evil frog, to become the greatest thief of all time. After making sure that Kermit is jailed as him, Constantine impersonates him to use the Muppets' tour as cover for his scheme. While Sam the Eagle and Inspector Jean Pierre Napoleon (Ty Burrell) investigate, the Muppets find their boss seems strangely changed even as Kermit desperately attempts to escape to stop the impostor. Only when Walter, Fozzie, and Animal realize the truth is there a chance to prevent Constantine from pulling off the crime of the century.","English, German",United States,Nominated for 1 BAFTA Award3 wins & 11 nominations total,https://m.media-amazon.com/images/M/MV5BNDY2MTE0ODM4NF5BMl5BanBnXkFtZTgwMDI3Mjc2MDE@._V1_SX300.jpg,"[{'Source': 'Internet Movie Database', 'Value': '6.4/10'}, {'Source': 'Rotten Tomatoes', 'Value': '80%'}, {'Source': 'Metacritic', 'Value': '61/100'}]",61,6.4,"39,160",tt2281587,movie,N/A,"$51,183,113",N/A,N/A,True,Muppets 2: Los más buscados,
Max Steel: Dark Rival,2007,N/A,01 Oct 2007,N/A,"Animation, Action, Adventure, Family, Sci-Fi",William Lau,Steven Melching,"Christian Campbell, Alessandro Juliani, Scott McNeil, Lisa Ann Beley",N/A,"English, Portuguese, Spanish",USA,N/A,https://m.media-amazon.com/images/M/MV5BZjFhOWM3OGQtYTZhNC00MDExLWJlNjMtYTc0NjkzYTk0MDI4XkEyXkFqcGdeQXVyNDQ5MDYzMTk@._V1_SX300.jpg,"[{'Source': 'Internet Movie Database', 'Value': '6.3/10'}]",N/A,6.3,49,tt1388781,movie,N/A,N/A,N/A,N/A,True,Max Steel vs. El oscuro enemigo,
Megamind,2010,PG,05 Nov 2010,95 min,"Animation, Action, Adventure",Tom McGrath,"Alan Schoolcraft, Brent Simons","Will Ferrell, Jonah Hill, Brad Pitt","After super-villain Megamind (Ferrell) kills his good-guy nemesis, Metro Man (Pitt), he becomes bored since there is no one left to fight. He creates a new foe, Titan (Hill), who, instead of using his powers for good, sets out to destroy the world, positioning Megamind to save the day for the first time in his life.",English,United States,2 wins & 16 nominations total,https://m.media-amazon.com/images/M/MV5BMTAzMzI0NTMzNDBeQTJeQWpwZ15BbWU3MDM3NTAyOTM@._V1_SX300.jpg,"[{'Source': 'Internet Movie Database', 'Value': '7.3/10'}, {'Source': 'Rotten Tomatoes', 'Value': '73%'}, {'Source': 'Metacritic', 'Value': '63/100'}]",63,7.3,"322,951",tt1001526,movie,N/A,"$148,415,853",N/A,N/A,True,Megamente,
Bionicle: The Legend Reborn,2009,Not Rated,15 Sep 2009,80 min,"Animation, Action, Adventure, Sci-Fi",Mark Baldo,"Sean Catherine Derek, Christian Faber (concept and characters), Greg Farshtey (story and characters)","Dee Bradley Baker, Jeff Bennett, Jim Cummings, Michael Dorn","Once the ruler of an entire universe, the Great Spirit Mata Nui finds himself cast out of his own body, his spirit trapped inside the fabled Mask of Life, hurtling through space. After landing on the far-away planet of Bara Magna, the mask creates a new body for Mata Nui, who unwillingly gets caught up in the furious battles of the nearly barren and dangerous planet. The locals, called Agori ask for his help against the unrelenting army of the Rock Tribe, called the Skrall and their leader, Tuma. The Glatorian warriors start to train him, teach him how to protect himself, while Mata Nui also adds some of his special powers to their fighting skill. The experienced veteran Ackar, the feisty female Kiina, the young Glatorian Gresh, and a friendly, special beetle named Click aid him on his way. But there is a traitor among the Agori, and bigger secrets lay hidden under the sands of the desert planet. Mata Nui must help his new-found friends, but he also has to find a way to return to his old body and take revenge on the evil being who had banished him.","Spanish, French, English",USA,N/A,https://m.media-amazon.com/images/M/MV5BNTc1NjE2MjY2OV5BMl5BanBnXkFtZTcwMzYxMjQ3Mg@@._V1_SX300.jpg,"[{'Source': 'Internet Movie Database', 'Value': '5.2/10'}]",N/A,5.2,"1,095",tt1473345,movie,N/A,N/A,N/A,N/A,True,"""Bionicle, renace la leyenda""",
Max Steel: Bio Crisis,2008,N/A,01 Oct 2008,47 min,"Animation, Action, Adventure, Family, Sci-Fi",Greg Richardson,Tom Pugsley,"Christian Campbell, Jim Conrad, Alessandro Juliani, Christopher Judge",N/A,Spanish,USA,1 win & 2 nominations.,https://m.media-amazon.com/images/M/MV5BNzZhYzc5ZGQtMDAzNy00N2VlLWJlNDItMmU0N2IwMWQ2N2ZlXkEyXkFqcGdeQXVyNzY4NjYxMDY@._V1_SX300.jpg,"[{'Source': 'Internet Movie Database', 'Value': '5.9/10'}]",N/A,5.9,51,tt1392738,movie,N/A,N/A,N/A,N/A,True,Max Steel vs La amenaza mutante,
Oz the Great and Powerful,2013,PG,08 Mar 2013,130 min,"Adventure, Family, Fantasy",Sam Raimi,"Mitchell Kapner, David Lindsay-Abaire, L. Frank Baum","James Franco, Michelle Williams, Rachel Weisz","Oscar Diggs (James Franco), a small-time circus magician with dubious ethics, is hurled away from dusty Kansas to the vibrant Land of Oz. At first he thinks he's hit the jackpot-fame and fortune are his for the taking. That all changes, however, when he meets three witches, Theodora (Mila Kunis), Evanora (Rachel Weisz), and Glinda (Michelle Williams), who are not convinced he is the great wizard everyone's been expecting. Reluctantly drawn into the epic problems facing the Land of Oz and its inhabitants, Oscar must find out who is good and who is evil before it is too late. Putting his magical arts to use through illusion, ingenuity-and even a bit of wizardry-Oscar transforms himself not only into the great and powerful Wizard of Oz but into a better man as well.",English,United States,6 wins & 31 nominations total,https://m.media-amazon.com/images/M/MV5BNDRlOTNlMWMtM2FlMi00MzNiLTk1NzEtNjc3Njg1M2NkNmY5XkEyXkFqcGc@._V1_SX300.jpg,"[{'Source': 'Internet Movie Database', 'Value': '6.3/10'}, {'Source': 'Rotten Tomatoes', 'Value': '56%'}, {'Source': 'Metacritic', 'Value': '44/100'}]",44,6.3,"220,679",tt1623205,movie,N/A,"$234,911,825",N/A,N/A,True,Oz el poderoso,
Oliver & Company,1988,G,18 Nov 1988,74 min,"Animation, Adventure, Comedy",George Scribner,"Jim Cox, Tim Disney, James Mangold","Joey Lawrence, Billy Joel, Cheech Marin","Inspired by Charles Dickens' ""Oliver Twist"". A homeless kitten named Oliver, roams the streets of New York, where he is taken in by a gang of homeless mutts who survive by stealing from others. During one of these criminal acts, Oliver meets a wealthy young girl named Jenny Foxworth. This meeting will forever change his life.",English,United States,1 win & 2 nominations total,https://m.media-amazon.com/images/M/MV5BMTAxMzMwNzQtNGYxNC00OTgwLWI3ZTgtMDBlOTE4MGFkMGEwXkEyXkFqcGc@._V1_SX300.jpg,"[{'Source': 'Internet Movie Database', 'Value': '6.6/10'}, {'Source': 'Rotten Tomatoes', 'Value': '52%'}, {'Source': 'Metacritic', 'Value': '58/100'}]",58,6.6,"56,700",tt0095776,movie,N/A,"$74,151,346",N/A,N/A,True,Oliver y su pandilla,
Home Alone 2: Lost in New York,1992,PG,20 Nov 1992,120 min,"Adventure, Comedy, Crime",Chris Columbus,John Hughes,"Macaulay Culkin, Joe Pesci, Daniel Stern","Kevin McCallister (Macaulay Culkin) is back. But this time he's in New York City with enough cash and credit cards to turn the Big Apple into his own playground. But Kevin won't be alone for long. The notorious Wet Bandits, Harry (Joe Pesci) and Marv (Daniel Stern), still smarting from their last encounter with Kevin, are bound for New York City too, plotting a huge holiday heist. Kevin's ready to welcome them with more battery of booby traps the bumbling bandits will never forget.","English, French, Spanish, Latin",United States,3 wins & 3 nominations total,https://m.media-amazon.com/images/M/MV5BOGEyYzRmNzYtYzJjZi00ZjhlLWJiNDktYzZhNTgxMzc1NThlXkEyXkFqcGc@._V1_SX300.jpg,"[{'Source': 'Internet Movie Database', 'Value': '6.9/10'}, {'Source': 'Rotten Tomatoes', 'Value': '35%'}, {'Source': 'Metacritic', 'Value': '46/100'}]",46,6.9,"451,493",tt0104431,movie,N/A,"$173,585,516",N/A,N/A,True,Mi pobre angelito 2,
The Land Before Time VI: The Secret of Saurus Rock,1998,G,01 Dec 1998,77 min,"Animation, Adventure, Family, Musical",Charles Grosvenor,"Libby Hinson (screenplay), John Loy (screenplay), Judy Freudberg (characters), Tony Geiss (characters)","Thomas Dekker, Kenneth Mars, Anndi McAfee, Aria Noelle Curzon","Grandpa tells Littlefoot about their mythical hero called the Lone Dinosaur. Sarah gets two little lively cousins to take care of. Later, the kids accidentally chip the lucky Saurus Rock, and need to fix it before the bad luck hits.",English,USA,1 win & 2 nominations.,https://m.media-amazon.com/images/M/MV5BMTkyNDc0NjYxN15BMl5BanBnXkFtZTcwMjUwNDMyMQ@@._V1_SX300.jpg,"[{'Source': 'Internet Movie Database', 'Value': '5.9/10'}]",N/A,5.9,"3,319",tt0167247,movie,N/A,N/A,N/A,N/A,True,Pie pequeño 6 : el secreto de la roca de los...,
Treasure Planet,2002,PG,29 Nov 2002,95 min,"Animation, Action, Adventure","Ron Clements, John Musker","Ron Clements, John Musker, Rob Edwards","Joseph Gordon-Levitt, Emma Thompson, Martin Short","In this science fiction rendering of the classic novel ""Treasure Island"", Jim Hawkins (Joseph Gordon-Levitt) is a rebellious teen seen by the world as an aimless slacker. After he receives a map from a dying pirate, he embarks on an odyssey across the universe to find the legendary Treasure Planet.",English,United States,Nominated for 1 Oscar. 1 win & 14 nominations total,https://m.media-amazon.com/images/M/MV5BN2VjNjk5MTAtNDE3Ni00NjczLWFhN2EtNGQ1ZmZmOWRjZjIyXkEyXkFqcGc@._V1_SX300.jpg,"[{'Source': 'Internet Movie Database', 'Value': '7.2/10'}, {'Source': 'Rotten Tomatoes', 'Value': '68%'}, {'Source': 'Metacritic', 'Value': '60/100'}]",60,7.2,"146,751",tt0133240,movie,N/A,"$38,176,783",N/A,N/A,True,"""Planeta del tesoro, el""",
The Land Before Time XI: Invasion of the Tinysauruses,2005,G,11 Jan 2005,82 min,"Animation, Adventure, Family, Musical",Charles Grosvenor,John Loy (screenplay),"Aaron Spann, Jeff Bennett, Aria Noelle Curzon, Michael Clarke Duncan","While trying to obtain ""Tree Sweets"", Littlefoot into the tree and knocks down all the blossoms, which attract the tiny dinosaurs, Tinysauruses. They devour the plants and disappear. But Littlefoot isn't blamed for the disappearance. Instead of taking the blame, he accidentally makes the adults go into a ""Get Frankenstein"" frenzy when they believe the tiny dinosaurs were the main cause. Now Littlefoot and his friends must protect the tiny herd, and in the end learn the value of honesty.",English,USA,N/A,https://m.media-amazon.com/images/M/MV5BNDAwODY5NzY3OF5BMl5BanBnXkFtZTcwNzM3NTcyMQ@@._V1_SX300.jpg,"[{'Source': 'Internet Movie Database', 'Value': '5.7/10'}]",N/A,5.7,"1,706",tt0424228,movie,N/A,N/A,N/A,N/A,True,Pie pequeño 11 : La invasión de los pequeños...,
Hey Arnold!,1996–2004,TV-Y7,07 Oct 1996,15 min,"Animation, Comedy, Family",N/A,"Joe Ansolabehere, Craig Bartlett, Steve Viksten","Francesca Marie Smith, Jamil Walker Smith, Dan Castellaneta","The adventures of a daydreaming, jazz-loving, football-headed 9-year-old, who lives in a boarding house with his grandparents and some eccentric boarders; encounters life in the city with his best friend Gerald, a loofah-haired kid who is the keeper of the urban tales and coolest kid in class; and is tormented by Helga, who loves him secretly.",English,United States,3 wins & 21 nominations total,https://m.media-amazon.com/images/M/MV5BYzhiYTYwM2QtNTlmNy00MGM1LTllM2UtOGJmZTUxMmJmZjdiXkEyXkFqcGc@._V1_SX300.jpg,"[{'Source': 'Internet Movie Database', 'Value': '7.6/10'}]",N/A,7.6,"39,112",tt0115200,series,,,,,True,Oye Arnold,5
The Land Before Time III: The Time of the Great Giving,1995,G,15 Dec 1995,71 min,"Animation, Adventure, Family, Musical",Roy Allen Smith,"Dev Ross (screenplay), Judy Freudberg (characters), Tony Geiss (characters)","Scott McAfee, Candace Hutson, Heather Hogan, Jeff Bennett","A nearby meteorite crash blocks off the dinosaurs' water supply, starting an ecological chain-reaction that threatens life in the valley. All the dinosaurs, including a group of stupid bullies, must cooperate in an effort to free the blockage, which involves a risky venture outside the valley.",English,USA,1 win & 1 nomination.,https://m.media-amazon.com/images/M/MV5BMTI1OTU3NjkwMl5BMl5BanBnXkFtZTYwOTU2MDg5._V1_SX300.jpg,"[{'Source': 'Internet Movie Database', 'Value': '5.7/10'}]",N/A,5.7,"5,712",tt0113596,movie,N/A,N/A,N/A,N/A,True,Pie pequeño 3 : El tiempo de la gran entrega,
The Little Rascals,1994,PG,05 Aug 1994,82 min,"Comedy, Family, Romance",Penelope Spheeris,"Penelope Spheeris, Robert Wolterstorff, Mike Scott","Travis Tedford, Bug Hall, Brittany Ashton Holmes","The story begins with Spanky, who is the president of the ""He-Man Woman Haters Club"" with many school-aged boys from around the neighborhood as members. His best friend, Alfalfa, has been chosen as the driver for the club's prize-winning go-kart, called ""The Blur"", in the annual Soap Box Derby style race. However, when the announcement is made, Alfalfa is nowhere to be found. The boys catch Alfalfa in the company of Darla -- ""a girl!"" Alfalfa isn't like his friends because he's in love with Darla, and unfortunately threatens the very existence of their ""boys only"" club. The club's members try their hardest to break the two apart, eventually causing their beloved clubhouse to burn down. Darla is mistakenly led to believe Alfalfa feels ashamed of her, so she turns her attentions to Waldo, the new rich kid whose father is an oil tycoon. Further trouble ensures when their prized go-cart ""The Blur"" is stolen by local neighborhood bullies Butch and Woim. How can they win the big race and its prize trophy?! In addition to having to rebuild the clubhouse, the boys now need a new set of wheels. They band together to build ""Blur 2: The Sequel."" Prior to race day, Spanky and Alfalfa reconcile and decide to ride in the two-seat go-kart together.",English,United States,2 wins & 1 nomination total,https://m.media-amazon.com/images/M/MV5BZTlhMjA5MGYtZDYyNS00MDQ4LWI0ZDAtZjJiODJjODI0N2I3XkEyXkFqcGc@._V1_SX300.jpg,"[{'Source': 'Internet Movie Database', 'Value': '6.3/10'}, {'Source': 'Rotten Tomatoes', 'Value': '21%'}, {'Source': 'Metacritic', 'Value': '45/100'}]",45,6.3,"58,486",tt0110366,movie,N/A,"$52,125,282",N/A,N/A,True,Pequeñas fieras del Futbol,
A Dog's Life,1918,Not Rated,14 Apr 1918,33 min,"Short, Comedy, Drama",Charles Chaplin,Charles Chaplin,"Charles Chaplin, Edna Purviance, Dave Anderson","Poor Charlie lives in a vacant lot. He tries to get a job but when he gets to the head of the employment line the jobs are gone. Back ""home"" he rescues Scraps, a bitch being attacked by other strays. Together they manage to steal some sausages from a lunch wagon. They enter a dance hall where Edna is a singer and unwilling companion to the clientele. He is thrown out when he can't pay. Back ""home"" Scraps digs up a money-filled wallet buried by crooks. They return to the dance hall to find Edna fired. The wallet goes back and forth between Charlie and the crooks. Charlie, Edna and Scraps end up very happily.","None, English",United States,N/A,https://m.media-amazon.com/images/M/MV5BMzgxYmI5ZWEtNDgzYy00ZGRkLWE4N2ItMDkzYTdiMDJhMzNmXkEyXkFqcGc@._V1_SX300.jpg,"[{'Source': 'Internet Movie Database', 'Value': '7.6/10'}]",N/A,7.6,"10,161",tt0009018,movie,N/A,N/A,N/A,N/A,True,Patita de perro,
The Simpsons,1989–,TV-14,17 Dec 1989,22 min,"Animation, Comedy",N/A,"James L. Brooks, Matt Groening, Sam Simon","Dan Castellaneta, Nancy Cartwright, Julie Kavner","This is an animated sitcom about the antics of a dysfunctional family. Homer is the oafish unhealthy beer loving father, Marge is the hardworking homemaker wife, Bart is the perpetual ten-year-old underachiever (and proud of it), Lisa is the unappreciated eight-year-old genius, and Maggie is the cute, pacifier loving silent infant.",English,United States,Won 37 Primetime Emmys. 187 wins & 384 nominations total,https://m.media-amazon.com/images/M/MV5BNTU2OWE0YWYtMjRlMS00NTUwLWJmZWUtODFhNzJiMGJlMzI3XkEyXkFqcGc@._V1_SX300.jpg,"[{'Source': 'Internet Movie Database', 'Value': '8.6/10'}, {'Source': 'Rotten Tomatoes', 'Value': '85%'}]",N/A,8.6,"465,712",tt0096697,series,,,,,True,"""Simpson, Los""",37
Peter & the Wolf,2023,TV-PG,19 Oct 2023,33 min,"Animation, Short, Adventure","Elliot Dear, Stephen McNally","Bono, Sergei Prokofiev",Gavin Friday,"Peter, a boy who lost his parent, befriends animals in the forest and saves a wolf from hunters.",English,"Germany, United Kingdom",N/A,https://m.media-amazon.com/images/M/MV5BOGZkOTg5ZWMtMzlmYy00OTliLWEyM2UtOGZjNjI2YTQ1MjhhXkEyXkFqcGc@._V1_SX300.jpg,"[{'Source': 'Internet Movie Database', 'Value': '6.7/10'}]",N/A,6.7,410,tt29277717,movie,N/A,N/A,N/A,N/A,True,Pedro y el lobo,
Rise of the Guardians,2012,PG,21 Nov 2012,97 min,"Animation, Action, Adventure",Peter Ramsey,"David Lindsay-Abaire, William Joyce, Chris Appelhans","Hugh Jackman, Alec Baldwin, Isla Fisher","When an evil spirit known as Pitch lays down the gauntlet to take over the world, the immortal Guardians must join forces for the first time to protect the hopes, beliefs, and imaginations of children all over the world.","English, French","United States, India",14 wins & 32 nominations total,https://m.media-amazon.com/images/M/MV5BMTkzMjgwMDg1M15BMl5BanBnXkFtZTcwMTgzNTI1OA@@._V1_SX300.jpg,"[{'Source': 'Internet Movie Database', 'Value': '7.2/10'}, {'Source': 'Rotten Tomatoes', 'Value': '74%'}, {'Source': 'Metacritic', 'Value': '58/100'}]",58,7.2,"207,985",tt1446192,movie,25 Nov 2015,"$103,412,758",N/A,N/A,True,"""Orígen de los guardianes, el""",
Titan A.E.,2000,PG,16 Jun 2000,94 min,"Animation, Action, Adventure","Don Bluth, Gary Goldman","Hans Bauer, Randall McCormick, Ben Edlund","Matt Damon, Drew Barrymore, Bill Pullman","Earth is a memory of the past; it's the 31st Century and humanity is on the brink of total annihilation, all except for one young man who holds the map to the universe's last hope: Titan. In a race against time, the human race has to find the Titan before the illusive Drej destroy it.","English, Mandarin","United States, United Kingdom",1 win & 6 nominations total,https://m.media-amazon.com/images/M/MV5BMzYwZTRhMzMtMmRkNi00ODc2LWE0ODktNTUwYzVjMWJhMjViXkEyXkFqcGc@._V1_SX300.jpg,"[{'Source': 'Internet Movie Database', 'Value': '6.6/10'}, {'Source': 'Rotten Tomatoes', 'Value': '51%'}, {'Source': 'Metacritic', 'Value': '48/100'}]",48,6.6,"66,405",tt0120913,movie,N/A,"$22,753,426",N/A,N/A,True,Titán A.E,
The Arctic Giant,2013,N/A,N/A,59 min,Documentary,Adam Schmedes,Peter I. Lauridsen,"Jonas Bergsøe, Gunnar Bloch-Petersen, Søren Blomqvist, Linford Brown",N/A,N/A,N/A,N/A,https://m.media-amazon.com/images/M/MV5BMTA1NDQwMDQ3MjheQTJeQWpwZ15BbWU3MDE4MDcyNDk@._V1_SX300.jpg,"[{'Source': 'Internet Movie Database', 'Value': '8.2/10'}]",N/A,8.2,12,tt2739960,movie,N/A,N/A,N/A,N/A,True,"""Super clásicos infantiles/ Gigante ártico, El""",
The Muppet Christmas Carol,1992,G,11 Dec 1992,85 min,"Comedy, Drama, Family",Brian Henson,"Charles Dickens, Jerry Juhl","Michael Caine, Dave Goelz, Steve Whitmire","A retelling of the classic Dickens tale of Ebenezer Scrooge, miser extraordinaire. He is held accountable for his dastardly ways during night-time visitations by the Ghosts of Christmas Past, Present, and future.",English,"United States, United Kingdom",2 wins & 1 nomination total,https://m.media-amazon.com/images/M/MV5BNTIwOTAyMDgtNTY1Zi00ZWMyLWFjMjAtNjI5YWIyOTE2NDJhXkEyXkFqcGc@._V1_SX300.jpg,"[{'Source': 'Internet Movie Database', 'Value': '7.8/10'}, {'Source': 'Rotten Tomatoes', 'Value': '78%'}, {'Source': 'Metacritic', 'Value': '64/100'}]",64,7.8,"81,789",tt0104940,movie,N/A,"$27,381,507",N/A,N/A,True,Una navidad con los muppets,
Charlotte's Web,2006,G,15 Dec 2006,97 min,"Adventure, Comedy, Family",Gary Winick,"Susannah Grant, Karey Kirkpatrick, Earl Hamner Jr.","Dakota Fanning, Julia Roberts, Oprah Winfrey","Based on the beloved children's novel by E.B. White, a young girl named Fern rescues a runty piglet, raises it as her own and names him Wilbur. However, after Wilbur grows into a pig, she is compelled to sell him to her Uncle Homer Zuckerman down the street. At Zuckerman's barn, Wilbur meets a host of animals and later learns from them that come winter, he will be slaughtered for food. Fearing for his life, Charlotte, a gentle and wise spider whom befriended the lonely Wilbur, vows to save his life.",English,"United States, Germany, Australia",10 wins & 11 nominations total,https://m.media-amazon.com/images/M/MV5BMTQ5MTUzMTAzMl5BMl5BanBnXkFtZTcwNTE0NTcyMw@@._V1_SX300.jpg,"[{'Source': 'Internet Movie Database', 'Value': '6.3/10'}, {'Source': 'Rotten Tomatoes', 'Value': '79%'}, {'Source': 'Metacritic', 'Value': '68/100'}]",68,6.3,"48,642",tt0413895,movie,N/A,"$82,985,708",N/A,N/A,True,"""Telaraña de Charlotte, la""",
The Great Mouse Detective,1986,G,02 Jul 1986,74 min,"Animation, Adventure, Family","Ron Clements, Burny Mattinson, Dave Michener","Peter Young, Vance Gerry, Steve Hulett","Vincent Price, Barrie Ingham, Val Bettin","In Victorian London, England, a little mouse girl's toymaker father is abducted by a peglegged bat. She enlists the aid of Basil of Baker Street, the rodent world's answer to Sherlock Holmes. The case expands as Basil uncovers the crime's link to a plot against the Crown itself.","English, French, German, Italian",United States,1 win & 3 nominations total,https://m.media-amazon.com/images/M/MV5BMGZmNDU5OTMtYmRkNC00NDgxLTllNDAtNzFmZDEzNWIzNTViXkEyXkFqcGc@._V1_SX300.jpg,"[{'Source': 'Internet Movie Database', 'Value': '7.1/10'}, {'Source': 'Rotten Tomatoes', 'Value': '78%'}, {'Source': 'Metacritic', 'Value': '73/100'}]",73,7.1,"57,588",tt0091149,movie,N/A,"$38,625,550",N/A,N/A,True,Una ratoncita valiente,
Home on the Range,2004,PG,02 Apr 2004,76 min,"Animation, Adventure, Comedy","Will Finn, John Sanford","Will Finn, John Sanford, Michael LaBash","Judi Dench, Cuba Gooding Jr., G.W. Bailey","Alameda Slim (Randy Quaid), a wanted cattle rustler, uses an alias to buy up properties all over western Nebraska, and his next target is the Patch of Heaven dairy farm, where the widow owner cares more for her ""family"" of yard animals than she does for profit. She just doesn't have the cash to keep in business or to prevent Slim from taking her farm. The animals, mainly carefree youngsters, are unable to help, however, three cows of very different temperaments rise to the desperate occasion and set out to do battle for their dream home. They team up with the Sheriff's megalomaniac horse and any other animal who can possibly help, even a crazy lucky rabbit and an invincible buffalo.","English, Mandarin","United States, Japan",5 nominations total,https://m.media-amazon.com/images/M/MV5BMzQyMDY4MjQ0Nl5BMl5BanBnXkFtZTYwODk4ODM3._V1_SX300.jpg,"[{'Source': 'Internet Movie Database', 'Value': '5.4/10'}, {'Source': 'Rotten Tomatoes', 'Value': '51%'}, {'Source': 'Metacritic', 'Value': '50/100'}]",50,5.4,"29,105",tt0299172,movie,N/A,"$50,030,461",N/A,N/A,True,Vacas vaqueras,
Let's Sing with Popeye,1934,N/A,N/A,2 min,"Animation, Short, Musical","Dave Fleischer, Seymour Kneitel",N/A,William Costello,Popeye sings his theme song and tells the audience to sing along with him by following the bouncing ball.,English,United States,N/A,https://m.media-amazon.com/images/M/MV5BMTk2Nzg2ODQ3N15BMl5BanBnXkFtZTcwMTA0ODI2Mg@@._V1_SX300.jpg,"[{'Source': 'Internet Movie Database', 'Value': '5.2/10'}]",N/A,5.2,241,tt0025382,movie,N/A,N/A,N/A,N/A,True,¡Vamos a cantar!,
Over the Hedge,2006,PG,19 May 2006,83 min,"Animation, Adventure, Comedy","Tim Johnson, Karey Kirkpatrick","Len Blum, Lorne Cameron, David Hoselton","Bruce Willis, Garry Shandling, Steve Carell","RJ, a raccoon who needs food, accidentally takes food from a hungry bear named Vincent and he wants his food to be found in exactly the same place in a week. He finally finds that an animal family, with a tortoise named Verne as their leader, could help him restore the food from the suburbia, the gateway to the good life. But little does RJ know, there is a woman who has recently hired an exterminator to try to hunt them down.",English,United States,7 wins & 26 nominations total,https://m.media-amazon.com/images/M/MV5BN2ZiYjQ2ZDctMDI3Yy00YmViLWEyMGYtZTYxMmE2MGM5Y2M5XkEyXkFqcGc@._V1_SX300.jpg,"[{'Source': 'Internet Movie Database', 'Value': '6.7/10'}, {'Source': 'Rotten Tomatoes', 'Value': '75%'}, {'Source': 'Metacritic', 'Value': '67/100'}]",67,6.7,"200,382",tt0327084,movie,N/A,"$155,019,340",N/A,N/A,True,Vecinos invasores,
"20,000 Leagues Under the Sea",1954,G,20 Jul 1955,127 min,"Adventure, Drama, Family",Richard Fleischer,"Earl Felton, Jules Verne","Kirk Douglas, James Mason, Paul Lukas","The oceans during the late 1800s are no longer safe; many ships have been lost. Sailors have returned to port with stories of a vicious narwhal (a giant whale with a long horn) which sinks their ships. A naturalist, Professor (Pierre) Aronnax, his assistant, Conseil, and a professional whaler, Ned Land, join a US expedition which attempts to unravel the mystery.",English,United States,Won 2 Oscars. 5 wins & 3 nominations total,https://m.media-amazon.com/images/M/MV5BNGMxNDA0MDUtOWRkMi00NjhhLTk3ODUtNDcyYzFhMzIzMDY4XkEyXkFqcGc@._V1_SX300.jpg,"[{'Source': 'Internet Movie Database', 'Value': '7.2/10'}, {'Source': 'Rotten Tomatoes', 'Value': '91%'}, {'Source': 'Metacritic', 'Value': '83/100'}]",83,7.2,"40,193",tt0046672,movie,N/A,N/A,N/A,N/A,True,Veinte mil leguas de viaje submarino,
All Dogs Go to Heaven,1989,G,17 Nov 1989,84 min,"Animation, Adventure, Comedy","Don Bluth, Gary Goldman, Dan Kuenster","David N. Weiss, Don Bluth, Ken Cromar","Dom DeLuise, Burt Reynolds, Loni Anderson","Charlie B. Barkin (Burt Reynolds), a rascally German Shepherd with a shady past, breaks out of the New Orleans Dog Pound with the help of his faithful friend Itchy (Dom De Luise), a nervously hyperactive dachshund. He then makes tracks to reunite with his gambling casino partner Carface Malone (Vic Tayback), a shifty pitbull who has planned a dastardly, and potentially deadly, double cross. Suddenly, Charlie finds himself at the Pearly Gates, face to face with the Heavenly Whippet (Melba Moore). Charlie weasels his way back to earth and reunites with Itchy. He plots his revenge against Carface and, along the way, acquires help from a little girl named Anne-Marie (who can talk to animals). After a series of fiendish schemes, close scrapes and unexpected adventures, both Charlie and Anne Marie find their lives at stake. Only one can be saved and the outcome is in Charlie's paws...",English,"Ireland, United Kingdom, United States, France",1 nomination total,https://m.media-amazon.com/images/M/MV5BZTBlYTA0ZDUtNjJhMS00Y2UxLTk5MzAtMjBlYTAyN2FkMmNlXkEyXkFqcGc@._V1_SX300.jpg,"[{'Source': 'Internet Movie Database', 'Value': '6.8/10'}, {'Source': 'Rotten Tomatoes', 'Value': '46%'}, {'Source': 'Metacritic', 'Value': '50/100'}]",50,6.8,"50,383",tt0096787,movie,N/A,"$27,100,027",N/A,N/A,True,Todos los perros van al cielo,
Tom and Jerry: The Magic Ring,2001,TV-G,12 Mar 2002,62 min,"Animation, Action, Comedy, Family, Fantasy",James T. Walker,"William Hanna (characters), Joseph Barbera (characters), Tim Cahill, Julie McNally Cahill","Jeff Bennett, Frank Welker, Charlie Schlatter, Jim Cummings","Tom is left in charge of a priceless magical ring by a young wizard. When Jerry accidently gets the ring stuck on his head, he runs out into the city as Tom is close behind him in pursuit. Along the way, they reunite with old characters, such as Nibbles the gray mouse with the diaper, and Jerry's cousin the strong mouse in the long yellow and black striped shirt. Tom and Jerry keep trying to get the ring off but it's no use. How will they ever get it off?",English,USA,4 nominations.,https://m.media-amazon.com/images/M/MV5BNWVhOTY3ZWEtZDBlZC00ZGI4LWE5MjUtYWMzYzM5NzQ0YWJkXkEyXkFqcGdeQXVyMTA4NDI1NTQx._V1_SX300.jpg,"[{'Source': 'Internet Movie Database', 'Value': '6.4/10'}]",N/A,6.4,"2,842",tt0303151,movie,N/A,N/A,N/A,N/A,True,Tom y Jerry y el anillo mágico,
The Prince of Egypt,1998,PG,18 Dec 1998,99 min,"Animation, Adventure, Drama","Brenda Chapman, Steve Hickner, Simon Wells","Philip LaZebnik, Nicholas Meyer","Val Kilmer, Ralph Fiennes, Michelle Pfeiffer","This is the extraordinary tale of two brothers named Rameses II (Ralph Fiennes) and Moses (Val Kilmer), one born of royal blood, and one an orphan with a secret past. Growing up the best of friends, they share a strong bond of free-spirited youth and good-natured rivalry. But the truth will ultimately set them at odds, as one becomes the ruler of the most powerful empire on Earth, and the other the chosen leader of his people. Their final confrontation will forever change their lives and the world.","English, Hebrew","United States, Canada",Won 1 Oscar. 12 wins & 27 nominations total,https://m.media-amazon.com/images/M/MV5BMjc4NzU5MDUtNmFkNi00NzI5LWE3NjQtNjJlZDRlNjdhZWYwXkEyXkFqcGc@._V1_SX300.jpg,"[{'Source': 'Internet Movie Database', 'Value': '7.2/10'}, {'Source': 'Rotten Tomatoes', 'Value': '79%'}, {'Source': 'Metacritic', 'Value': '64/100'}]",64,7.2,"158,262",tt0120794,movie,N/A,"$101,413,188",N/A,N/A,True,"""Principe de Egipto, el""",
Wallace & Gromit: The Curse of the Were-Rabbit,2005,G,07 Oct 2005,85 min,"Animation, Adventure, Comedy","Steve Box, Nick Park","Steve Box, Nick Park, Mark Burton","Peter Sallis, Helena Bonham Carter, Ralph Fiennes","It's 'vege-mania' in Wallace and Gromit's neighborhood, and our two enterprising chums are cashing in with their humane pest-control outfit, ""Anti-Pesto."" With only days to go before the annual Giant Vegetable Competition, business is booming, but Wallace &amp; Gromit are finding out that running a ""humane"" pest control outfit has its drawbacks as their West Wallaby Street home fills to the brim with captive rabbits. Suddenly, a huge, mysterious, veg-ravaging ""beast"" begins attacking the town's sacred vegetable plots at night, and the competition hostess, Lady Tottington, commissions Anti-Pesto to catch it and save the day. Lying in wait, however, is Lady Tottington's snobby suitor, Victor Quartermaine, who'd rather shoot the beast and secure the position of local hero-not to mention Lady Tottingon's hand in marriage. With the fate of the competition in the balance, Lady Tottington is eventually forced to allow Victor to hunt down the vegetable chomping marauder. Little does she know that Victor's real intent could have dire consequences for her ...and our two heroes.",English,"United Kingdom, United States",Won 1 Oscar. 41 wins & 25 nominations total,https://m.media-amazon.com/images/M/MV5BM2JkOTRkZTctN2ZiMy00ZGRmLWJkNzQtOGJkNmFiM2ZjNjYzXkEyXkFqcGc@._V1_SX300.jpg,"[{'Source': 'Internet Movie Database', 'Value': '7.5/10'}, {'Source': 'Rotten Tomatoes', 'Value': '95%'}, {'Source': 'Metacritic', 'Value': '87/100'}]",87,7.5,"152,997",tt0312004,movie,N/A,"$56,110,897",N/A,N/A,True,Wallece y Gromit: la batalla de los vegetales,
Pooh's Heffalump Movie,2005,G,11 Feb 2005,68 min,"Animation, Adventure, Comedy",Frank Nissen,"Brian Hohlfeld, Evan Spiliotopoulos, A.A. Milne","Jim Cummings, Brenda Blethyn, Kyle Stanger","A Heffalump is heard trumpeting in the hundred acre woods. Winnie the Pooh, Tigger, and Piglet are scared and rush to Rabbit's house for advice. Roo joins them and they all agree that Heffalumps are nearby after finding a huge footprint. They decide to set out on an expedition to catch the Heffalump. Roo is not allowed to come along because he is too little.",English,"United States, Japan, Germany, Canada, France, United Kingdom",1 nomination total,https://m.media-amazon.com/images/M/MV5BMTUyOTk5MDM4N15BMl5BanBnXkFtZTcwMTM0NDcyMQ@@._V1_SX300.jpg,"[{'Source': 'Internet Movie Database', 'Value': '6.4/10'}, {'Source': 'Rotten Tomatoes', 'Value': '80%'}, {'Source': 'Metacritic', 'Value': '64/100'}]",64,6.4,"9,229",tt0407121,movie,N/A,"$18,098,433",N/A,N/A,True,Winnie the Pooh y el pequeño efelante,
The Wind in the Willows,1949,G,05 Oct 1949,30 min,"Animation, Short, Comedy","James Algar, Jack Kinney","Kenneth Grahame, Winston Hibler, Homer Brightman","Basil Rathbone, Eric Blore, J. Pat O'Malley","Disney ""Mini-Classic"" version of the tale. First released as a double-feature: The Adventures of Ichabod and Mr. Toad.",English,United States,N/A,https://m.media-amazon.com/images/M/MV5BNzhmZDIxNjMtNjQ4NC00OGUwLWE0OTQtODFmNTlkNDcyNDJlXkEyXkFqcGc@._V1_SX300.jpg,"[{'Source': 'Internet Movie Database', 'Value': '7.2/10'}]",N/A,7.2,"2,250",tt0042044,movie,N/A,N/A,N/A,N/A,True,"""Viento en los sauces, el : la caricatura""",
Willy Wonka & the Chocolate Factory,1971,G,30 Jun 1971,100 min,"Adventure, Comedy, Family",Mel Stuart,"Roald Dahl, Robert Kaufman, David Seltzer","Gene Wilder, Jack Albertson, Peter Ostrum","The world is astounded when Willy Wonka, for years a recluse in his factory, announces that five lucky people will be given a tour of the factory, shown all the secrets of his amazing candy, and one will win a lifetime supply of Wonka chocolate. Nobody wants the prize more than young Charlie, but as his family is so poor that buying even one bar of chocolate is a treat, buying enough bars to find one of the five golden tickets is unlikely in the extreme. But in movieland, magic can happen. Charlie, along with four somewhat odious other children, get the chance of a lifetime and a tour of the factory. Along the way, mild disasters befall each of the odious children, but can Charlie beat the odds and grab the brass ring?","English, French, German, Italian","United Kingdom, United States",Nominated for 1 Oscar. 3 wins & 4 nominations total,https://m.media-amazon.com/images/M/MV5BNzllNzlkNzYtZTEzZi00ODMwLWFlYTctZDE5Mzk0NTM1NmViXkEyXkFqcGc@._V1_SX300.jpg,"[{'Source': 'Internet Movie Database', 'Value': '7.8/10'}, {'Source': 'Rotten Tomatoes', 'Value': '90%'}, {'Source': 'Metacritic', 'Value': '67/100'}]",67,7.8,"243,676",tt0067992,movie,N/A,"$2,242,696",N/A,N/A,True,Willy Wonka y la fàbrica de chocolate,
The Fox and the Hound,1981,G,10 Jul 1981,83 min,"Animation, Adventure, Drama","Ted Berman, Richard Rich, Art Stevens","Daniel P. Mannix, Larry Clemmons, Ted Berman","Mickey Rooney, Kurt Russell, Pearl Bailey","When an adopted fox and a to-be hunting hound become inseparable friends as pups, their friendship grows stronger every day in their ""childhood."" But as they grow older, they grow farther and farther apart, to the day when the two old comrades' bond is put to the ultimate test.",English,United States,1 win & 3 nominations total,https://m.media-amazon.com/images/M/MV5BY2IxMDIxZTAtMjEyMS00MzY3LTkyM2EtNTVlNTZmMjI1OTRlXkEyXkFqcGc@._V1_SX300.jpg,"[{'Source': 'Internet Movie Database', 'Value': '7.2/10'}, {'Source': 'Rotten Tomatoes', 'Value': '75%'}, {'Source': 'Metacritic', 'Value': '65/100'}]",65,7.2,"109,453",tt0082406,movie,N/A,"$63,456,988",N/A,N/A,True,"""Zorro y el sabueso, el""",
The Brave Little Toaster Goes to Mars,1998,Not Rated,18 May 1998,73 min,"Animation, Adventure, Family, Sci-Fi","Robert C. Ramirez, Patrick A. Ventura","Willard Carroll (screenplay), Thomas M. Disch (novel)","Thurl Ravenscroft, Deanna Oliver, Eric Lloyd, Timothy Stack","Robbie, the master's baby, has been mysteriously beamed to Mars. It's up to our heroes plus a houseful of new friends - a fan, microwave, calculator, bag of cheddar-flavored popcorn and ""the contraption in the junk drawer""- to reach for the stars and bring him safely home.",English,USA,2 nominations.,https://m.media-amazon.com/images/M/MV5BMjNkMzAzNDItZWZkMi00OGUxLTljNTItNTgyNjQwYjc0YzVhXkEyXkFqcGdeQXVyMTk5MjAyMjM@._V1_SX300.jpg,"[{'Source': 'Internet Movie Database', 'Value': '5.7/10'}, {'Source': 'Rotten Tomatoes', 'Value': '50%'}]",N/A,5.7,"1,437",tt0147926,movie,N/A,N/A,N/A,N/A,True,"""Tostada valiente va a marte, La""",
The Hunchback of Notre Dame,1996,G,21 Jun 1996,91 min,"Animation, Drama, Family","Gary Trousdale, Kirk Wise","Tab Murphy, Irene Mecchi, Bob Tzudiker","Demi Moore, Jason Alexander, Mary Kay Bergman","In 15th-century Paris, Clopin the puppeteer tells the story of Quasimodo, the misshapen but gentle-souled bell ringer of Notre Dame, who was nearly killed as a baby by Claude Frollo, the Minister of Justice. But Frollo was forced by the Archdeacon of Notre Dame to raise Quasimodo as his own. Now a young man, Quasimodo is hidden from the world by Frollo in the belltower of the cathedral. But during the Festival of Fools, Quasimodo, cheered on by his gargoyle friends Victor, Hugo, and Laverne, decides to take part in the festivities, where he meets the lovely gypsy girl Esmeralda and the handsome soldier Phoebus. The three of them find themselves ranged against Frollo's cruelty and his attempts to destroy the home of the gypsies, the Court of Miracles. And Quasimodo must desperately defend both Esmeralda and the very cathedral of Notre Dame.","English, Latin",United States,Nominated for 1 Oscar. 8 wins & 26 nominations total,https://m.media-amazon.com/images/M/MV5BY2QzMGEzNGMtMDQyNC00YTlmLWEwYjMtOGI1NWYxMTM4NjA2XkEyXkFqcGc@._V1_SX300.jpg,"[{'Source': 'Internet Movie Database', 'Value': '7.0/10'}, {'Source': 'Rotten Tomatoes', 'Value': '80%'}, {'Source': 'Metacritic', 'Value': '74/100'}]",74,7.0,"183,121",tt0116583,movie,N/A,"$100,138,851",N/A,N/A,True,Jorobado de nothre dame,
Chicken Run,2000,G,23 Jun 2000,84 min,"Animation, Adventure, Comedy","Peter Lord, Nick Park","Peter Lord, Nick Park, Karey Kirkpatrick","Mel Gibson, Julia Sawalha, Phil Daniels","Having been hopelessly repressed and facing eventual certain death at the chicken farm where they are held, Rocky the rooster and Ginger the chicken decide to rebel against the evil Mr. and Ms. Tweedy, the farm's owners. Rocky and Ginger lead their fellow chickens in a great escape from the murderous farmers and their farm of doom.",English,"United Kingdom, France, United States",Nominated for 2 BAFTA 24 wins & 27 nominations total,https://m.media-amazon.com/images/M/MV5BZGViZmJjMTQtNDk3NC00NjQ4LTg0ODItYWI3MjY3YmUwMjczXkEyXkFqcGc@._V1_SX300.jpg,"[{'Source': 'Internet Movie Database', 'Value': '7.1/10'}, {'Source': 'Rotten Tomatoes', 'Value': '97%'}, {'Source': 'Metacritic', 'Value': '88/100'}]",88,7.1,"223,786",tt0120630,movie,N/A,"$107,071,709",N/A,N/A,True,Pollitos en fuga,
Stuart Little 3: Call of the Wild,2005,G,21 Feb 2006,72 min,"Animation, Comedy, Family, Fantasy",Audu Paden,"E.B. White (based on characters from the book by), Douglas Wick (story by), Bob Shaw (screenplay by), Don McEnery (screenplay by), Bill Motz (additional writing), Bob Roth (additional writing)","Michael J. Fox, Geena Davis, Hugh Laurie, Wayne Brady","Stuart Little's back in an all-new, adventure! School's out for the summer and the Little Family is spending their big vacation at a beautiful lakeside cabin near Lake Garland. But meanwhile, there is something lurking in the forest who could spoil all the fun: the Beast; a mean and isolated forest terror who rules the local animals with an iron paw. When Snowbell is taken prisoner, a Little bravery goes a long way as Stuart, along with his new skunk friend, named, Reeko, who heroically rescues Snowbell, frees the other woodland creatures and outwits the wily Beast.",English,USA,N/A,https://m.media-amazon.com/images/M/MV5BMGY3Y2QxMWQtZjI4ZC00M2EyLTk0NjMtZDNjNmEyMTkzMDlmXkEyXkFqcGdeQXVyNDgyODgxNjE@._V1_SX300.jpg,"[{'Source': 'Internet Movie Database', 'Value': '4.3/10'}]",N/A,4.3,"4,169",tt0472602,movie,N/A,N/A,N/A,N/A,True,Stuart Little 3: un ratón en la familia,
The Princess and the Frog,2009,G,11 Dec 2009,97 min,"Animation, Adventure, Comedy","Ron Clements, John Musker","Ron Clements, John Musker, Rob Edwards","Anika Noni Rose, Keith David, Oprah Winfrey","A modern day retelling of the classic story The Frog Prince. The Princess and the Frog finds the lives of arrogant, carefree Prince Naveen and hardworking waitress Tiana crossing paths. Prince Naveen is transformed into a frog by a conniving voodoo magician and Tiana, following suit, upon kissing the amphibian royalty. With the help of a trumpet-playing alligator, a Cajun firefly, and an old blind lady who lives in a boat in a tree, Naveen and Tiana must race to break the spell and fulfill their dreams.","English, French","United States, Brazil, Canada",Nominated for 3 Oscars. 10 wins & 42 nominations total,https://m.media-amazon.com/images/M/MV5BOTE3YTExYTEtOTUxZC00OTM0LWJmYmItMDk5YjczNmIwNzA2XkEyXkFqcGc@._V1_SX300.jpg,"[{'Source': 'Internet Movie Database', 'Value': '7.2/10'}, {'Source': 'Rotten Tomatoes', 'Value': '86%'}, {'Source': 'Metacritic', 'Value': '73/100'}]",73,7.2,"184,917",tt0780521,movie,N/A,"$104,400,899",N/A,N/A,True,"""Princesa y el sapo, la""",
