Title,SourcePDF
A BRIGHT MOON,PELICULAS CHINAS.pdf
A GIMPSE OF THE ANCIENT TOWN OF PHOENIX,PELICULAS CHINAS.pdf
A REVIEW OF THE CENTENNIAL DEVELOPMENT,PELICULAS CHINAS.pdf
OF CHINA´S FILM INDUSTRY,PELICULAS CHINAS.pdf
A TALE OF TWO CHINESE,PELICULAS CHINAS.pdf
ALXA A MYSTERIOUS AREA OF CHINA,PELICULAS CHINAS.pdf
AN AUTOBIOGRAPHY OF A WORLD WAR II,PELICULAS CHINAS.pdf
ORPHAN,PELICULAS CHINAS.pdf
AN OUTLINE OF CHINESE DANCE ART,PELICULAS CHINAS.pdf
ANGEL VERA,PELICULAS CHINAS.pdf
BANJIULUNBU-A SMALL VILLAGE IN TIBET,PELICULAS CHINAS.pdf
BASEBALL BOYS,PELICULAS CHINAS.pdf
BEAUTIFUL HOMELAND,PELICULAS CHINAS.pdf
BEIJING,PELICULAS CHINAS.pdf
BIOGRAPHY OF KINQ GESAR,PELICULAS CHINAS.pdf
BLAK-FACED SPOONBILL,PELICULAS CHINAS.pdf
CELL PHONE,PELICULAS CHINAS.pdf
CHINESE INSTRUMENTAL MUSIC,PELICULAS CHINAS.pdf
CHINESE MUSIC AT A GLANCE,PELICULAS CHINAS.pdf
CHINESE QIPAO,PELICULAS CHINAS.pdf
COLOURS OF THE BLIND,PELICULAS CHINAS.pdf
CULTURAL AMBASSADOR;MR.MEI LANFANG,PELICULAS CHINAS.pdf
CRAFTS OF BEIJING,PELICULAS CHINAS.pdf
DANCE WITHOUT MUSIC,PELICULAS CHINAS.pdf
DRAGON BOAT DIARY,PELICULAS CHINAS.pdf
EARLY SPRING IN FEBRUARY,PELICULAS CHINAS.pdf
EARTH AND FIRE-CHINESE PORCELAIN,PELICULAS CHINAS.pdf
EXPERIENCING HONG KONG,PELICULAS CHINAS.pdf
EXTRAORDINARY 21 HOURS,PELICULAS CHINAS.pdf
FAREWELL TO DEATH,PELICULAS CHINAS.pdf
FEMALE COACH AND MALE PLAYERS,PELICULAS CHINAS.pdf
FREE AND UNRESTRAINED TIBETAN PAINTING,PELICULAS CHINAS.pdf
FULL MOON OVER LIANGZHUOU,PELICULAS CHINAS.pdf
GADA MEILIN,PELICULAS CHINAS.pdf
GANSU  GROTTO ARTS,PELICULAS CHINAS.pdf
GENGHIS KHAN,PELICULAS CHINAS.pdf
GIMME KUDOS,PELICULAS CHINAS.pdf
GU EMBROIDERY,PELICULAS CHINAS.pdf
GUASHA THE TREATMENT,PELICULAS CHINAS.pdf
HE ZHANHAO THE BUTTERFLY CLOVERS,PELICULAS CHINAS.pdf
HEROIC DUO,PELICULAS CHINAS.pdf
HONEYMOON,PELICULAS CHINAS.pdf
INTERWOVEN CIVILIZATIONS,PELICULAS CHINAS.pdf
JASMINE WOMAN,PELICULAS CHINAS.pdf
JIMMY´S STORY,PELICULAS CHINAS.pdf
JINLING CUKTURAL ATTRACTIONS,PELICULAS CHINAS.pdf
KEKEXILI,PELICULAS CHINAS.pdf
LAOPSANG´S WORLD,PELICULAS CHINAS.pdf
LETTER FROM UNKNOWN WOMAN,PELICULAS CHINAS.pdf
LEARN CHINA’S ART OF ENJOYING TEA WITH,PELICULAS CHINAS.pdf
LIANGYOU,PELICULAS CHINAS.pdf
LOVE STORY BY TEA,PELICULAS CHINAS.pdf
MEMORABLE YEARS,PELICULAS CHINAS.pdf
MERCHANTS ON THE ANCIENT SILK ROAD,PELICULAS CHINAS.pdf
MIGRATION,PELICULAS CHINAS.pdf
MY DAD MY MOM,PELICULAS CHINAS.pdf
MY ONE HUNDRED NINETHINTH -MY 1919,PELICULAS CHINAS.pdf
EW  CHINAS CULTURE AND ARTS IN 50 YEARS,PELICULAS CHINAS.pdf
TES ON HONGSHUI RIVER,PELICULAS CHINAS.pdf
OF SHAQLIN TEMPLE,PELICULAS CHINAS.pdf
OLD HOUSE OLD GRANDMA,PELICULAS CHINAS.pdf
ORIENTAL BAMBOO COUNTRY,PELICULAS CHINAS.pdf
PERHAPS LOVE,PELICULAS CHINAS.pdf
QIXIA TEMPLE,PELICULAS CHINAS.pdf
RAIN FLOWERS PEBBLE,PELICULAS CHINAS.pdf
REMEMBRANCE OF THINGS PAST,PELICULAS CHINAS.pdf
RETURN TO THE NATURE,PELICULAS CHINAS.pdf
RIVER CROOSS CITY,PELICULAS CHINAS.pdf
SIGH,PELICULAS CHINAS.pdf
SPRING SUBWAY,PELICULAS CHINAS.pdf
SU EMBROIDERY,PELICULAS CHINAS.pdf
SHADOW MAJIC,PELICULAS CHINAS.pdf
SHOWER,PELICULAS CHINAS.pdf
THE AFFECTION FOR THE OROGENS,PELICULAS CHINAS.pdf
THE BIRTH OF SHOOTING STAR,PELICULAS CHINAS.pdf
THE BIRTHDAY,PELICULAS CHINAS.pdf
THE GREAT VOYAGES OF ZHENG HE,PELICULAS CHINAS.pdf
THE HERO ZHENG CHENGGONG,PELICULAS CHINAS.pdf
THE LAST MATRIARCHAL TRIBE IN CHINA,PELICULAS CHINAS.pdf
THE LIN´S STORE,PELICULAS CHINAS.pdf
THE LIVING BUDDHA IN THE SAINT MOUNTAIN,PELICULAS CHINAS.pdf
THE ORDOS WEDDING CEREMONY,PELICULAS CHINAS.pdf
THE RETUM OF THE OSPREYS,PELICULAS CHINAS.pdf
THE SILENT HOLY STONES,PELICULAS CHINAS.pdf
THE TAOPING STRONGHOLD,PELICULAS CHINAS.pdf
TIBETAN CLOTHES,PELICULAS CHINAS.pdf
TIBETAN  MEDICINE OF THE SNOWY REGION,PELICULAS CHINAS.pdf
TURPAN LOVE SONGS,PELICULAS CHINAS.pdf
TWO BECOME 1,PELICULAS CHINAS.pdf
VISIT BEIJING,PELICULAS CHINAS.pdf
WHERE FRIENDS MEET FOR CULTURE,PELICULAS CHINAS.pdf
WHO CARES,PELICULAS CHINAS.pdf
XINJIANG,PELICULAS CHINAS.pdf
Barbarella: reina de la galaxia,CINE.pdf
Barry Lyndon,CINE.pdf
Barton Fink,CINE.pdf
Básico y letal,CINE.pdf
"Bastardos,Los",CINE.pdf
Bastardos Sin Gloria,CINE.pdf
"Batalla de Riddick, La",CINE.pdf
Batalla en el cielo,CINE.pdf
Batalla en el infierno,CINE.pdf
battle planet(La conquista del,CINE.pdf
planeta) 210,CINE.pdf
Batalla por la tierra  211,CINE.pdf
"Bebé de Rosemary, El  212",CINE.pdf
Beethoven 213,CINE.pdf
Beethoven 3 214,CINE.pdf
eethoven monstruo inmortal 215,CINE.pdf
Bella 216,CINE.pdf
"Bella y la bestia, La",CINE.pdf
bête 217,CINE.pdf
Belle & Bella,CINE.pdf
Belleza americana 219,CINE.pdf
Belleza robada,CINE.pdf
"Bello durmiente, El 221",CINE.pdf
Ben-Hur,CINE.pdf
Beowulf : la leyenda,CINE.pdf
Bernard y Doris,CINE.pdf
Bernardita de Lourdes,CINE.pdf
"Beso del juego, El",CINE.pdf
Besos perdidos 227,CINE.pdf
Besos robados,CINE.pdf
Betty Fisher y otras historias,CINE.pdf
"Biblia, La",CINE.pdf
Bicho de siete cabezas  231,CINE.pdf
"Bicicleta verde, La",CINE.pdf
Bienvenido paisano,CINE.pdf
Billy Bathgate,CINE.pdf
Billy Elliot,CINE.pdf
Biutiful,CINE.pdf
Blade runner,CINE.pdf
Blanca nieves un cuento de terror,CINE.pdf
Snowwhite : a tale of horror  238,CINE.pdf
Blanco perfecto,CINE.pdf
Boccaccio 70,CINE.pdf
Blood Diamond,CINE.pdf
sangre 241,CINE.pdf
BloodRayne 2 : Deliverance,CINE.pdf
Bola de nieve,CINE.pdf
Borat : el segudo mejor reportero del,CINE.pdf
glorioso país Kazajistán viaja a,CINE.pdf
américa 244,CINE.pdf
"Bordadoras, Las",CINE.pdf
"Borgia, Los",CINE.pdf
Born to be blue,CINE.pdf
Baker 247,CINE.pdf
Bosque sangriento,CINE.pdf
"Botín de los valientes, El",CINE.pdf
heroes 249,CINE.pdf
Boxer: golpe a la vida,CINE.pdf
Brasil Brazil 251,CINE.pdf
Braveheart,CINE.pdf
Brigadas rojas,CINE.pdf
Brokeback mountain,CINE.pdf
montaña  255,CINE.pdf
"Brujas de Eastwick, Las",CINE.pdf
"Brujas de Salem, Las",CINE.pdf
Buda explotó de vergüenza,CINE.pdf
Buen trabajo,CINE.pdf
Buenos Aires 100 km,CINE.pdf
Buenos días noche 261,CINE.pdf
Buenos muchachos Goodfellas,CINE.pdf
Búfalo Americano,CINE.pdf
Bugambilia,CINE.pdf
Bulletproof Monk,CINE.pdf
"Cabaña,La",CINE.pdf
"Cabaña The Schack, La  267",CINE.pdf
Cabaret,CINE.pdf
Cabeza de Vaca,CINE.pdf
Cacería voraz II,CINE.pdf
Cachorro  271,CINE.pdf
"Cachorros, Los 272",CINE.pdf
Cada loco con su tema,CINE.pdf
Cada quien su cine,CINE.pdf
Cadena de errores,CINE.pdf
Cadena de favores 276,CINE.pdf
Caída del Halcón negro 277,CINE.pdf
Cadena perpetua,CINE.pdf
"Caída, La : Los últimos días de Hitler 279",CINE.pdf
Calabacitas tiernas,CINE.pdf
Calígula 281,CINE.pdf
Callas para siempre,CINE.pdf
"Calle,La (la strada) 283",CINE.pdf
"Callejón de los milagros, El",CINE.pdf
Callejón sin salida,CINE.pdf
"Cambiadora de páginas, La",CINE.pdf
Cambiamos pareja?,CINE.pdf
Cambio de vida,CINE.pdf
"Cambio, El ; Crates",CINE.pdf
"Camino al infierno, El : Ruta 666",CINE.pdf
Camino de la venganza 291,CINE.pdf
Camino del dragón. El 292,CINE.pdf
Camino del guerrero,CINE.pdf
"Warrior, El  293",CINE.pdf
Camino hacia el terror,CINE.pdf
Camino hacia el terror 3( Abandonado,CINE.pdf
para morir) 295,CINE.pdf
Camino hacia el terror 4 (inicio,CINE.pdf
sangriento) 296,CINE.pdf
Campos de  Esperanza 297,CINE.pdf
"Campos de la muerte, Los",CINE.pdf
Cananea,CINE.pdf
Canciones del segundo piso,CINE.pdf
Candilejas 301,CINE.pdf
Canoa,CINE.pdf
Cantando bajo la lluvia,CINE.pdf
rain 303,CINE.pdf
Capitán América y el soldado del,CINE.pdf
invierno 304,CINE.pdf
capitán de mar y guerra/La costa más,CINE.pdf
lejana del mundo 305,CINE.pdf
Capote,CINE.pdf
Cara de guerra,CINE.pdf
Carácter,CINE.pdf
Caramelo,CINE.pdf
Caravaggio 310,CINE.pdf
Carnaval en el trópico Carnaval en,CINE.pdf
Veracruz  311,CINE.pdf
Carol 312,CINE.pdf
"Carrera de la muerte, La",CINE.pdf
Race] 313,CINE.pdf
Carretera sangrienta 314,CINE.pdf
Carrie 315,CINE.pdf
Carros de fuego,CINE.pdf
"Carta, La  317",CINE.pdf
"Cartero, El",CINE.pdf
"Casa de Alicia, La 319",CINE.pdf
"Casa de arena y niebla, La",CINE.pdf
"Casa de los cuchillos, La 321",CINE.pdf
"Casa de los espíritus, La  322",CINE.pdf
"Casa del demonio,La 323",CINE.pdf
"Casa del lago, La",CINE.pdf
Casablanca  325,CINE.pdf
"revolucionaria, La 341",CINE.pdf
"Chica terremoto, La",CINE.pdf
"Chofer y la señora Daisy, El",CINE.pdf
miss Daisy  361,CINE.pdf
"Ciencia del sueño, La La science des",CINE.pdf
rêves 368,CINE.pdf
Cilantro y perejil,CINE.pdf
Cinco segundos antes del fin del,CINE.pdf
mundo 371,CINE.pdf
Cincuenta sombras de Grey,CINE.pdf
Cine en corto : los mejores cortos del,CINE.pdf
"cine extranjero, El 373",CINE.pdf
Cinema brasileiro contemporáneo :,CINE.pdf
trailers  374,CINE.pdf
Cinema paradiso : la versión del,CINE.pdf
version 375,CINE.pdf
"Círculo de la muerte, El  376",CINE.pdf
Círculo de pasiones 377,CINE.pdf
"Circo,El",CINE.pdf
"Cisne negro, El  379",CINE.pdf
City of Joy,CINE.pdf
Ciudad de Dios City of God  381,CINE.pdf
La ciudad de las mujeres La cité des,CINE.pdf
femmes 382,CINE.pdf
"Ciudad de los niños perdidos, La 383",CINE.pdf
"Ciudad del pecado, La",CINE.pdf
Ciudad virtual 385,CINE.pdf
Ciudadano Kane,CINE.pdf
Ciudadano Kane y Ladrón de,CINE.pdf
bicicletas 387,CINE.pdf
"Clan del oso cavernario, El",CINE.pdf
Claroscuro,CINE.pdf
Cleopatra,CINE.pdf
Closer Llevados por el deseo 391,CINE.pdf
"Club de la buena estrella, El  392",CINE.pdf
Club de la pelea 393,CINE.pdf
Club sándwich,CINE.pdf
Cobra 395,CINE.pdf
Cobra Verde,CINE.pdf
Cobrador : in god we trust  397,CINE.pdf
Cocktail,CINE.pdf
Coco e Igor,CINE.pdf
Cocoon,CINE.pdf
"Código Da Vinci, El  401",CINE.pdf
Código de familia,CINE.pdf
Código de honor,CINE.pdf
Códigos de guerra,CINE.pdf
Coffee y cigarettes,CINE.pdf
Colateral,CINE.pdf
Colección de cortometrajes ccc,CINE.pdf
Colección de cortometrajes,CINE.pdf
extranjeros 2 y 3 408,CINE.pdf
La colina de la muerte Hamburguer,CINE.pdf
hill  409,CINE.pdf
"Colonia, La 410",CINE.pdf
Color delcrimen.El 411,CINE.pdf
"Color del paraíso, El  412",CINE.pdf
"Color púrpura, El 413",CINE.pdf
Colosio 414,CINE.pdf
"Comancheros, Los 415",CINE.pdf
Comando especial 21 Jump Street,CINE.pdf
"Comer,beber, amar 419",CINE.pdf
Cómicos de la legua,CINE.pdf
Como agua para chocolate  421,CINE.pdf
Cómo matar a un ruiseñor?,CINE.pdf
mockingbird  422,CINE.pdf
Cómo no te voy a querer,CINE.pdf
Cómo perder a tus amigos,CINE.pdf
Como perder a un hombre en 10 días,CINE.pdf
Cómo ves?,CINE.pdf
Comprendiendo a Jane,CINE.pdf
"Con ""M"" de muerte",CINE.pdf
Con el Amor no se Juega,CINE.pdf
Con las alas rotas,CINE.pdf
Conductor y el forastero. El 431,CINE.pdf
Conejo en la luna,CINE.pdf
Conexión fatal,CINE.pdf
Confesiones de un asesino,CINE.pdf
Confesiones del Sr. Schmidt About,CINE.pdf
"Schmidt, Las  435",CINE.pdf
Confía en mi,CINE.pdf
"Confines, Los",CINE.pdf
Control Total,CINE.pdf
Corazón de caballero A Knight’s tale,CINE.pdf
Corazón de dragón,CINE.pdf
"Corazón de la noche, El",CINE.pdf
Corazón de melón,CINE.pdf
"Corazón del guerrero, El",CINE.pdf
Corazón del tiempo : un viaje al,CINE.pdf
corazón de la resistencia zapatista  455,CINE.pdf
Cordero de Dios,CINE.pdf
Coriolanus,CINE.pdf
Coronel Redl,CINE.pdf
Correo explosivo,CINE.pdf
Corre Lola corre,CINE.pdf
"Cortometraje más que un instante, 3 461",CINE.pdf
"Cortometraje más que un instante, 8",CINE.pdf
Cortometrajes extranjeros de,CINE.pdf
Cosas de mujeres,CINE.pdf
Cosas insignificantes,CINE.pdf
Cosecha del diablo/ Prisión maldita,CINE.pdf
"Cosecha estéril, La",CINE.pdf
"Cosechador de almas,El",CINE.pdf
Cosmópolis 471,CINE.pdf
"Clave del éxito, La",CINE.pdf
Crepúsculo,CINE.pdf
Crepúsculo - Luna Nueva,CINE.pdf
"Crimen del Padre Amaro, El",CINE.pdf
Crimen virtual,CINE.pdf
Criminal,CINE.pdf
Cristiada,CINE.pdf
"Cristo del océano, El",CINE.pdf
Crónicas de un zombi,CINE.pdf
Crossing over  481,CINE.pdf
Cruzada,CINE.pdf
Cuando hierve la sangre Never so few,CINE.pdf
Cuando los hermanos se encuentran,CINE.pdf
Cuando los hermanos se encuentran/,CINE.pdf
Terciopelo azul 485,CINE.pdf
Cuando quiere un mexicano,CINE.pdf
Cuando un extraño llama,CINE.pdf
Cuando viajan las estrellas,CINE.pdf
Cuarenta [ i. e.] 40 días,CINE.pdf
"Cuarto de los muertos, El",CINE.pdf
[videograbación],CINE.pdf
morts  490,CINE.pdf
Cuatro amantes  491,CINE.pdf
Cuatro bodas y un funeral,CINE.pdf
"Cuatro Fantásticos, Los",CINE.pdf
"Cuatro meses, 3 semanas y 2 dìas",CINE.pdf
Cuatro cientos [ i. e. 400] golpes,CINE.pdf
"Cubo,el",CINE.pdf
Cuchillo en el agua Knife in the water,CINE.pdf
El 497,CINE.pdf
Cuenta final,CINE.pdf
Cuentos de la Cabaña Desolada,CINE.pdf
Cuentos de Canterbury,CINE.pdf
Cuentos de hadas para dormir,CINE.pdf
cocodrilos  501,CINE.pdf
Cuentos y realidades,CINE.pdf
"Cuerpo, El  ; El tercer milagro The",CINE.pdf
Body ; The Third Miracle  503,CINE.pdf
Cuerpos ardientes,CINE.pdf
"Cuervo, The Crow",CINE.pdf
Cujo,CINE.pdf
"Culpa la tiene fidel, La",CINE.pdf
"Dalia Negra, La",CINE.pdf
"Dama de honor, La 511",CINE.pdf
Dama de noche 512,CINE.pdf
"Dama y el fantasma, La  513",CINE.pdf
Damas del Mar,CINE.pdf
Danton 515,CINE.pdf
Danza con lobos  516,CINE.pdf
Danzón  517,CINE.pdf
Daredevil : el hombre sin miedo,CINE.pdf
Dark Blue 519,CINE.pdf
David y Betsabé,CINE.pdf
Daybreakers,CINE.pdf
"De abajo, Los",CINE.pdf
De aquí a la eternidad,CINE.pdf
De hombres y de dioses,CINE.pdf
De puerta en puerta Door to door,CINE.pdf
De qué lado estás?,CINE.pdf
"De tal padre, tal hijo Like father, like",CINE.pdf
son 527,CINE.pdf
Dead  or alive,CINE.pdf
Deal of the century ( Contrato del,CINE.pdf
siglo) 529,CINE.pdf
Deadpool,CINE.pdf
Decadencia del imperio americano,CINE.pdf
La  531,CINE.pdf
"Decameron, El",CINE.pdf
Déjame entrar,CINE.pdf
Déjame vivir,CINE.pdf
"Delgada línea roja,  La",CINE.pdf
line  535,CINE.pdf
Delta,CINE.pdf
Demasiada Carne,CINE.pdf
Demasiado amor,CINE.pdf
Demetrius y los gladiadores,CINE.pdf
Demetrius and the gladiators  539,CINE.pdf
"Demonio neón, El",CINE.pdf
Demonios en la puerta,CINE.pdf
Dentro de la piel,CINE.pdf
Desafío,CINE.pdf
Desafío a los gigantes Facing the,CINE.pdf
Gigants  544,CINE.pdf
Desaparecido,CINE.pdf
"Descenso, El",CINE.pdf
Descubriendo el país de nunca jamás,CINE.pdf
Desde allá,CINE.pdf
Desde el infierno,CINE.pdf
Desde el jardín,CINE.pdf
Desde mi cielo 551,CINE.pdf
Deseando amar,CINE.pdf
"Desierto rojo, El",CINE.pdf
Despertar del miedo,CINE.pdf
Despertares,CINE.pdf
Después de Lucía,CINE.pdf
Después de medianoche,CINE.pdf
Después de la muerte,CINE.pdf
Destino milagroso,CINE.pdf
Detrás del espejo,CINE.pdf
Deudas de sangre 561,CINE.pdf
"Devoradora, La",CINE.pdf
Día de entrenamiento,CINE.pdf
"Día de la bestia, El",CINE.pdf
"Día de la boda, El",CINE.pdf
Día de los inocentes.El,CINE.pdf
Día del chacal,CINE.pdf
Día final,CINE.pdf
"Día que la tierra se detuvo, El",CINE.pdf
"Día que ví tu corazón, El",CINE.pdf
"Diablo dijo no, El  571",CINE.pdf
"Diablo viste a la moda, El",CINE.pdf
Diabolique,CINE.pdf
Diamante de sangre,CINE.pdf
Diamantes para el desayuno,CINE.pdf
Días de Santiago,CINE.pdf
Días de trueno,CINE.pdf
"Días del abandono, Los",CINE.pdf
Días difíciles,CINE.pdf
Días sin huella,CINE.pdf
Diario de una mujer poseída,CINE.pdf
Diarios de motocicleta,CINE.pdf
Diez  historias cortas de amor,CINE.pdf
Diez cosas que odio de ti,CINE.pdf
Diez Mandamientos.Los,CINE.pdf
Diez mil A.C,CINE.pdf
Diez. La mujer perfecta,CINE.pdf
Diez punto cinco: Destrucción total,CINE.pdf
"Difícil Arte de amar,El",CINE.pdf
Dinero fácil: la venganza,CINE.pdf
"Diosa arrodillada, La 591",CINE.pdf
"Dioses deben estar locos, Los",CINE.pdf
gods must be crazy. 592,CINE.pdf
Dirty Dancing,CINE.pdf
"Discreto encanto de la burgesía,  El",CINE.pdf
Distinto amanecer,CINE.pdf
Divergente,CINE.pdf
Divo : la espectacular vida de Giulio,CINE.pdf
"Andreotti, El",CINE.pdf
Divorcio a la francesa,CINE.pdf
Divorcio a la italiana,CINE.pdf
Django sin cadenas Django,CINE.pdf
unchained  601,CINE.pdf
Dobermann,CINE.pdf
Doble del  diablo.El,CINE.pdf
Doble juego,CINE.pdf
Doble riesgo,CINE.pdf
Doble traición.La / Asesinas,CINE.pdf
"Doble vida de Verónica, La  La double",CINE.pdf
vie de Veronique  607,CINE.pdf
Doce años esclavo,CINE.pdf
"Doce cero ocho, al este de Bucarest",CINE.pdf
Doce hombres en pugna,CINE.pdf
Doce monos,CINE.pdf
"Doce sillas, Las 612",CINE.pdf
Doctor Zhivago 613,CINE.pdf
Dogville,CINE.pdf
"Dolce Vita, La 615",CINE.pdf
Domicilio desconocido,CINE.pdf
Dónde estas hermano?,CINE.pdf
"Dos días, una noche",CINE.pdf
Dos fantasmas y una muchacha,CINE.pdf
Dos hermanos,CINE.pdf
Dos mil uno [i.e. 2001] odisea del,CINE.pdf
espacio,CINE.pdf
Dos mil nueve,CINE.pdf
Dos mil diez (el año que hacemos,CINE.pdf
contacto) 623,CINE.pdf
Dos  mulas para la hermana Sara,CINE.pdf
Dos tipos de cuidado,CINE.pdf
Dr. Jekyll and Mr. Hyde,CINE.pdf
Drácula Bram Stoker’s Dracula,CINE.pdf
Drácula la historia jamás contada,CINE.pdf
Dracula untold  628,CINE.pdf
Drácula príncipe de la tinieblas,CINE.pdf
Dragón vs Dragón,CINE.pdf
Dragón rojo 631,CINE.pdf
Dream house,CINE.pdf
Drive angry,CINE.pdf
Drive el escape,CINE.pdf
"Duelo , El",CINE.pdf
Duelo de titanes,CINE.pdf
Dueños de la noche We own the,CINE.pdf
ight 638,CINE.pdf
Duma Duma,CINE.pdf
Dunas,CINE.pdf
Dura y peligrosa,CINE.pdf
Duro de martar(un buen díapara,CINE.pdf
morir 642,CINE.pdf
Duro de matar 4.0,CINE.pdf
Duros. los,CINE.pdf
Eco. El,CINE.pdf
Escocés volador.El,CINE.pdf
Ecos en la oscuridad,CINE.pdf
Ecos mortales Stir of echoes,CINE.pdf
Ecuación,CINE.pdf
Ed gein/ Ted bundy dos peliculas,CINE.pdf
"Edad de la peseta, La 651",CINE.pdf
Edipo alcalde  652,CINE.pdf
"Edukadores,Los 653",CINE.pdf
Efecto mariposa,CINE.pdf
Elogio del amor [videograbación],CINE.pdf
Emily Brontë cumbres borrascosas,CINE.pdf
Emily Brontë wuthering heights  660,CINE.pdf
En algún lugar de Africa Nowhere in,CINE.pdf
Africa  661,CINE.pdf
En el nombre de Dios Magdalene,CINE.pdf
Sisters  664,CINE.pdf
Encuentros y despedidas Marilyn,CINE.pdf
charm school  677,CINE.pdf
Eros 697,CINE.pdf
Eros : una vez María,CINE.pdf
Escalón 29,CINE.pdf
Escandalo,CINE.pdf
"Escándalos del rey Jorge, Los  701",CINE.pdf
Escritores de la libertad,CINE.pdf
Escuadrón Gran Rojo: La,CINE.pdf
"reconstrucción, El 704",CINE.pdf
Escucha tu destino August Rush,CINE.pdf
Escuela de música 706,CINE.pdf
Escuela de rateros,CINE.pdf
Escuela del rock,CINE.pdf
Eso 709,CINE.pdf
Espartaco 710,CINE.pdf
Especies III 711,CINE.pdf
Espejos siniestros Mirrors  712,CINE.pdf
"Esperanza vive en mi, La",CINE.pdf
me 713,CINE.pdf
El espíritu de la colmena 714,CINE.pdf
Espíritu de la pasión 715,CINE.pdf
Espionaje En Berlín 716,CINE.pdf
"Esqueleto de la señora Morales, El 717",CINE.pdf
Esquizofrenia  718,CINE.pdf
¡Esta vivo! 719,CINE.pdf
"Estaciones de la vida, Las",CINE.pdf
"Estafa maestra, La  721",CINE.pdf
"Estafa maestra, La : faena a la italiana",CINE.pdf
Estas ruinas que ves  723,CINE.pdf
Estoy viva,CINE.pdf
"Estrangulador de Hillside, El",CINE.pdf
hillside strangler 725,CINE.pdf
Estrella alcanzar una historia de,CINE.pdf
"amistad y lecturas, La 726",CINE.pdf
Estrellas del sur  727,CINE.pdf
"Estudiante, El",CINE.pdf
Eterno Resplandor de una mente sin,CINE.pdf
recuerdos 729,CINE.pdf
Europa zentropa Europa,CINE.pdf
Every day  731,CINE.pdf
Ex Máquina no hay nada más,CINE.pdf
humano que la voluntad de sobrevivir,CINE.pdf
"Ex mujer de mi vida, La  733",CINE.pdf
Examen Final,CINE.pdf
Executive suite 735,CINE.pdf
Exorcista La versión nunca antes vista,CINE.pdf
ever seen 736,CINE.pdf
Expectro 737,CINE.pdf
Expedientes secretos X,CINE.pdf
"Expiación, deseo y pecado  739",CINE.pdf
Expreso de media noche,CINE.pdf
Expreso de la muerte 741,CINE.pdf
"Expreso de von Ryan, El",CINE.pdf
Exterminio,CINE.pdf
Estraños:Los,CINE.pdf
Extraños en el paraíso,CINE.pdf
Fabrica de sueños,CINE.pdf
Face,CINE.pdf
Falsa identidad,CINE.pdf
"Falsificadores, Los",CINE.pdf
Familia de mi novia,CINE.pdf
Fanny & Alexander   751,CINE.pdf
Fanny Hill 752,CINE.pdf
"Fantasma de la libertad, El 753",CINE.pdf
Fantasma de la opera. El,CINE.pdf
"Fantasma de la opereta, El  755",CINE.pdf
Fantasmas 756,CINE.pdf
Farenheit 451 757,CINE.pdf
Farinelli,CINE.pdf
"Faro, El",CINE.pdf
"Favor, El",CINE.pdf
Fauces  de la noche.Las 761,CINE.pdf
Fear and Loathing in Las Vegas (,CINE.pdf
pánico y locura en las vegas) 762,CINE.pdf
Feast (atrapados) 763,CINE.pdf
Fenómeno siniestro 2,CINE.pdf
"Fernández de Peralvillo, Los 765",CINE.pdf
Festen : la celebración,CINE.pdf
celebration  766,CINE.pdf
"Festin de Babette, El 767",CINE.pdf
Fidel: libertador o dictador,CINE.pdf
"Fiebre del loco, La 769",CINE.pdf
"Fieras, Las",CINE.pdf
"Fiesta del chivo, La 771",CINE.pdf
La fiesta inovidable The party 772,CINE.pdf
Figuras de la Pasión 773,CINE.pdf
Film Noir,CINE.pdf
"Fin de los tiempos, El",CINE.pdf
happening  775,CINE.pdf
Final fantasy : el espíritu en nosotros  776,CINE.pdf
Flor Silvestre,CINE.pdf
Forrest Gump,CINE.pdf
Fragmaentos del destino,CINE.pdf
France boutique,CINE.pdf
Franck Spadone,CINE.pdf
Frankenstein,CINE.pdf
Fuego Fatuo Le Feu Follet,CINE.pdf
Fuera del cielo,CINE.pdf
Fuerzas de la naturaleza,CINE.pdf
"Fuga, La",CINE.pdf
Fuimos héroes,CINE.pdf
Ga'hoole,CINE.pdf
Garganta del diablo 819,CINE.pdf
"Gato sin botas, El",CINE.pdf
"Gatopardo, El 821",CINE.pdf
Gattaca: experimento genético,CINE.pdf
Gauguín:diario de un genio,CINE.pdf
"Gendarme desconocido, El",CINE.pdf
"Generala, La",CINE.pdf
Gente de Roma Gente di Roma,CINE.pdf
Germinal,CINE.pdf
Gertrudis Bocanegra,CINE.pdf
Ghost dog: el camino del samurai,CINE.pdf
Gánster americano,CINE.pdf
gangster  817,CINE.pdf
Garage Olimpo ; Himalaya ; Panic ; El,CINE.pdf
falso mesías 818,CINE.pdf
Ghost. La sombra del amor,CINE.pdf
Gia  831,CINE.pdf
Gigantes de acero,CINE.pdf
Gitana tenías que ser,CINE.pdf
Gladiador,CINE.pdf
"Globo blanco, El",CINE.pdf
Gloria,CINE.pdf
Godzilla,CINE.pdf
Goitia: un Dios para sí mismo,CINE.pdf
Golpe bajo el juego final,CINE.pdf
yard 839,CINE.pdf
Golpe de suerte,CINE.pdf
Gomorra,CINE.pdf
Goodbye Garibaldi,CINE.pdf
Gotcha: juego de la muerte,CINE.pdf
Goya,CINE.pdf
Goya y la inquisición,CINE.pdf
"Graduado, El",CINE.pdf
"Gran amante, El",CINE.pdf
"Gran belleza, La",CINE.pdf
"Gran comilona, La 851",CINE.pdf
Gran concierto.El,CINE.pdf
"Gran Dictador, El",CINE.pdf
"Gran Dictador, El  y Luces de la ciudad",CINE.pdf
Gran Gatsby,CINE.pdf
Gran hotel,CINE.pdf
"Gran hotel Budapest, El",CINE.pdf
"Gran Houdini, El",CINE.pdf
"Gran jefe, El",CINE.pdf
"Gran  makakikus, El 861",CINE.pdf
"Gran papel, El",CINE.pdf
"Gran Pez, El",CINE.pdf
Gran Torino,CINE.pdf
"Gran truco, El",CINE.pdf
Grand Prix,CINE.pdf
Grandes esperanzas,CINE.pdf
Gravedad Gravity,CINE.pdf
Grbavica la revelación de Sara,CINE.pdf
Greta Garbo: Ninotchka,CINE.pdf
Grito de la lechuza 871,CINE.pdf
"Gritos del silencio, Los",CINE.pdf
Gritos en la oscuridad/ Hoguera del,CINE.pdf
diablo. La 873,CINE.pdf
Gritos  y  Susurros,CINE.pdf
Guantanamera,CINE.pdf
"Guerra de los mundos ,La",CINE.pdf
Guerra de los mundos,CINE.pdf
worlds 877,CINE.pdf
Guerra de los vendedores,CINE.pdf
"Guerra del fuego, La",CINE.pdf
Guerra de novias,CINE.pdf
"Guerra santa, La 881",CINE.pdf
"Guerreros, Los",CINE.pdf
"Guten tag, Ramón",CINE.pdf
Guy Pearce ( Disco 1 : Amnesia -- Disco,CINE.pdf
: El Gran Houdini --Disco 3 : Zona de,CINE.pdf
Miedo) 885,CINE.pdf
"Habitación azul, La",CINE.pdf
Hable con ella,CINE.pdf
"Halcón maltés, El",CINE.pdf
Half light Belive in the beyond,CINE.pdf
Halloween,CINE.pdf
Halloween 891,CINE.pdf
Halloween : veinte años después,CINE.pdf
Resurrección  892,CINE.pdf
Hambre,CINE.pdf
Hancock,CINE.pdf
Hanna Arendt,CINE.pdf
Hanna y sus hermanas,CINE.pdf
Happy Gilmore,CINE.pdf
Happy together,CINE.pdf
Hard Candy : niña mala,CINE.pdf
Harry el sucio,CINE.pdf
Hasta cierto punto,CINE.pdf
Hasta el viento tiene miedo,CINE.pdf
Hasta morir,CINE.pdf
He got game,CINE.pdf
Heavy qué pesado,CINE.pdf
Heist,CINE.pdf
Helen of Troy,CINE.pdf
Helena de Troya : el deseo de la,CINE.pdf
guerra,CINE.pdf
Heli,CINE.pdf
Henry y June,CINE.pdf
Herencia de familia  912,CINE.pdf
) 913,CINE.pdf
Hermanas diabólicas,CINE.pdf
"Hermano sol, hermana luna 915",CINE.pdf
Hermanos por siempre,CINE.pdf
Hermosas tentaciones el diablo viste,CINE.pdf
falda escolar,CINE.pdf
Heroe 918,CINE.pdf
Heroinas The Heroic Trio,CINE.pdf
Highlander,CINE.pdf
"Hijo de la novia, El 921",CINE.pdf
"Hijo de Saúl Saul fia, El",CINE.pdf
"Hijos de María Morales, Los",CINE.pdf
"Hiroshima, mi amor",CINE.pdf
amour  924,CINE.pdf
Histeria: la historia del deseo,CINE.pdf
historia de Abraham:La 926,CINE.pdf
"Historia de Jacobo, La",CINE.pdf
Historia americana X,CINE.pdf
Historia del camello que llora,CINE.pdf
"Historia Oficial, La",CINE.pdf
Historia de Sansón y Dalila :La 931,CINE.pdf
"Historia sin fin, La",CINE.pdf
Historias asombrosas,CINE.pdf
Historias cruzadas The help,CINE.pdf
Historias de ultratumba,CINE.pdf
Historias del metro,CINE.pdf
[videograbaciones],CINE.pdf
Historias en la cocina,CINE.pdf
Historias fantásticas,CINE.pdf
lives of altar boys  938,CINE.pdf
Historias mínimas,CINE.pdf
Hitler: el nacimiento del mal,CINE.pdf
Hollywood: Departamento de,CINE.pdf
homicidios 941,CINE.pdf
Hombre de familia,CINE.pdf
"Hombre de la máscara de hierro, El",CINE.pdf
"Hombre de los hongos, El",CINE.pdf
Hombre de marmol,CINE.pdf
Hombre en llamas Man on fire,CINE.pdf
"Hombre equivocado, El",CINE.pdf
man 947,CINE.pdf
"Hombre inquieto, El",CINE.pdf
"Hombre lobo, El",CINE.pdf
Hombre mirando al sudeste,CINE.pdf
Hombre peligroso Lord of war  951,CINE.pdf
"Hombre sin pasado, El",CINE.pdf
"Hombre sin sombra,El",CINE.pdf
Hombre sin sombra 2.El,CINE.pdf
Hombres que camínan sobre la cola,CINE.pdf
del tigre : Los 955,CINE.pdf
Honor de un guerrero 3.El,CINE.pdf
Hooligans,CINE.pdf
Horda.La,CINE.pdf
Hora de los héroes.La,CINE.pdf
La hora del lobo Hour of the wolf,CINE.pdf
"Horas, Las",CINE.pdf
"Horas del día, Las",CINE.pdf
"Horas muertas, Las",CINE.pdf
Hostal,CINE.pdf
ew Hampshire  965,CINE.pdf
Hotel Rwanda : la matanza,CINE.pdf
Hotel sin salida,CINE.pdf
Hoy morirás,CINE.pdf
Huapango,CINE.pdf
"Huésped, El",CINE.pdf
"Huevo de la serpiente, El",CINE.pdf
serpent's egg  972,CINE.pdf
"Hugo, La Invención de",CINE.pdf
Hulk,CINE.pdf
Hulk: la muerte del hombre increíble,CINE.pdf
Hundan al bismarck,CINE.pdf
I.A. Inteligencia artificial 977,CINE.pdf
Ichi: El Asesino,CINE.pdf
In necuepaliztli in Aztlan Retorno a,CINE.pdf
Aztlán 979,CINE.pdf
I really hate my job: realmente odio mi,CINE.pdf
trabajo 980,CINE.pdf
Identidad,CINE.pdf
"Indolentes, Los",CINE.pdf
"Infancia de Iván, La",CINE.pdf
Infierno. El 1001,CINE.pdf
"Infierno, El",CINE.pdf
"Infierno de todos tan temido, El",CINE.pdf
"Infierno del odio, El",CINE.pdf
"Infiltrados, Los",CINE.pdf
"Informe pelícano, El",CINE.pdf
Inframundo el despertar,CINE.pdf
Underworld awakening  1007,CINE.pdf
Inframundo Underworld,CINE.pdf
"Ingrato,El",CINE.pdf
"Idiota, El  982",CINE.pdf
"Idiotas, Los 983",CINE.pdf
Ikiru,CINE.pdf
"Ilusión viaja en tranvía, La  985",CINE.pdf
"Ilusionista, El 986",CINE.pdf
Imágenes del más allá 987,CINE.pdf
Imaginando Argentina,CINE.pdf
Argentina 988,CINE.pdf
"Imperdonables unforgiven, Los  989",CINE.pdf
Imperio : dos mundos chocan,CINE.pdf
Empire  990,CINE.pdf
"Imperio de la fortuna, El  991",CINE.pdf
"Imperio de los sentidos, El 愛のコリーダ",CINE.pdf
Imperio del dragón.El 993,CINE.pdf
El imperio del sol Empire of sun,CINE.pdf
Implacable. El 995,CINE.pdf
"Inadaptados, Los",CINE.pdf
Incident  en una carretera perdida 997,CINE.pdf
Indestructible man,CINE.pdf
Inocencia Interrumpida,CINE.pdf
Inocencia Robada,CINE.pdf
palace  1011,CINE.pdf
Inquietud,CINE.pdf
Insomnia,CINE.pdf
"Inspector Bellamy, El",CINE.pdf
Instinto,CINE.pdf
Instinto  de media noche,CINE.pdf
Interiores,CINE.pdf
"Intocables, Los",CINE.pdf
Intolerable cruelty Intolérable cruauté,CINE.pdf
( el amor cuesta caro) 1019,CINE.pdf
"Intriga del collar, La",CINE.pdf
"Inútiles, los",CINE.pdf
Invasores,CINE.pdf
Invasores del tesoro,CINE.pdf
Invictus Invictus,CINE.pdf
Invisible,CINE.pdf
Involuntario,CINE.pdf
"Ira de los dioses, La",CINE.pdf
Irene y yo... mi otro yo,CINE.pdf
Iris: recuerdos imborrables,CINE.pdf
Iron man,CINE.pdf
Irreversible Irréversible  1031,CINE.pdf
Isidoro,CINE.pdf
Isla. La,CINE.pdf
Isla .La,CINE.pdf
La isla de las mujeres,CINE.pdf
"Isla encantada, La",CINE.pdf
J. Edgar,CINE.pdf
J.C.V.D,CINE.pdf
Jack y Jill,CINE.pdf
Jackie Brown  1041,CINE.pdf
Jamás morirás,CINE.pdf
James mono: súper detective,CINE.pdf
Jamón Jamón,CINE.pdf
Japón,CINE.pdf
"Jardin del paraiso, El",CINE.pdf
"Jardin secreto, El",CINE.pdf
"Jardinero Fiel, El",CINE.pdf
"Jaula de oro, La",CINE.pdf
Jersey boys,CINE.pdf
Jesús (la verdadera historia) 1051,CINE.pdf
Jezebel,CINE.pdf
"Jinete de la divina providencia, El",CINE.pdf
"Jinete Eléctrico, El",CINE.pdf
Jinetes del espacio,CINE.pdf
Jobs,CINE.pdf
"Jorobado de Notre Dame, El",CINE.pdf
Hunchback of Notre Dame  1057,CINE.pdf
José,CINE.pdf
José el soñador,CINE.pdf
amazing techinicolor dreamcoat 1059,CINE.pdf
Josie y las gatimelódicas,CINE.pdf
the pussycats  1060,CINE.pdf
"Joven manos de tijeras,El 1061",CINE.pdf
"Joven con el arete de perla, La",CINE.pdf
Jovenes brujas,CINE.pdf
Jóvenes Pilotos,CINE.pdf
Juana de Arco,CINE.pdf
Juana Gallo,CINE.pdf
Juana la loca,CINE.pdf
Juego de honor Coach Carter,CINE.pdf
Juego de ladrones,CINE.pdf
Juego de lágrimas,CINE.pdf
"Juego de la muerte, El",CINE.pdf
Juego de niños,CINE.pdf
Juego de poder,CINE.pdf
Juego del miedo 2,CINE.pdf
Juego del miedo 5,CINE.pdf
Juego Macabro,CINE.pdf
"Juego perfecto, El",CINE.pdf
Juego Prohibido 1081,CINE.pdf
Juego sangriento,CINE.pdf
Juego y pasión,CINE.pdf
Juegos de guerra,CINE.pdf
Juegos del corazón,CINE.pdf
Juegos diábolicos Poltergeist,CINE.pdf
Juegos mortales,CINE.pdf
"Juegos, trampas y dos armas",CINE.pdf
humeantes 1088,CINE.pdf
Jugando a ser Dios,CINE.pdf
"juez del apocalipsis,El",CINE.pdf
"Juez, El",CINE.pdf
"Juicio de los hijos, El",CINE.pdf
Julieta de los espíritus,CINE.pdf
Jumanji Jumanji,CINE.pdf
Jumper,CINE.pdf
"Juno : crecer, correr y tropezar",CINE.pdf
Just Around the corner( A la vuelta de,CINE.pdf
la esquina) traducción en español 1097,CINE.pdf
Kagemusha : la sombra del guerrero,CINE.pdf
Kagemusha :the shadow warrior 1098,CINE.pdf
Kalifornia,CINE.pdf
Kandahar,CINE.pdf
Karate Kid 1101,CINE.pdf
Karma,CINE.pdf
Karol el hombre que se convirtio en,CINE.pdf
Papa,CINE.pdf
Pope  1103,CINE.pdf
Kasbah,CINE.pdf
Kate y leopold,CINE.pdf
Kickboxer 5,CINE.pdf
Kids return,CINE.pdf
Kika,CINE.pdf
King Kong,CINE.pdf
Kino : la leyenda del Padre Negro  1110,CINE.pdf
Kolya : el nombre de la esperanza  1111,CINE.pdf
Koma 1112,CINE.pdf
Kramer contra Kramer Kramer vs,CINE.pdf
Kramer  1113,CINE.pdf
La la land : una historia de amor  1114,CINE.pdf
"Laberinto del fauno, El",CINE.pdf
"labyrinth  Torresblanco, Álvaro",CINE.pdf
Augustín. 1115,CINE.pdf
Laberinto de mentiras 1116,CINE.pdf
"lado oscuro del corazón, El 1117",CINE.pdf
"Lado profundo del mar, El  1118",CINE.pdf
Ladrona de corazón 1119,CINE.pdf
Lady in the water,CINE.pdf
Lágrimas del sol  1121,CINE.pdf
"Langosta, La 1122",CINE.pdf
Lansky (el hombre que organizó el,CINE.pdf
crimen) 1123,CINE.pdf
Lantana,CINE.pdf
Larry Crowne (el amor llama dos,CINE.pdf
veces) 1125,CINE.pdf
"Latido del tambor, El",CINE.pdf
Lautrec 1127,CINE.pdf
Lawrence de Arabia,CINE.pdf
Le garde du corps,CINE.pdf
Le Havre el puerto de la esperanza,CINE.pdf
Lea 1131,CINE.pdf
Legally Blonde 1132,CINE.pdf
Lejos del cielo,CINE.pdf
"Lengua de las mariposas, La",CINE.pdf
"Lenguaje del corazón, El 1135",CINE.pdf
Leviathan Leviafan  1137,CINE.pdf
"Ley de Herodes, La",CINE.pdf
"Leyenda de las ballenas, La Whale",CINE.pdf
Rider  1139,CINE.pdf
Leyenda de la espada perdida.La,CINE.pdf
"Leyenda de los invencibles, La 1141",CINE.pdf
"Leyenda de 1900, La",CINE.pdf
"Leyenda de los perdidos, La",CINE.pdf
"Leyenda del diamante, La",CINE.pdf
Leyenda del escorpión negro,CINE.pdf
Leyenda del fantasma. La,CINE.pdf
Leyenda del indomable Cool hand,CINE.pdf
"luke, La 1147",CINE.pdf
"Leyenda del jinete sin cabeza, La",CINE.pdf
Leyenda de la velocidad. La,CINE.pdf
Leyendas de pasión,CINE.pdf
"Leyendas de Rita, Las 1151",CINE.pdf
"Leyes de la atracción, Las 1152",CINE.pdf
leyes de la atracción:Las/  Lutero,CINE.pdf
Liberen a willy 2,CINE.pdf
Liam  1155,CINE.pdf
"Libro de piedra, El",CINE.pdf
"Libros de Próspero, Los 1157",CINE.pdf
"Liga extraordinaria, La",CINE.pdf
Limbo,CINE.pdf
Limite vertical,CINE.pdf
Línea mortal,CINE.pdf
Lista mortal  1162,CINE.pdf
"Lista de Schindler, La 1163",CINE.pdf
"Listón blanco, El",CINE.pdf
Llaménme Mike  1165,CINE.pdf
Llanto de la mariposa,CINE.pdf
"Llave de Sarah, La",CINE.pdf
Lluvia roja,CINE.pdf
Lo imposible,CINE.pdf
Lo que el viento se llevo,CINE.pdf
Lo que ellas quieren 1171,CINE.pdf
Lobo de Wall Street 1172,CINE.pdf
locas de Atar 1173,CINE.pdf
Locos de Ira,CINE.pdf
Locuras en el oeste,CINE.pdf
Lol@,CINE.pdf
Lola,CINE.pdf
Lolita,CINE.pdf
Lolo,CINE.pdf
London boulevard,CINE.pdf
Lost killers  1181,CINE.pdf
Lourdes,CINE.pdf
Love the Coopers,CINE.pdf
Luces de la noche,CINE.pdf
Luces distantes,CINE.pdf
"Luchador, El",CINE.pdf
Lucía,CINE.pdf
Lucia y el sexo,CINE.pdf
"Lugar sin límites, El",CINE.pdf
Lujuria y traición,CINE.pdf
Lulú en el puente 1191,CINE.pdf
Luna amarga 1192,CINE.pdf
Luna de Miel para Tres 1193,CINE.pdf
Luna de papel,CINE.pdf
Luna sangrienta 1195,CINE.pdf
"Lunatico, El",CINE.pdf
"Lunes al sol, Los",CINE.pdf
Lutero,CINE.pdf
Luz en reposo,CINE.pdf
Luz silenciosa,CINE.pdf
M. Butterfly,CINE.pdf
Macario,CINE.pdf
Mad Max II,CINE.pdf
Mad Max III,CINE.pdf
Madeinusa,CINE.pdf
"Madrecita,La",CINE.pdf
"Madre teresa, un corazón inagotable",CINE.pdf
La 1207,CINE.pdf
Maestros de la noche.Los,CINE.pdf
"Magnificos, Los",CINE.pdf
Magnolia,CINE.pdf
Magnolias de acero,CINE.pdf
"Mago, El",CINE.pdf
"Mago de Oz, El",CINE.pdf
Main Street: Calle principal (en la caja,CINE.pdf
tiene una nota que dice fuera de,CINE.pdf
región) 1214,CINE.pdf
"Mala educación, La",CINE.pdf
Malas enseñanzas,CINE.pdf
Maldición de Rosewood. La,CINE.pdf
Maldición de un reflejo.La,CINE.pdf
Malos hábitos,CINE.pdf
"Malvada, La",CINE.pdf
Mame,CINE.pdf
Mamma Roma,CINE.pdf
Manderlay,CINE.pdf
"Mandolina del capitán Corelli, La",CINE.pdf
Capitan Correlli's mandolin  1224,CINE.pdf
Manicomio siniestro,CINE.pdf
Manhattan,CINE.pdf
Manos libres,CINE.pdf
Mansión del Pánico,CINE.pdf
"Mantenidas sin sueños, Las",CINE.pdf
"Manto sagrado, El",CINE.pdf
Mañana será otro día,CINE.pdf
Mapa a las estrellas Maps to the stars,CINE.pdf
Marabunta,CINE.pdf
Mar abierto,CINE.pdf
Mar abierto. El ojo,CINE.pdf
Mar adentro,CINE.pdf
"Marca de la bestia,La",CINE.pdf
"Marca del asesino, La",CINE.pdf
Marcelino pan y vino,CINE.pdf
Marcha de valientes,CINE.pdf
soldiers 1240,CINE.pdf
María Candelaria,CINE.pdf
María Isabel,CINE.pdf
María llena eres de gracia,CINE.pdf
Maria madre del hijo de dios,CINE.pdf
Maria Magdalena,CINE.pdf
Mariana Mariana,CINE.pdf
"Marine, El",CINE.pdf
"Mariposa, La",CINE.pdf
Más allá de la duda,CINE.pdf
Más allá de la vida,CINE.pdf
Más allá de las fronteras,CINE.pdf
Más allá de las nubes,CINE.pdf
Más allá de los sueños,CINE.pdf
Más barato por docena,CINE.pdf
Más corazón que odio,CINE.pdf
Más grande historia jamás contada,CINE.pdf
Más negro que la noche,CINE.pdf
Masacre en Nueva York,CINE.pdf
"Mascara,La",CINE.pdf
"Masculino, femenino",CINE.pdf
Mash,CINE.pdf
Mataría por tú Trabajo,CINE.pdf
Matinee,CINE.pdf
Matrimony,CINE.pdf
Max Payne,CINE.pdf
Máxima riesgo,CINE.pdf
Máxima traición,CINE.pdf
Máxima velocidad 2,CINE.pdf
Mediterráneo,CINE.pdf
Mejor... imposible,CINE.pdf
Mejor que el sexo,CINE.pdf
Media noche en parís,CINE.pdf
Melancolía,CINE.pdf
Memoria de los muertos .La,CINE.pdf
Memoria de mis putas tristes,CINE.pdf
Memorias de Antonia,CINE.pdf
Memorias de la señora Dalloway,CINE.pdf
Mrs. Dalloway  1278,CINE.pdf
Memorias de una geisha,CINE.pdf
Memorias del subdesarrollo,CINE.pdf
Men of honor,CINE.pdf
"Mensajeros, Los",CINE.pdf
Mente criminal. La confesión,CINE.pdf
Mente indomable,CINE.pdf
Mente siniestra,CINE.pdf
Mentiras en Nueva York,CINE.pdf
Mentiras piadosas,CINE.pdf
Mentira verdaderas,CINE.pdf
"Mercader de Venecia, El",CINE.pdf
Metro. El,CINE.pdf
Metropía,CINE.pdf
Metrópolis,CINE.pdf
Metropolis Osamu Tezuka’s,CINE.pdf
Metropolis  1293,CINE.pdf
México de mis recuerdos,CINE.pdf
Mezcal,CINE.pdf
Mi amante,CINE.pdf
Mi amor inmortal,CINE.pdf
Mi bella dama,CINE.pdf
Mi Encuentro Conmigo,CINE.pdf
Mi hermana y yo,CINE.pdf
Mi novio atómico Blast from the past,CINE.pdf
Mi pareja equivocada,CINE.pdf
Mi pareja es mi rival,CINE.pdf
Mi querido Tom Mix,CINE.pdf
Mi vida como un perro,CINE.pdf
Mickey ojos azules,CINE.pdf
Miedo,CINE.pdf
Miedo punto com,CINE.pdf
Mil cuatrocientos noventa y dos: la,CINE.pdf
conquista del paraíso 1309,CINE.pdf
Mil novecientos ochenta y cuatro,CINE.pdf
Mil novecientos setenta y tres,CINE.pdf
"Mil nubes de paz cercan el cielo, amor",CINE.pdf
jamás acabarás de ser amor  1312,CINE.pdf
"Mil y una noches, Las",CINE.pdf
"Milagro de Bern, El",CINE.pdf
"Milagro Si lo crees, todo es posible",CINE.pdf
Milagros inesperados,CINE.pdf
mile  1316,CINE.pdf
Milk,CINE.pdf
Millenium Mambo,CINE.pdf
Million dollar baby,CINE.pdf
destino  1319,CINE.pdf
Mimic,CINE.pdf
"Minas del rey Salomón, Las King",CINE.pdf
Slomon’s mines  1321,CINE.pdf
Minority report Sentencia previa,CINE.pdf
Mirando al mar,CINE.pdf
"Miroslava : mañana, ya no estaré aquí",CINE.pdf
Mitad Siniestra,CINE.pdf
Mis dos mujeres,CINE.pdf
Mis últimos días : invasiones bárbaras,CINE.pdf
"Miserables, Los",CINE.pdf
Miseria,CINE.pdf
Mishima,CINE.pdf
Misión de justicia,CINE.pdf
"Misión, La",CINE.pdf
Miss Pettigrew un gran día para ellas :,CINE.pdf
Miss Pettigrew lives for day 1333,CINE.pdf
Miss Potter,CINE.pdf
Mississippi en llamas,CINE.pdf
Misterio,CINE.pdf
"Misterio de Deauville, El",CINE.pdf
"Misterio de la libélula, El",CINE.pdf
"Misterio de Salems Lot, El",CINE.pdf
Mogambo,CINE.pdf
Moisés y los 10 mandamientos,CINE.pdf
Molière,CINE.pdf
"Momia regresa, La",CINE.pdf
returns  1343,CINE.pdf
Monster: asesina en serie,CINE.pdf
Monte Cristo The count of Monte,CINE.pdf
Cristo 1345,CINE.pdf
Morgue. La,CINE.pdf
Morir en el Golfo,CINE.pdf
Morirse está en hebreo,CINE.pdf
Morning Glory,CINE.pdf
Mortal kombat,CINE.pdf
"Mosca, La",CINE.pdf
Moscú en llamas,CINE.pdf
Mother and child,CINE.pdf
Moulin Rouge,CINE.pdf
Mr. Brooks,CINE.pdf
Mr. Turner,CINE.pdf
"Muchachos no lloran, Los",CINE.pdf
cry  1357,CINE.pdf
Muchachos perdidos,CINE.pdf
Mucho Más que  un crimen,CINE.pdf
Muerte está con  nosotros.La,CINE.pdf
"Muerte de un burócrata, La",CINE.pdf
"Muerte de un poeta, La Little ashes",CINE.pdf
Muerte de un Rey.La,CINE.pdf
"Muerte le sienta bien, La",CINE.pdf
Muerte negra,CINE.pdf
Muerte súbita,CINE.pdf
"Muerte y la doncella, La",CINE.pdf
Muhammad Alí,CINE.pdf
Muhammad Alí: El invencible,CINE.pdf
Mujer bonita,CINE.pdf
"Mujer de arena, La",CINE.pdf
"Mujer de Benjamin, La",CINE.pdf
Mujer Fatal,CINE.pdf
"Mujer de mi hermano,La",CINE.pdf
"Mujer que Vino del Mar, La",CINE.pdf
"Mujer seductora, amante perfecta",CINE.pdf
good woman  1377,CINE.pdf
Mujeres  perfectas.Las,CINE.pdf
Mujercitas,CINE.pdf
Mulan,CINE.pdf
Mulholland drive,CINE.pdf
Mundo cool,CINE.pdf
business like show business  1384,CINE.pdf
"Mundo de Sofía, El",CINE.pdf
"Mundo está loco, loco, El",CINE.pdf
Munich,CINE.pdf
Muñeca inflable,CINE.pdf
Muñecas,CINE.pdf
Muriendo por un sueño,CINE.pdf
Música y Lágrimas,CINE.pdf
"Músico, poeta y loco",CINE.pdf
Mutante,CINE.pdf
ace una Estrella,CINE.pdf
acido para provocar el infierno,CINE.pdf
"acimiento de una nación, El- The",CINE.pdf
birth of a nation 1396,CINE.pdf
ada es para siempre,CINE.pdf
aranja mecanica,CINE.pdf
arciso Negro,CINE.pdf
aufragio,CINE.pdf
"áufragos II los piratas, Los",CINE.pdf
azarín,CINE.pdf
ebraska,CINE.pdf
ed Kelly,CINE.pdf
emesis enigmas,CINE.pdf
esio,CINE.pdf
ew World [Sinsegye - Sin-se-gae],CINE.pdf
"ew York, New York",CINE.pdf
i Idea,CINE.pdf
icholas and Alexandra,CINE.pdf
icotina cuando el destino te da el,CINE.pdf
golpe 1412,CINE.pdf
"iebla, La",CINE.pdf
"ietos de don Venancio, Los",CINE.pdf
"ieves del Kilimanjaro, Las",CINE.pdf
inja assassin,CINE.pdf
ine [i.e.9] songs,CINE.pdf
"iña de mis ojos, La",CINE.pdf
"iño con el pijama de rayas, El",CINE.pdf
iño del sótano. El,CINE.pdf
"iños del  brasil, Los",CINE.pdf
iños del hombre,CINE.pdf
"iños están Bien, Los",CINE.pdf
irvana,CINE.pdf
amarás,CINE.pdf
"eres tú, soy yo",CINE.pdf
le digas a nadie,CINE.pdf
personnel  1428,CINE.pdf
matarás,CINE.pdf
quiero dormir solo,CINE.pdf
se lo digas a nadie,CINE.pdf
sé si cortarme las venas o,CINE.pdf
dejármelas largas 1432,CINE.pdf
temas  a la oscuridad,CINE.pdf
todo es lo que parece,CINE.pdf
"che de los muertos vivientes, La",CINE.pdf
che del asesino,CINE.pdf
"che del crimen, La",CINE.pdf
"che del Demonio, La",CINE.pdf
"che Har shab Tanhai, La",CINE.pdf
ches púrpura,CINE.pdf
rteado,CINE.pdf
"sferatu, el vampiro",CINE.pdf
stalgia,CINE.pdf
stalgia del pasado,CINE.pdf
Atlantis  1444,CINE.pdf
ticias escritas con sangre,CINE.pdf
"via polaca, La",CINE.pdf
via que te vea,CINE.pdf
"via siria, La",CINE.pdf
"via vestía de negro, La",CINE.pdf
viembre,CINE.pdf
uestra música,CINE.pdf
ueva gran estafa,CINE.pdf
ueva cenicienta. La,CINE.pdf
The new adventures of Madeline  1454,CINE.pdf
"uevas ropas del emperador, Las : la",CINE.pdf
muerte de Napoleón,CINE.pdf
ew clothe 1455,CINE.pdf
ueve [i.e. 9] orgasmos,CINE.pdf
ueve,CINE.pdf
"uevo mundo, El",CINE.pdf
unca estamos solos,CINE.pdf
unca Más,CINE.pdf
unca me abandones,CINE.pdf
"unca me olvides, primer amor",CINE.pdf
segunda oportunidad 1462,CINE.pdf
unca te dejaré,CINE.pdf
Rose 1463,CINE.pdf
unca te vayas sin decir te quiero Left,CINE.pdf
Luggage 1464,CINE.pdf
Oblivion,CINE.pdf
Obsesión Obsession,CINE.pdf
Ocho y media [i.e. 8 12] mujeres,CINE.pdf
Ocho y medio,CINE.pdf
"Octavo día, El",CINE.pdf
Ojo 2. El,CINE.pdf
Ojos bien cerrados,CINE.pdf
"Ojos de Julia, Los",CINE.pdf
Ojos de serpiente,CINE.pdf
Oliver Twist,CINE.pdf
"Olvidados, Los",CINE.pdf
Olvídate de París,CINE.pdf
Once a la medianoche,CINE.pdf
Once:catorce [i.e. 11:14] : hora de morir,CINE.pdf
One hour photo ( Retratos de una,CINE.pdf
obsesión) 1481,CINE.pdf
Ong- Bak : el nuevo dragón,CINE.pdf
Operación dragón,CINE.pdf
Operación Valkyrie,CINE.pdf
Valkyrie  1484,CINE.pdf
Operación Valquiria,CINE.pdf
"Orfanato, El",CINE.pdf
"Origen, El",CINE.pdf
Oro y cobre,CINE.pdf
Osama,CINE.pdf
Oscar Wilde,CINE.pdf
"Oso, El",CINE.pdf
Otoño en nueva york,CINE.pdf
"Otra cara de septiembre, La",CINE.pdf
"Otra familia, La",CINE.pdf
Otra Huérfana.La,CINE.pdf
Otra mujer,CINE.pdf
Otra película de huevos y un pollo,CINE.pdf
"Otra reina, La",CINE.pdf
"Otra virginidad, La",CINE.pdf
"Otro lado del amor, El",CINE.pdf
"Otros, Los - The others",CINE.pdf
Out for a Kill,CINE.pdf
"Paciente inglés, El",CINE.pdf
Pacto infernal,CINE.pdf
Padre e hijo,CINE.pdf
Padre nuestro,CINE.pdf
"Pájaros, Los",CINE.pdf
Palabra y utopía,CINE.pdf
Pandemia,CINE.pdf
Pan y tulipanes,CINE.pdf
"Panadera y el emperador, La  1511",CINE.pdf
Pandilla salvaje The wild bunch,CINE.pdf
Pandillas de Nueva York,CINE.pdf
Pánico en altamar,CINE.pdf
Pantaleón y las visitadoras,CINE.pdf
"Pantera rosa : ataca de nuevo, La",CINE.pdf
The pink panther strikes again 1516,CINE.pdf
Papá por qué te fuiste,CINE.pdf
"Papalote azul, El",CINE.pdf
Papillón Papillon,CINE.pdf
Para atrapar al ladrón,CINE.pdf
thief  1520,CINE.pdf
Paranoid park,CINE.pdf
Pare de pecar,CINE.pdf
Parecido a la felicidad,CINE.pdf
"Paredes hablan,  Las",CINE.pdf
"París, Clara y yo",CINE.pdf
"París, te amo",CINE.pdf
Párpados azules,CINE.pdf
Partes usadas,CINE.pdf
"Pasado me condena, El",CINE.pdf
"Pasado nos condena, El",CINE.pdf
Ball 1530,CINE.pdf
Pasión al atardecer,CINE.pdf
Pasión de amor,CINE.pdf
Pasión de Camile Claudel Camille,CINE.pdf
"Claudel : violence et passion, La 1533",CINE.pdf
"Pasión de Cristo, La",CINE.pdf
Pasión de los fuertes,CINE.pdf
Clementine  1535,CINE.pdf
Pasión ilícita,CINE.pdf
Pasión por áfrica,CINE.pdf
"Pasión según Berenice, La",CINE.pdf
Pasiones Privadas en Lugares,CINE.pdf
Públicos / La Vida que te Espera (se,CINE.pdf
tiene dos cds en una misma caja con,CINE.pdf
titulos diferentes) 1539,CINE.pdf
Pasiones Secretas Choses secrètes,CINE.pdf
Paso a la juventud,CINE.pdf
Patch Adams,CINE.pdf
"Patrullero 777, El",CINE.pdf
Patton,CINE.pdf
Pauline y Paulette,CINE.pdf
Peacock,CINE.pdf
Pearl  Harbor,CINE.pdf
Pecados de guerra,CINE.pdf
"Peleador, El",CINE.pdf
Peligro hombres- trabajando,CINE.pdf
Pelotón,CINE.pdf
Pena de Muerte,CINE.pdf
Pepe el toro,CINE.pdf
Pequeña miss sunshine,CINE.pdf
sunshine  1554,CINE.pdf
Pequeñas flores rojas,CINE.pdf
Pequeñas heridas,CINE.pdf
"Pequeño Buda, El",CINE.pdf
"Pequeño fugitivo, El",CINE.pdf
"Pequeño tallarin, El",CINE.pdf
"Pequeño Vanya, El",CINE.pdf
Pequeños milagros,CINE.pdf
Perdido en Afganistán,CINE.pdf
Perdidos en la noche,CINE.pdf
dirty ninht.  1563,CINE.pdf
Perdidos en Tokio,CINE.pdf
"Perfecto asesino, El",CINE.pdf
"Perfume : historia de un asesino, El",CINE.pdf
Perfume de mujer,CINE.pdf
Perfume de violetas,CINE.pdf
"Perla,La",CINE.pdf
"Perro Rabio, El",CINE.pdf
"Perro sonriente, El",CINE.pdf
Dixie  1571,CINE.pdf
"Perros  de guerra, los",CINE.pdf
Perros de reserva,CINE.pdf
Persecución Implacable,CINE.pdf
Pesadillas en la casa sombría,CINE.pdf
"PI, el orden del caos",CINE.pdf
"Pianista, El",CINE.pdf
"Pianista, La",CINE.pdf
"Piano, El",CINE.pdf
Pide al tiempo que vuelva,CINE.pdf
Somewhere in time  1580,CINE.pdf
Pieza final.La,CINE.pdf
"Piel del deseo, La",CINE.pdf
Pijama para dos Lover come back,CINE.pdf
Pinceladas de fuego,CINE.pdf
Piraña,CINE.pdf
Piso 13 .El,CINE.pdf
"Placer de la seda, El",CINE.pdf
Plan 9 del espacio exterior,CINE.pdf
Plan perfecto .El,CINE.pdf
Planet of the apes,CINE.pdf
Planeta de los simios,CINE.pdf
apes 1591,CINE.pdf
Planeta de los simios. Revolución. El,CINE.pdf
"Planeta salvaje, El",CINE.pdf
Planeta terror,CINE.pdf
Play,CINE.pdf
Playa azul,CINE.pdf
Poison Ivy 2,CINE.pdf
traducción al español 1598,CINE.pdf
"Polivoces, Los",CINE.pdf
"Poquianchis, Las",CINE.pdf
Por amor al arte The shape of things,CINE.pdf
Por amor o por deseo,CINE.pdf
Por el lado oscuro del camino,CINE.pdf
Por ella,CINE.pdf
Secta  de los vampiros 1609,CINE.pdf
Posibilidad de escape,CINE.pdf
Post Tenebras Lux 1611,CINE.pdf
"Pozo, El",CINE.pdf
Pozoamargo,CINE.pdf
Powder blue,CINE.pdf
Precio de la codicia.El,CINE.pdf
Precio del mañana.El,CINE.pdf
Precious Preciosa,CINE.pdf
"Premio, El",CINE.pdf
Presagio Knowing,CINE.pdf
Presidente por un día,CINE.pdf
Primer año del resto de nuestras,CINE.pdf
"vidas, El 1621",CINE.pdf
"Primera noche, La",CINE.pdf
Princesa que  quería vivir.La,CINE.pdf
Princesas,CINE.pdf
"Príncipe y yo, El - The prince and me",CINE.pdf
"Principio, El",CINE.pdf
Prisionero del rock and roll,CINE.pdf
"Procesos de las señoritas Vivanco, El",CINE.pdf
"Profecía, La - The omen",CINE.pdf
Poder total,CINE.pdf
"Por siempre: cenicienta, una historia",CINE.pdf
de amor  1606,CINE.pdf
"Poder y  La Avaricia, El",CINE.pdf
Poseidón,CINE.pdf
Poseidos .Los ( tiene dos peliculas) y,CINE.pdf
Profecia,CINE.pdf
"Profesional, El",CINE.pdf
Profundo carmesí,CINE.pdf
Proyecto andrómeda,CINE.pdf
Promesa de amor,CINE.pdf
Protección total,CINE.pdf
"Provocación, La : Match point",CINE.pdf
Próxima salida,CINE.pdf
"Próximo hombre, El",CINE.pdf
Prueba de vida,CINE.pdf
PSI. I love you,CINE.pdf
Psicópata americano,CINE.pdf
Psicosis,CINE.pdf
Pueblerina,CINE.pdf
Pueblo de madera,CINE.pdf
"Pueblo perdido de Switez,El",CINE.pdf
Pulp Fiction,CINE.pdf
Pulse,CINE.pdf
Pum!,CINE.pdf
Punto de quiebra Point break,CINE.pdf
Punto de quiebre point break,CINE.pdf
Puños de acero,CINE.pdf
Puños de Bruce Lee,CINE.pdf
Puños de furia,CINE.pdf
Qué bello es vivir,CINE.pdf
"Que con niños se acuesta, El",CINE.pdf
Qué hacemos con Maisie?,CINE.pdf
Que hora es allá?,CINE.pdf
¡Que te calles!,CINE.pdf
Quédate a mi lado,CINE.pdf
Quemar las naves,CINE.pdf
Quién mató a la princesa? Who shot,CINE.pdf
the princess? 1662,CINE.pdf
Quién quiere matar a Bambi?,CINE.pdf
Quieres ser John Malkovich? Being,CINE.pdf
John Malkovich  1664,CINE.pdf
Quiero ser famosa,CINE.pdf
Quimera.La,CINE.pdf
"Quimera de oro, La",CINE.pdf
Quince  minutos,CINE.pdf
Quisiera ser millonario,CINE.pdf
millionaire 1669,CINE.pdf
Quinto Mandamiento.El,CINE.pdf
Rapsodia en agosto Rhapshody in,CINE.pdf
august  1673,CINE.pdf
Rapt,CINE.pdf
"Rapto, El",CINE.pdf
Rashomon,CINE.pdf
Rauhreif,CINE.pdf
"Razón de la culpa, La",CINE.pdf
Reeker,CINE.pdf
"Rebelde, El",CINE.pdf
Rebelde sin causa,CINE.pdf
"Rebozo de Soledad, El",CINE.pdf
Recien enterrados,CINE.pdf
Reconstrucción,CINE.pdf
Red de mentiras,CINE.pdf
"Red,  Retirados extremadamente",CINE.pdf
duros  1686,CINE.pdf
Red Social,CINE.pdf
Redondo ; Tres historias de amor,CINE.pdf
Reeker/La invasión de los  muertos,CINE.pdf
vivientes 1689,CINE.pdf
"Refugio, El",CINE.pdf
"Reglas de Víktor Vogel, Las",CINE.pdf
Commercial Man  1691,CINE.pdf
Regresiones de un hombre muerto -,CINE.pdf
The jacket  1692,CINE.pdf
Regreso a casa,CINE.pdf
Regreso a Cold Mountain,CINE.pdf
Regreso al presente,CINE.pdf
"Reina, La",CINE.pdf
"Reina de los condenados, La",CINE.pdf
"Reina Margot, La",CINE.pdf
Reina de persia,CINE.pdf
"Reinado del fuego, El",CINE.pdf
Relaciones peligrosas,CINE.pdf
Relaciones prohibidas,CINE.pdf
Rent no day but today,CINE.pdf
Repulsion,CINE.pdf
Replicant : asesino perfecto,CINE.pdf
Requiem por un imperio,CINE.pdf
Requiem por un sueño,CINE.pdf
Rescantando al soldado Ryan,CINE.pdf
private Ryan  1708,CINE.pdf
"Resplandor, El",CINE.pdf
"Reto, El",CINE.pdf
Reto al destino,CINE.pdf
"Retrato de Dorian Gray, El",CINE.pdf
picture de Dorian Gray  1712,CINE.pdf
Retrato de Teresa,CINE.pdf
Retrato de una mujer casada,CINE.pdf
Retratos Mortales/ Visiones Siniestras,CINE.pdf
Retratos de una pasión,CINE.pdf
Revelación la señal,CINE.pdf
Revenant El renacido,CINE.pdf
"Reventón de los nerds, El",CINE.pdf
Revolución,CINE.pdf
"Revoltoso, El",CINE.pdf
Rey Arturo,CINE.pdf
Rey escorpión.El,CINE.pdf
Rey escorpión 3 .El,CINE.pdf
Rey de reyes,CINE.pdf
"Rey del barrio, El",CINE.pdf
Rey y yo. El,CINE.pdf
Reyes de la calle Street kings,CINE.pdf
Ringu 2,CINE.pdf
Río místico Mystic river,CINE.pdf
Río sangriento,CINE.pdf
Río suzhou,CINE.pdf
"Rito de la santa muerte, El",CINE.pdf
"Rito, El",CINE.pdf
Robin Hood,CINE.pdf
Robocop,CINE.pdf
Rocky,CINE.pdf
Rojo amanecer,CINE.pdf
Rojo como el cielo,CINE.pdf
Roma ciudad abierta,CINE.pdf
Romeo debe morir,CINE.pdf
Ronin,CINE.pdf
Rosario Tijeras,CINE.pdf
Rudo y Cursi,CINE.pdf
"Sabor de la vida, El",CINE.pdf
Sahara,CINE.pdf
Saint Laurent Saint Laurent,CINE.pdf
Salaam Bombay!,CINE.pdf
"Salario del miedo, El 1751",CINE.pdf
Salems Lot,CINE.pdf
"Saló, o, Los 120 días de Sodoma",CINE.pdf
"Salvaje río, El",CINE.pdf
Samurai rebellion,CINE.pdf
Sanctum,CINE.pdf
"Sandalias del pescador, Las - The",CINE.pdf
shoes of the fisherman  1757,CINE.pdf
Sangre,CINE.pdf
"Sangre brota/ El asaltante, La",CINE.pdf
Sangre eterna,CINE.pdf
"Sangre iluminada, La",CINE.pdf
Sanjuro Tsubaki Sanjûrô,CINE.pdf
Sansón y Dalila,CINE.pdf
Santitos,CINE.pdf
Santo,CINE.pdf
Santo contra el hacha diabólica,CINE.pdf
Santo contra la hija de Frankenstein,CINE.pdf
Santo contra la mafia del vicio,CINE.pdf
Santo contra la magia negra,CINE.pdf
Santo contra las lobas,CINE.pdf
Santo contra los asesinos de otros,CINE.pdf
mundos  1771,CINE.pdf
Santo contra los hombres infernales,CINE.pdf
Santo contra los jinetes del terror,CINE.pdf
Santo en el hotel de la muerte,CINE.pdf
Santo en el museo de cera,CINE.pdf
Santo en el tesoro de drácula,CINE.pdf
Santo en la frontera del terror,CINE.pdf
Santo en la venganza de la momia,CINE.pdf
azteca  1779,CINE.pdf
"Santo Luzbel, El",CINE.pdf
Santo vs el asesino de la televisión,CINE.pdf
Santo vs el espectro del estrangulador,CINE.pdf
[viedograbación] 1782,CINE.pdf
Santo y Blue Demon contra el dr,CINE.pdf
Frankenstein  1783,CINE.pdf
Santo y Blue Demon en el mundo de,CINE.pdf
los muertos  1784,CINE.pdf
Santo y Blue Demon vs Drácula y el,CINE.pdf
hombre lobo 1785,CINE.pdf
Santo y el águila real,CINE.pdf
Santo y Mantequilla Nápoles en la,CINE.pdf
venganza de La llorona  1788,CINE.pdf
Satyricon,CINE.pdf
Scar 3D,CINE.pdf
Scaramouche,CINE.pdf
Scream3,CINE.pdf
Se busca,CINE.pdf
Se busca novia The bachelor,CINE.pdf
Se busca pareja Must love dogs,CINE.pdf
Se permuta,CINE.pdf
"Secretaria, La",CINE.pdf
Secreto de estado,CINE.pdf
"Secreto de Mary Reilly, El",CINE.pdf
"Secreto de Romelia, El",CINE.pdf
"Secreto del Malabar princess, El",CINE.pdf
Malabar princess  1801,CINE.pdf
Secretos de alcoba Pillow talk,CINE.pdf
Secretos del bosque,CINE.pdf
Secretos de un matrimonio,CINE.pdf
Secretos ocultos,CINE.pdf
Secuestro en la familia,CINE.pdf
Secuestradores de cuerpos,CINE.pdf
snatchers  1807,CINE.pdf
Seductor de lujo,CINE.pdf
"Segunda noche,La",CINE.pdf
"Segundo aire, El",CINE.pdf
Seiscientas [i.e.600] millas el tráfico de,CINE.pdf
arms no tiene lealtad,CINE.pdf
Selma: el poder de un sueño Selma,CINE.pdf
Semilla de Maldad,CINE.pdf
Smoking,CINE.pdf
Sensatez Y Sentimientos,CINE.pdf
"Sensualidad de Olga, La",CINE.pdf
Señales,CINE.pdf
Señales del más allá,CINE.pdf
"Señor de las moscas, El",CINE.pdf
"Señora Beba, La",CINE.pdf
Septiembre 11,CINE.pdf
"Séptimo cielo, El",CINE.pdf
"Septimo día, El",CINE.pdf
El séptimo sello [videograbación],CINE.pdf
The seventh seal  1824,CINE.pdf
Serenity,CINE.pdf
"Serendipity , señales de amor",CINE.pdf
Sesenta segundos,CINE.pdf
Seven,CINE.pdf
"Sexto día, El  [i.e. sexto] 6° día The 6th",CINE.pdf
day 1829,CINE.pdf
"Sexto sentido, El",CINE.pdf
Shaft,CINE.pdf
Shakespeare apasionado,CINE.pdf
Shakespeare in love  1832,CINE.pdf
Shattered lives( tradución en español:,CINE.pdf
vidas destrozadas) 1833,CINE.pdf
Shortbús: tu última parada,CINE.pdf
"Show secreto, El",CINE.pdf
Shutter island,CINE.pdf
Siempre,CINE.pdf
"Siempre a tu lado, Hachiko",CINE.pdf
A dog's story  1838,CINE.pdf
Siempre hay tiempo para reír Funny,CINE.pdf
people 1839,CINE.pdf
Siempre hay una primera vez,CINE.pdf
Siempre sabré lo que hiciste el verano,CINE.pdf
pasado 1841,CINE.pdf
Seis mujeres para un asesino,CINE.pdf
Siete [ i. e. 7] días,CINE.pdf
Siete [ i. e. 7] soles,CINE.pdf
Siete almas Seven pounds,CINE.pdf
Siente años en el tibet,CINE.pdf
"Siete copas, El",CINE.pdf
"Siete machos, El",CINE.pdf
"Siete Samurai, Los",CINE.pdf
¡Si señor!,CINE.pdf
Simbad el mareado,CINE.pdf
Simón del desierto,CINE.pdf
Sin dejar huella,CINE.pdf
Sin descanso,CINE.pdf
Sin edad para el amor,CINE.pdf
Sin escape,CINE.pdf
Sin lugar para los débiles,CINE.pdf
Sin reservas,CINE.pdf
Sin tregua,CINE.pdf
Sr. Sra. Smith,CINE.pdf
Sr. Venganza 1861,CINE.pdf
Sirenas,CINE.pdf
Sobreviviente,CINE.pdf
Sociedad de los poetas muertos,CINE.pdf
Solaris,CINE.pdf
Solas,CINE.pdf
"Soledad, La",CINE.pdf
"Solista, El",CINE.pdf
Sólo con tu pareja,CINE.pdf
Solo contra sí mismo,CINE.pdf
Solo los niños van al cielo 1871,CINE.pdf
Sombras tenebrosas Dark shadows,CINE.pdf
Somos Marshall We are Marshall,CINE.pdf
Son de mar,CINE.pdf
Sonata de otoño,CINE.pdf
Sonny,CINE.pdf
"Sonrisa de Monalisa, La",CINE.pdf
Sonrisas de una noche de verano,CINE.pdf
Sospechosos comunes,CINE.pdf
suspects  1879,CINE.pdf
South Park,CINE.pdf
Soy espía,CINE.pdf
Soy el hermano de Josh Polonsky,CINE.pdf
Soy huérfano,CINE.pdf
Soy leyenda,CINE.pdf
Soylent green,CINE.pdf
alcance 1885,CINE.pdf
Slaughter night (noche de la,CINE.pdf
matanza) traducción en eapañol 1886,CINE.pdf
Spider,CINE.pdf
Splice,CINE.pdf
Stalker la zona,CINE.pdf
Stardust,CINE.pdf
Starsky y Hutch 1891,CINE.pdf
Su nombre es Jenifer,CINE.pdf
Submarino,CINE.pdf
Sueño de fuga,CINE.pdf
redemption  1894,CINE.pdf
"Sueño del caimán, El",CINE.pdf
"Sueños de Akira Kurosawa, Los",CINE.pdf
Sueños de orquesta,CINE.pdf
Sueños ocultos,CINE.pdf
Sueños perdidos,CINE.pdf
Suite habana,CINE.pdf
Super policias,CINE.pdf
Sukiyaki western django,CINE.pdf
"Sustituto, El",CINE.pdf
Swordfish : Acceso autorizado,CINE.pdf
Sylvia,CINE.pdf
Syriana,CINE.pdf
Talentoso sr. ripley .El,CINE.pdf
Tan espeso como el chocolate,CINE.pdf
"Tan lejos, tan cerca",CINE.pdf
Tango  1911,CINE.pdf
"Tarea prohibida, La",CINE.pdf
Taxi 1913,CINE.pdf
Taxi driver,CINE.pdf
Taxi Teherán 1915,CINE.pdf
Te amaré en silencio,CINE.pdf
lesser God  1916,CINE.pdf
Te presento a Laura,CINE.pdf
Teatro del crimen,CINE.pdf
Temporada de patos,CINE.pdf
Temporada de sequia  1921,CINE.pdf
Teorema,CINE.pdf
Tequila sunrise,CINE.pdf
"Tercer tiro, El",CINE.pdf
"Terminal, La",CINE.pdf
Terror a bordo,CINE.pdf
Terror bajo la nieve,CINE.pdf
Terror en la antartida,CINE.pdf
Terror en el aire,CINE.pdf
Terror en chernóbil,CINE.pdf
Timecop 2 1931,CINE.pdf
Tesis,CINE.pdf
Testigo mudo,CINE.pdf
Tetro,CINE.pdf
The car man,CINE.pdf
The crimson petal and the white,CINE.pdf
"(('Pétalo Carmesí, Flor Blanca) 1936",CINE.pdf
The dirty dozen,CINE.pdf
The Donna Summer,CINE.pdf
The duchess,CINE.pdf
The drawer boy el dibujante,CINE.pdf
The Glimmer man  1941,CINE.pdf
The Go Master,CINE.pdf
The informant!,CINE.pdf
The keeper(traducida al español El,CINE.pdf
protector) 1944,CINE.pdf
The last kiss,CINE.pdf
The men who stare at goats (Hombres,CINE.pdf
"que miran fijamente las cabras,los) 1946",CINE.pdf
The other man,CINE.pdf
The parent trap,CINE.pdf
The private lives of pippa lee,CINE.pdf
The prodigal 1951,CINE.pdf
The Reader,CINE.pdf
The reaping,CINE.pdf
The reckoning,CINE.pdf
The runaways,CINE.pdf
The Salton sea,CINE.pdf
The silence,CINE.pdf
The sweetest thing ( La cosa más,CINE.pdf
dulce) 1958,CINE.pdf
The Tenant(quimérico inquilino) El,CINE.pdf
This is not a movie,CINE.pdf
Thomas esta enamorado 1961,CINE.pdf
Tiburón,CINE.pdf
Tiburoneros,CINE.pdf
Tiempo,CINE.pdf
Tiempo de mentir,CINE.pdf
Tiempo de vivir,CINE.pdf
Tiempo para morir Harsh times,CINE.pdf
La tiendita de los horrores The Little,CINE.pdf
Shop of Horrors  1968,CINE.pdf
Tienes un e-mail You’ve got mail,CINE.pdf
"Tierra de la gran promesa, La",CINE.pdf
golden door  1970,CINE.pdf
Tierra de nadie,CINE.pdf
Tierra de pasiones,CINE.pdf
Tierra extranjera,CINE.pdf
Tierra y pan,CINE.pdf
"Tigre de Santa Julia, El",CINE.pdf
Tigre y el dragón. El,CINE.pdf
"Tigre y la nieve, El",CINE.pdf
Tintorera!,CINE.pdf
Tiresias,CINE.pdf
Todo sobre Adam ; Tiempo de volver,CINE.pdf
All about Adam  Garden state. 1994,CINE.pdf
Todo sobre mi madre,CINE.pdf
Almodóvar. 1995,CINE.pdf
"Tortugas pueden volar,  Las",CINE.pdf
can fly 2006,CINE.pdf
"Transportador, El",CINE.pdf
Yuen  2014,CINE.pdf
Tras la Tormenta,CINE.pdf
Koreeda.. 2016,CINE.pdf
Tras líneas enemigas Behind enemy,CINE.pdf
lines  2017,CINE.pdf
Tren de la muerte,CINE.pdf
Trenes rigurosamente vigilados,CINE.pdf
Tres estaciones,CINE.pdf
Tres mil [i.e.3000] millas al infierno,CINE.pdf
Miles to Graceland  2025,CINE.pdf
Tres miniaturas de Eugenio,CINE.pdf
Tres monos,CINE.pdf
Trece días,CINE.pdf
Trescientos,CINE.pdf
Trespass,CINE.pdf
Trial by jury,CINE.pdf
El triángulo The Triangle,CINE.pdf
Tribunal en fuga,CINE.pdf
Tristana,CINE.pdf
"Triunfo del amor, El",CINE.pdf
Trono de sangre,CINE.pdf
Troya,CINE.pdf
Truman show historia de una vida,CINE.pdf
Tu que estás vivo,CINE.pdf
Tu te lo pierdes,CINE.pdf
Turbulencia 2,CINE.pdf
Tutia,CINE.pdf
Tuya en septiembre,CINE.pdf
Twilight zone,CINE.pdf
Two lovers,CINE.pdf
U-Quinientos setenta y uno [i.e. 571] La,CINE.pdf
batalla del atlántico U-571 2046,CINE.pdf
"Última cena, La",CINE.pdf
"Última noche de la humanidad, La",CINE.pdf
"Última noche, La",CINE.pdf
"Última tentación de Cristo, La",CINE.pdf
"última vida en el universo, La - Ruang",CINE.pdf
rak noi nid mahasan,CINE.pdf
Universe  2051,CINE.pdf
"Último camino, El",CINE.pdf
"Último emperador, El",CINE.pdf
"último maestro del aire, El - The last",CINE.pdf
airbender 2054,CINE.pdf
"Último paciente Chronic, El",CINE.pdf
"Último rey de Escocia, El",CINE.pdf
"Último samurai, El",CINE.pdf
"Último tren a Auswitch, El",CINE.pdf
"Últimos días de mi vida, Los",CINE.pdf
vie 2059,CINE.pdf
Un amor inesperado,CINE.pdf
Un amor italiano,CINE.pdf
Un amor loco,CINE.pdf
Un amor muy especial,CINE.pdf
Un amor surrealista Marie & Bruce,CINE.pdf
Un ángel enamorado,CINE.pdf
Un año perdido,CINE.pdf
Un beso más - The last kiss,CINE.pdf
Un buda,CINE.pdf
Un cuento de invierno,CINE.pdf
Un cuento de  navidad,CINE.pdf
Un crimen perfecto,CINE.pdf
Un destello en la obscuridad,CINE.pdf
Un domingo cualquiera,CINE.pdf
Un domingo maravilloso,CINE.pdf
Un dulce olor a muerte,CINE.pdf
Un embrujo,CINE.pdf
Un gallo con muchos huevos,CINE.pdf
Un gato sobre el tejado caliente,CINE.pdf
Un gran chico,CINE.pdf
Un grito  antes de morir,CINE.pdf
Un hilito de sangre: un temprano,CINE.pdf
despertar 2081,CINE.pdf
Un Hombre Solitario,CINE.pdf
Un horizonte lejano,CINE.pdf
Un milagro para Henry,CINE.pdf
Un milagro para Lorenzo,CINE.pdf
Un monstruo de mil cabezas,CINE.pdf
Un mundo mejor,CINE.pdf
Un oscuro secreto,CINE.pdf
Un Perro andaluz,CINE.pdf
Un puente demasiado lejos,CINE.pdf
Un regalo sangriento,CINE.pdf
Un rincon cerca del cielo,CINE.pdf
Un sueño posible The blind side,CINE.pdf
Un toke de roc,CINE.pdf
Una acción civil,CINE.pdf
Una carta de amor,CINE.pdf
¡Una cita!,CINE.pdf
Una chica perturbada,CINE.pdf
Una Dama sin Pudor,CINE.pdf
Una Eva y dos Adanes,CINE.pdf
Una joven,CINE.pdf
Una Lección de Vida,CINE.pdf
Una luz en la oscuridad,CINE.pdf
Una mirada a la oscuridad,CINE.pdf
darkly  2106,CINE.pdf
Una mente Brillante,CINE.pdf
Una muerte Inesperada,CINE.pdf
Una mujer en África,CINE.pdf
Una noche en la  ópera,CINE.pdf
Una nueva  vida,CINE.pdf
Una Serie de eventos Desafortunados,CINE.pdf
Una sola entrega,CINE.pdf
Una venus en visón,CINE.pdf
Una vez que naces,CINE.pdf
Una vida en siete días,CINE.pdf
Una vida iluminada,CINE.pdf
Una vida mejor,CINE.pdf
Unas dulces mentiras,CINE.pdf
"Único, El",CINE.pdf
Universal soldier,CINE.pdf
Up in the air,CINE.pdf
Usted es muy guapo,CINE.pdf
V de Venganza,CINE.pdf
V/H/S,CINE.pdf
Vacaciones de invierno,CINE.pdf
Vacaciones de Mr. Bean,CINE.pdf
Vacaciones en la obscuridad,CINE.pdf
"Valentina, La",CINE.pdf
Valmont : relaciones peligrosas,CINE.pdf
Valor bajo fuego,CINE.pdf
"Valor de amar,El",CINE.pdf
"Vampiro, el",CINE.pdf
Vanilla sky,CINE.pdf
Vecinos y enemigos,CINE.pdf
Vegas vacation,CINE.pdf
Veinticinco años de historias,CINE.pdf
animadas : cortometrajes de,CINE.pdf
Veinticuatro [i.e 24] en busca de la,CINE.pdf
redención,CINE.pdf
Veinticuatro cuadros de terror,CINE.pdf
cuadros de terror 2140,CINE.pdf
Veintisiete bodas,CINE.pdf
Veintiún gramos,CINE.pdf
Veneno,CINE.pdf
Veneno para las hadas,CINE.pdf
Vengadora,CINE.pdf
Vengadora/Testigos de un crimen,CINE.pdf
Vengador,CINE.pdf
Vengador. El,CINE.pdf
Vengador del futuro Total recall,CINE.pdf
Venganza despiadada,CINE.pdf
Venganza Letal,CINE.pdf
Venganza Mortal,CINE.pdf
Venganza yakuza,CINE.pdf
Ventajas de ser invisible,CINE.pdf
"Ventana Indiscreta, La",CINE.pdf
"Ventana secreta, La",CINE.pdf
Venus,CINE.pdf
Vergüenza,CINE.pdf
"Versión de mi vida, La",CINE.pdf
version  2159,CINE.pdf
"Versus, el combate final Versus",CINE.pdf
Vertigo/ La sombra  de una duda,CINE.pdf
(Doble DVD) 2161,CINE.pdf
"Vía lactea, La",CINE.pdf
Viaje al centro de la tierra,CINE.pdf
"Viajo porque preciso, vuelvo porque te",CINE.pdf
amo  2164,CINE.pdf
Vicky Cristina Barcelona,CINE.pdf
Victima. La,CINE.pdf
Victorio,CINE.pdf
Vida acuática con Steve Zissou,CINE.pdf
"Vida conyugal, La",CINE.pdf
"Vida de Adele, La",CINE.pdf
"Vida de Brian, La",CINE.pdf
of Brian  2171,CINE.pdf
"Vida de David  Gale, La",CINE.pdf
"Vida de los otros, La",CINE.pdf
"Vida de nadie, La",CINE.pdf
"Vida es bella, La",CINE.pdf
"Vida es un milagro, La",CINE.pdf
"Vida inútil de Pito Pérez, La",CINE.pdf
"Vida prometida, La La vie promise",CINE.pdf
Ghost river  2178,CINE.pdf
Vida se amputa en seco : y otros,CINE.pdf
"cortometrajes, La 2179",CINE.pdf
Vida sin mi.La,CINE.pdf
"Vidas de Celia, Las",CINE.pdf
Vidas en Común,CINE.pdf
Vidas errantes,CINE.pdf
"Viejo y el mar, El",CINE.pdf
Viólame Baise-Moi,CINE.pdf
"Violetero, El",CINE.pdf
"Violín, El",CINE.pdf
Violines en el cielo Departures,CINE.pdf
Virgen a los 40 años,CINE.pdf
"Virgen de los sicarios, La",CINE.pdf
Virgen y Culpable a los 41,CINE.pdf
"Virgenes suicidas, Las",CINE.pdf
Viridiana,CINE.pdf
"Víspera, La",CINE.pdf
Vitus,CINE.pdf
Virus,CINE.pdf
"Viuda Negra, La",CINE.pdf
Viva el amor,CINE.pdf
Viva Zapata!,CINE.pdf
Vivir de nuevo Reprise,CINE.pdf
"Vizconde de Montecristo, El",CINE.pdf
Vladimir en Buenos Aires,CINE.pdf
Vodka limón,CINE.pdf
Volando alto Eddie the eagle,CINE.pdf
Volver,CINE.pdf
Volverás,CINE.pdf
Voraz Raw,CINE.pdf
"Vuelcos del corazón, Los",CINE.pdf
"Vuelo de la cigüeña, El",CINE.pdf
"Vuelo del fénix, El",CINE.pdf
"Vuelta al mundo en 80 días,La",CINE.pdf
Vuelve a la vida,CINE.pdf
Vuelven los siete magníficos,CINE.pdf
Walking on Water: cenizas en el Agua,CINE.pdf
Watchmen : relatos del navío negro,CINE.pdf
Watchmen : tales of the black,CINE.pdf
freighter 2215,CINE.pdf
Ward contra ward,CINE.pdf
Water,CINE.pdf
Wedding Crashers,CINE.pdf
What women want,CINE.pdf
quieren  2219,CINE.pdf
Whisky,CINE.pdf
Whistle stop [Señal de parada],CINE.pdf
Winter's bone,CINE.pdf
Y ahora damas y caballeros,CINE.pdf
& ladies and gentlemen  2223,CINE.pdf
Y dónde están las rubias? White,CINE.pdf
chicks  2224,CINE.pdf
Y tu  mamá también,CINE.pdf
Y tú qué@v!* sabes?,CINE.pdf
Yo amo huckabees,CINE.pdf
Yo robot,CINE.pdf
Yo soy Sam,CINE.pdf
"Yo, también",CINE.pdf
Young adult,CINE.pdf
Zapata : el sueño del héroe,CINE.pdf
"Zapatillas rojas, Las",CINE.pdf
mundo  2234,CINE.pdf
Zatoichi,CINE.pdf
Zelig,CINE.pdf
Zodiaco,CINE.pdf
"Zona, La",CINE.pdf
Zona de guerra,CINE.pdf
Zona de Miedo,CINE.pdf
Zona Muerta.La,CINE.pdf
Doce [i.e. 12] películas Sherlock Holmes [28],PRESTAMO EN SALA 2026.pdf
DVD 1. La voz del terror,PRESTAMO EN SALA 2026.pdf
terror] (1942) / Sherlock Holmes y el arma secreta,PRESTAMO EN SALA 2026.pdf
Holmes and the Secret Weapon],PRESTAMO EN SALA 2026.pdf
DVD 2. Sherlock Holmes en Washington,PRESTAMO EN SALA 2026.pdf
in Washington] (1943) / Sherlock Holmes desafiando la,PRESTAMO EN SALA 2026.pdf
muerte,PRESTAMO EN SALA 2026.pdf
DVD 3. La mujer araña,PRESTAMO EN SALA 2026.pdf
escarlata,PRESTAMO EN SALA 2026.pdf
DVD 4. La perla maldita,PRESTAMO EN SALA 2026.pdf
del miedo,PRESTAMO EN SALA 2026.pdf
DVD 5. La mujer de verde,PRESTAMO EN SALA 2026.pdf
Persecución en Argelia,PRESTAMO EN SALA 2026.pdf
DVD 6. Terror en la noche,PRESTAMO EN SALA 2026.pdf
para matar,PRESTAMO EN SALA 2026.pdf
Doctor Foster,PRESTAMO EN SALA 2026.pdf
Doctor Who : primera temporada,PRESTAMO EN SALA 2026.pdf
Doctor Who : segunda temporada,PRESTAMO EN SALA 2026.pdf
Doctor Who : tercera temporada,PRESTAMO EN SALA 2026.pdf
Doctor Who : cuarta temporada,PRESTAMO EN SALA 2026.pdf
Doctor Who : quinta temporada,PRESTAMO EN SALA 2026.pdf
Doctor Who : sexta temporada,PRESTAMO EN SALA 2026.pdf
Doctor Who : septima temporada,PRESTAMO EN SALA 2026.pdf
Doctor Who : octava temporada,PRESTAMO EN SALA 2026.pdf
Downton Abbey : tercera temporada,PRESTAMO EN SALA 2026.pdf
Dulce desafío,PRESTAMO EN SALA 2026.pdf
"Encanto del águila, El",PRESTAMO EN SALA 2026.pdf
Estado de gracia,PRESTAMO EN SALA 2026.pdf
Fall of eagles,PRESTAMO EN SALA 2026.pdf
Friends: La primera temporada completa,PRESTAMO EN SALA 2026.pdf
Friends season 1,PRESTAMO EN SALA 2026.pdf
Friends: La segunda temporada completa,PRESTAMO EN SALA 2026.pdf
Friends season 2,PRESTAMO EN SALA 2026.pdf
Friends: La cuarta temporada completa,PRESTAMO EN SALA 2026.pdf
Friends season 3,PRESTAMO EN SALA 2026.pdf
La Colección de los hermanos Coen,PRESTAMO EN SALA 2026.pdf
DVD 1. El gran Lebowski,PRESTAMO EN SALA 2026.pdf
DVD 2. El apoderado de Hudsucker Proxy,PRESTAMO EN SALA 2026.pdf
Proxy,PRESTAMO EN SALA 2026.pdf
DVD 3. Barton Fink,PRESTAMO EN SALA 2026.pdf
Game of Thrones  la primera temporada,PRESTAMO EN SALA 2026.pdf
completa,PRESTAMO EN SALA 2026.pdf
Game of Thrones  la segunda temporada,PRESTAMO EN SALA 2026.pdf
Game of Thrones  la tercera temporada,PRESTAMO EN SALA 2026.pdf
Game of Thrones  la cuarta temporada,PRESTAMO EN SALA 2026.pdf
Game of Thrones  la quinta temporada,PRESTAMO EN SALA 2026.pdf
Game of Thrones  la sexta temporada,PRESTAMO EN SALA 2026.pdf
Indiana Jones y Los cazadores del Arca,PRESTAMO EN SALA 2026.pdf
perdida,PRESTAMO EN SALA 2026.pdf
"Juegos del hambre, Los",PRESTAMO EN SALA 2026.pdf
"Juegos del hambre, Los: En llamas",PRESTAMO EN SALA 2026.pdf
Hunger Games: Catching Fire,PRESTAMO EN SALA 2026.pdf
Jurasick Park,PRESTAMO EN SALA 2026.pdf
"Jurassic park, El mudo perdido",PRESTAMO EN SALA 2026.pdf
"World  Molen, Colin Wilson",PRESTAMO EN SALA 2026.pdf
"Jurassic Park , 3",PRESTAMO EN SALA 2026.pdf
Spielberg,PRESTAMO EN SALA 2026.pdf
Jurassic world Mundo Jurásico,PRESTAMO EN SALA 2026.pdf
Spielberg ... [et al.],PRESTAMO EN SALA 2026.pdf
Kill Bill,PRESTAMO EN SALA 2026.pdf
Lawrence Bender,PRESTAMO EN SALA 2026.pdf
Kill Bill La venganza Vol. 1,PRESTAMO EN SALA 2026.pdf
"Leyenda del tesoro perdido, La",PRESTAMO EN SALA 2026.pdf
treasure,PRESTAMO EN SALA 2026.pdf
"Leyenda del tesoro perdido 2, La : el libro de",PRESTAMO EN SALA 2026.pdf
los secretos,PRESTAMO EN SALA 2026.pdf
"Ley & el orden, La : intento criminal. Primera",PRESTAMO EN SALA 2026.pdf
temporada,PRESTAMO EN SALA 2026.pdf
"Ley & el orden, La : intento criminal",PRESTAMO EN SALA 2026.pdf
Segundaa temporada,PRESTAMO EN SALA 2026.pdf
Matrix,PRESTAMO EN SALA 2026.pdf
Matrix recargado,PRESTAMO EN SALA 2026.pdf
Wachowski,PRESTAMO EN SALA 2026.pdf
Matrix revoluciones,PRESTAMO EN SALA 2026.pdf
Matrix : detrás de la magia,PRESTAMO EN SALA 2026.pdf
revisited,PRESTAMO EN SALA 2026.pdf
Mad Men,PRESTAMO EN SALA 2026.pdf
Pro:Matthew Weiner,PRESTAMO EN SALA 2026.pdf
temporada 1,PRESTAMO EN SALA 2026.pdf
temporada 2,PRESTAMO EN SALA 2026.pdf
temporada3,PRESTAMO EN SALA 2026.pdf
Millennium 1 : Los hombres que no amaban a,PRESTAMO EN SALA 2026.pdf
las mujeres,PRESTAMO EN SALA 2026.pdf
Millennium 2 : La chica que soñaba con un,PRESTAMO EN SALA 2026.pdf
cerillo y un galón de gasolina,PRESTAMO EN SALA 2026.pdf
Millennium 3 : La reina en el palacio de las,PRESTAMO EN SALA 2026.pdf
corrientes de aire,PRESTAMO EN SALA 2026.pdf
Mi pobre angelito Home alone,PRESTAMO EN SALA 2026.pdf
"Mi pobre angelito, 2 perdido en Nueva York",PRESTAMO EN SALA 2026.pdf
"Home alone, 2",PRESTAMO EN SALA 2026.pdf
"Mr. Bean 10 años : aniversario mi especial, I",PRESTAMO EN SALA 2026.pdf
"Mr. Bean 10 años : aniversario mi especial, II",PRESTAMO EN SALA 2026.pdf
"Mr. Bean 10 años : aniversario mi especial, III",PRESTAMO EN SALA 2026.pdf
Moby Dick,PRESTAMO EN SALA 2026.pdf
Modern family,PRESTAMO EN SALA 2026.pdf
"Montaña mágica, la",PRESTAMO EN SALA 2026.pdf
Mujeres asesinas. Primera temporada,PRESTAMO EN SALA 2026.pdf
Mujeres asesinas.  Segunda temporada,PRESTAMO EN SALA 2026.pdf
"Musketeers, the : primera temporada",PRESTAMO EN SALA 2026.pdf
aked City season one,PRESTAMO EN SALA 2026.pdf
apoleón : épica del hombre que cambió el,PRESTAMO EN SALA 2026.pdf
mundo. Primera parte: 1975-1800,PRESTAMO EN SALA 2026.pdf
mundo. Segunda parte: 1800-1807,PRESTAMO EN SALA 2026.pdf
mundo. Tercera parte. 1807-1812,PRESTAMO EN SALA 2026.pdf
mundo. Cuarta parte. 1812-1821,PRESTAMO EN SALA 2026.pdf
infomania,PRESTAMO EN SALA 2026.pdf
iño Santo,PRESTAMO EN SALA 2026.pdf
ip tuck: temporada uno,PRESTAMO EN SALA 2026.pdf
ip tuck: temporada dos,PRESTAMO EN SALA 2026.pdf
ip tuck: temporada tres,PRESTAMO EN SALA 2026.pdf
ip tuck: temporada cuatro,PRESTAMO EN SALA 2026.pdf
ip tuck: temporada cinco,PRESTAMO EN SALA 2026.pdf
Qué pasó ayer?,PRESTAMO EN SALA 2026.pdf
Hombre de acero . El,PRESTAMO EN SALA 2026.pdf
Twenty four [24] the complete second,PRESTAMO EN SALA 2026.pdf
season,PRESTAMO EN SALA 2026.pdf
"Two and a half men, 1",PRESTAMO EN SALA 2026.pdf
medio,PRESTAMO EN SALA 2026.pdf
"Two and a half men, 2",PRESTAMO EN SALA 2026.pdf
"Two and a half men, 3",PRESTAMO EN SALA 2026.pdf
"Two and a half men, 4",PRESTAMO EN SALA 2026.pdf
"Two and a half men, 5",PRESTAMO EN SALA 2026.pdf
"Two and a half men, 6",PRESTAMO EN SALA 2026.pdf
"Two and a half men, 7",PRESTAMO EN SALA 2026.pdf
"Two and a half men, 8",PRESTAMO EN SALA 2026.pdf
"Two and a half men, 9",PRESTAMO EN SALA 2026.pdf
Ugly Betty la primera temporada completa,PRESTAMO EN SALA 2026.pdf
Ugly Betty la segunda temporada,PRESTAMO EN SALA 2026.pdf
V invasión extraterrestre Primera temporada,PRESTAMO EN SALA 2026.pdf
V invasión extraterrestre Segunda,PRESTAMO EN SALA 2026.pdf
"Veep, 1",PRESTAMO EN SALA 2026.pdf
"Veep, 2",PRESTAMO EN SALA 2026.pdf
Viaje a las estrellas la película,PRESTAMO EN SALA 2026.pdf
Motion Picture,PRESTAMO EN SALA 2026.pdf
Viaje a las estrellas II la ira de Khan,PRESTAMO EN SALA 2026.pdf
II: the wrath of Khan,PRESTAMO EN SALA 2026.pdf
Viaje a las estrellas IV Misión: Salvar a la Tierra,PRESTAMO EN SALA 2026.pdf
Viaje a las estrellas la última frontera,PRESTAMO EN SALA 2026.pdf
trek : the final frontier,PRESTAMO EN SALA 2026.pdf
Viaje a las estrellas primer contacto,PRESTAMO EN SALA 2026.pdf
treck: first contact,PRESTAMO EN SALA 2026.pdf
Volver al futuro Trilogía,PRESTAMO EN SALA 2026.pdf
"Vuelta al mundo en 80 días, La",PRESTAMO EN SALA 2026.pdf
White collar,PRESTAMO EN SALA 2026.pdf
Wolfgang Amadeus Mozart : más que un,PRESTAMO EN SALA 2026.pdf
príncipe,PRESTAMO EN SALA 2026.pdf
Wolverine Inmortal,PRESTAMO EN SALA 2026.pdf
X- Men,PRESTAMO EN SALA 2026.pdf
X-Men 2,PRESTAMO EN SALA 2026.pdf
Don Gato y su pandilla,PRESTAMO EN SALA 2026.pdf
Madagascar vol. 1 vol. 2,PRESTAMO EN SALA 2026.pdf
Más ¡vampiros en La Habana!,PRESTAMO EN SALA 2026.pdf
"Monsters, Inc",PRESTAMO EN SALA 2026.pdf
El mundo de Mafalda,PRESTAMO EN SALA 2026.pdf
La pantera rosa,PRESTAMO EN SALA 2026.pdf
Los picapiedra,PRESTAMO EN SALA 2026.pdf
"Pinky Dinky Doo, 7",PRESTAMO EN SALA 2026.pdf
Los pitufos,PRESTAMO EN SALA 2026.pdf
"El show secreto.Vol.2,vol. 4",PRESTAMO EN SALA 2026.pdf
Shrek,PRESTAMO EN SALA 2026.pdf
"Shrek, 2",PRESTAMO EN SALA 2026.pdf
"Shrek, 3-D",PRESTAMO EN SALA 2026.pdf
Shrek Forever After,PRESTAMO EN SALA 2026.pdf
"Super clásicos infantiles, 10 :muerto de miedo",PRESTAMO EN SALA 2026.pdf
"Super clásicos infantiles, 5 :conejo waikiki",PRESTAMO EN SALA 2026.pdf
"Super clásicos infantiles, 3 :el gigante ártico",PRESTAMO EN SALA 2026.pdf
Teenage mutant ninja turtles,PRESTAMO EN SALA 2026.pdf
Toy story I,PRESTAMO EN SALA 2026.pdf
Toy story II,PRESTAMO EN SALA 2026.pdf
Toy story III,PRESTAMO EN SALA 2026.pdf
Una noche en el museo Vol.1 y Vol. 2,PRESTAMO EN SALA 2026.pdf
¡Vampiros en La Habana!,PRESTAMO EN SALA 2026.pdf
aruto shippuden 10,PRESTAMO EN SALA 2026.pdf
aruto shippuden 18,PRESTAMO EN SALA 2026.pdf
aruto shippuden 19,PRESTAMO EN SALA 2026.pdf
"One piece collection, 1",PRESTAMO EN SALA 2026.pdf
"One piece collectio, 5",PRESTAMO EN SALA 2026.pdf
"One piece collection, 9",PRESTAMO EN SALA 2026.pdf
FLCL The complete series,PRESTAMO EN SALA 2026.pdf
Imaishi,PRESTAMO EN SALA 2026.pdf
Fullmetal alchemist Brotherhood : complete,PRESTAMO EN SALA 2026.pdf
collection two : episodes 34-64,PRESTAMO EN SALA 2026.pdf
Ghost in the shell stand alone complex stand,PRESTAMO EN SALA 2026.pdf
alone complex : S.A.C. 2nd GIG,PRESTAMO EN SALA 2026.pdf
Ghost in the shell 2 innocence,PRESTAMO EN SALA 2026.pdf
Ironman 28,PRESTAMO EN SALA 2026.pdf
aruto triple feature,PRESTAMO EN SALA 2026.pdf
Toshiyuki Tsuru,PRESTAMO EN SALA 2026.pdf
aruto legend of the stone of Gelel : the,PRESTAMO EN SALA 2026.pdf
movie,PRESTAMO EN SALA 2026.pdf
aruto,PRESTAMO EN SALA 2026.pdf
One piece,PRESTAMO EN SALA 2026.pdf
four voyage four : 242-252,PRESTAMO EN SALA 2026.pdf
four voyage five : 253-263,PRESTAMO EN SALA 2026.pdf
five voyage three: 288-299,PRESTAMO EN SALA 2026.pdf
five voyage four: 300-312,PRESTAMO EN SALA 2026.pdf
five voyage five: 313-324,PRESTAMO EN SALA 2026.pdf
five : voyage six: 325-331,PRESTAMO EN SALA 2026.pdf
"planet  Ohtsuka, Rami Park",PRESTAMO EN SALA 2026.pdf
Sobrenatural : el anime,PRESTAMO EN SALA 2026.pdf
The Anime Series,PRESTAMO EN SALA 2026.pdf
"Batman el caballero de la noche regresa, parte 1",PRESTAMO EN SALA 2026.pdf
"Batman el caballero de la noche regresa, parte 2",PRESTAMO EN SALA 2026.pdf
Hombres X la resurrección de los mutantes,PRESTAMO EN SALA 2026.pdf
X-Men: evolution mutants rising,PRESTAMO EN SALA 2026.pdf
Hombres X evolución días xplosivos,PRESTAMO EN SALA 2026.pdf
X-Men evolution xplosives days,PRESTAMO EN SALA 2026.pdf
Hombres X evolución la x marca el lugar,PRESTAMO EN SALA 2026.pdf
X-Men evolution: x marks the spot,PRESTAMO EN SALA 2026.pdf
Hombres X evolución xponiendo la verdad,PRESTAMO EN SALA 2026.pdf
X-Men evolution :xposing the truth,PRESTAMO EN SALA 2026.pdf
BLU RAY,PRESTAMO EN SALA 2026.pdf
Appleseed,PRESTAMO EN SALA 2026.pdf
Batman inicia,PRESTAMO EN SALA 2026.pdf
Batman: el caballero de la noche,PRESTAMO EN SALA 2026.pdf
ight,PRESTAMO EN SALA 2026.pdf
Batman: el caballero de la noche asciende,PRESTAMO EN SALA 2026.pdf
The dark knight rises,PRESTAMO EN SALA 2026.pdf
Betty Boop La colección,PRESTAMO EN SALA 2026.pdf
"Búsqueda implacable, 3",PRESTAMO EN SALA 2026.pdf
Cero cero siete [i.e.007] el mañana nunca,PRESTAMO EN SALA 2026.pdf
muere,PRESTAMO EN SALA 2026.pdf
Cars 2,PRESTAMO EN SALA 2026.pdf
La dictadura perfecta,PRESTAMO EN SALA 2026.pdf
Dragon Ball Z : fusion reborn,PRESTAMO EN SALA 2026.pdf
Dragon Ball Z : cooler’s revenge :the return of,PRESTAMO EN SALA 2026.pdf
coller’s,PRESTAMO EN SALA 2026.pdf
Dragon Ball Z : la batalla de los dioses,PRESTAMO EN SALA 2026.pdf
Estado de Gracia,PRESTAMO EN SALA 2026.pdf
Furia de titanes,PRESTAMO EN SALA 2026.pdf
"Furia de Titanes, 2",PRESTAMO EN SALA 2026.pdf
La guerra y la paz : War & peace,PRESTAMO EN SALA 2026.pdf
Hannibal,PRESTAMO EN SALA 2026.pdf
Harry Potter y las reliquias de la muerte,PRESTAMO EN SALA 2026.pdf
parte 1,PRESTAMO EN SALA 2026.pdf
"part,1",PRESTAMO EN SALA 2026.pdf
parte 2,PRESTAMO EN SALA 2026.pdf
"part,2",PRESTAMO EN SALA 2026.pdf
Jurassic park,PRESTAMO EN SALA 2026.pdf
"Kill Bill, 1",PRESTAMO EN SALA 2026.pdf
"Kill Bill, 2",PRESTAMO EN SALA 2026.pdf
Monsters university,PRESTAMO EN SALA 2026.pdf
arrativa breve [01],PRESTAMO EN SALA 2026.pdf
arrativa breve infantil [02],PRESTAMO EN SALA 2026.pdf
infomanía Volumen I y II,PRESTAMO EN SALA 2026.pdf
vol. 1 & 2,PRESTAMO EN SALA 2026.pdf
Orange is the new black - Mi vida en prisión:,PRESTAMO EN SALA 2026.pdf
Primera temporada,PRESTAMO EN SALA 2026.pdf
Segunda temporada,PRESTAMO EN SALA 2026.pdf
Tsubasa Reservoir Chronicle,PRESTAMO EN SALA 2026.pdf
Transformers el lado oscuro de la luna,PRESTAMO EN SALA 2026.pdf
Transformers : dark of the moon,PRESTAMO EN SALA 2026.pdf
Tron el legado,PRESTAMO EN SALA 2026.pdf
Catálogo Documentales,DOCUMENTALES.pdf
Microprocesadores[cd-rom],DOCUMENTALES.pdf
Computación para principiantes,DOCUMENTALES.pdf
Mother boards[cd-rom],DOCUMENTALES.pdf
Memoria RAM[cd-rom,DOCUMENTALES.pdf
Memoria secundaria[cd-rom],DOCUMENTALES.pdf
internet por internet,DOCUMENTALES.pdf
Localización de información específica en la web[cd-,DOCUMENTALES.pdf
rom],DOCUMENTALES.pdf
Sistema integral automatizado de bibliotecas de la,DOCUMENTALES.pdf
universdad de colima,DOCUMENTALES.pdf
Puertos y Periféricos,DOCUMENTALES.pdf
Escritura audiovisual digital,DOCUMENTALES.pdf
Microsoft Visual C++.net standard,DOCUMENTALES.pdf
Sistema Integral Automatizado de Bibliotecas de la,DOCUMENTALES.pdf
Universidad de Colima[CD-ROM],DOCUMENTALES.pdf
Archivo Dr. Silvio Zavala[cd-rom],DOCUMENTALES.pdf
Pimienta y mostaza[Recurso electrónico] :periódico,DOCUMENTALES.pdf
ilustrado,DOCUMENTALES.pdf
Catálogo de la historieta mexicana del siglo XX [CD-,DOCUMENTALES.pdf
ROM],DOCUMENTALES.pdf
Catálogo del archivo histórico de la Casa de Moneda,DOCUMENTALES.pdf
de México [CD-ROM],DOCUMENTALES.pdf
Guía del Archivo Histórico de Salinas del Peñón,DOCUMENTALES.pdf
Blanco 1713-1945[recurso electrónico],DOCUMENTALES.pdf
Francisco del Paso y Troncoso; Archivo,DOCUMENTALES.pdf
Fondos bibliográficos conventuales[cd-rom],DOCUMENTALES.pdf
Administración de los recursos informativos [CD-,DOCUMENTALES.pdf
Athena [CD-ROM]: full system sample: self-runnin,DOCUMENTALES.pdf
Imágenes  fotográficas del arte mexicano en la,DOCUMENTALES.pdf
Biblioteca de las Artes,DOCUMENTALES.pdf
Digital manuscripts library [CD-ROM] second,DOCUMENTALES.pdf
collection [Bibliotheca Alexandrina],DOCUMENTALES.pdf
Archivos históricos de la casa de Morelos[cd-rom] :,DOCUMENTALES.pdf
siglo XVII -siglo XX,DOCUMENTALES.pdf
Triton[cd-rom] :antología 1997-2002,DOCUMENTALES.pdf
Anales del Museo Nacional de México[cd-rom] :1877-,DOCUMENTALES.pdf
Servicio de prensa mexicana[cd-rom]abril 1992-,DOCUMENTALES.pdf
diciembre 1998,DOCUMENTALES.pdf
Manual de criterios de evaluación[CD-ROM] :,DOCUMENTALES.pdf
estudios sobre las Culturas Contemporáneas,DOCUMENTALES.pdf
Códice Techialoyan García Granados[cd-rom],DOCUMENTALES.pdf
El códice de Cholula[cd-rom] :la exaltación,DOCUMENTALES.pdf
testimonial de un linaje indio,DOCUMENTALES.pdf
Astrología[cd-rom],DOCUMENTALES.pdf
Dioses y astrología mesoamericana[cd-rom],DOCUMENTALES.pdf
La espiritualidad[cd-rom],DOCUMENTALES.pdf
Desarrollo de la memoria[cd-rom] :incremente su memoria a su,DOCUMENTALES.pdf
máximo potencial,DOCUMENTALES.pdf
Problemas de aprendizaje[cd-rom],DOCUMENTALES.pdf
La antropología en México,DOCUMENTALES.pdf
Laboratorio de comunicaciones ópticas [CD-ROM],DOCUMENTALES.pdf
Fenetres sur le territoire Marocain [CD-ROM],DOCUMENTALES.pdf
Estado de mexico: conpendio censal del siglo XX,DOCUMENTALES.pdf
Distrito federal: compendio censal del siglo XX,DOCUMENTALES.pdf
Oaxaca  [CD-ROM]:,DOCUMENTALES.pdf
"Argumentos, estudios críticos de la sociedad  XX",DOCUMENTALES.pdf
Aniversario [videograbación],DOCUMENTALES.pdf
Mujeres y Hombres en México 2013,DOCUMENTALES.pdf
"Treasures of Yugoslavia: etnography, archeological",DOCUMENTALES.pdf
"site, monasteries, cites and places [CD ROM]",DOCUMENTALES.pdf
Archivo histórico del movimiento homosexual en,DOCUMENTALES.pdf
México,DOCUMENTALES.pdf
Personas adultas mayores [CD-ROM]: personas que,DOCUMENTALES.pdf
viven con VIH/SIDA ; personas con discapacidad,DOCUMENTALES.pdf
"Desafíos económicos, fiscales y judiciales (Foro",DOCUMENTALES.pdf
Internacional sobre la No-Discriminación),DOCUMENTALES.pdf
Sistema para la consulta de información de,DOCUMENTALES.pdf
estadisticas sobre relaciones laborales de jurisdicc,DOCUMENTALES.pdf
Libaneses en México [CD-ROM],DOCUMENTALES.pdf
Compila Tratados VIII (Instrumentos Internacionales,DOCUMENTALES.pdf
y su correlación con las tesis emitidas por el Poder,DOCUMENTALES.pdf
Judicial de la Federación 2008,DOCUMENTALES.pdf
Historia del pensamiento económico: economía y,DOCUMENTALES.pdf
empresa [CD-ROM],DOCUMENTALES.pdf
Panorama anual del observatorio laboral mexicano,DOCUMENTALES.pdf
-2006,DOCUMENTALES.pdf
Empresa incluyente [CD-ROM]: por una nueva,DOCUMENTALES.pdf
cultura laboral 2003-2005,DOCUMENTALES.pdf
Patrimonio natural de México: cien casos de éxito,DOCUMENTALES.pdf
Relatos sobre energía,DOCUMENTALES.pdf
"Foro, periódico de legislación y jurisprudencia 1876-",DOCUMENTALES.pdf
Compila tratados IV [CD-ROM}: instrumentos,DOCUMENTALES.pdf
internacionales,DOCUMENTALES.pdf
Diagnostico sobre la implementacion de la reforma,DOCUMENTALES.pdf
constitucional de derechos humanos de 2011,DOCUMENTALES.pdf
La constitucion y su interpretacion por el poder,DOCUMENTALES.pdf
judicial de la federacion,DOCUMENTALES.pdf
Justicia fiscal y administrativa 2005 [CD-ROM],DOCUMENTALES.pdf
Legislación fiscal y su interpretación por el Poder,DOCUMENTALES.pdf
Judicial de la Federación [CD-ROM],DOCUMENTALES.pdf
Régimen jurídico del deporte en México,DOCUMENTALES.pdf
Catálogo de reglamentos de agua en México siglo,DOCUMENTALES.pdf
Legislación penal y su interpretación por el Poder,DOCUMENTALES.pdf
"IUS 2010 Jurisprudencisa y Tesis Aisladas, Junio 1917-",DOCUMENTALES.pdf
Junio 2010,DOCUMENTALES.pdf
Esto no es un cuento... es trata de personas [CD-,DOCUMENTALES.pdf
Legislación civil y su interpretación por el Poder,DOCUMENTALES.pdf
Legislación mercantil y su interpretación por el,DOCUMENTALES.pdf
Poder Judicial de la Federación [CD-ROM],DOCUMENTALES.pdf
Decisiones relevantes de la suprema corte de,DOCUMENTALES.pdf
justicia de la nacion,DOCUMENTALES.pdf
IUS 2004 [CD-ROM]: jurisprudencia y tesis aisladas,DOCUMENTALES.pdf
"junio 1917- jullio 2004 CD 1,CD 2, CD 3",DOCUMENTALES.pdf
junio 1917- jullio 2004 CD 1,DOCUMENTALES.pdf
Compila VIII [CD-ROM]: legislación federal y del,DOCUMENTALES.pdf
Distrito Federal 2003,DOCUMENTALES.pdf
Boletin del archivo general de la nacion,DOCUMENTALES.pdf
Data systems: a road safety manual,DOCUMENTALES.pdf
Las Huellas del Silencio,DOCUMENTALES.pdf
Sistema para la consulta de informacion de,DOCUMENTALES.pdf
estadistica judiciales en materia penal,DOCUMENTALES.pdf
"Centenario de Lecumberri, El [CD-ROM]",DOCUMENTALES.pdf
Asesor pedagógico de secundaria [CD-ROM],DOCUMENTALES.pdf
Aprender a aprender [CD-ROM]: plus 16,DOCUMENTALES.pdf
"Aprendizajes, Tecnologías: Realidades y perspectivas CD 371.334 S45",DOCUMENTALES.pdf
Conoces la canción? [CD-ROM]: música en inglés,DOCUMENTALES.pdf
Memorias del primer encuentro de teoría de,DOCUMENTALES.pdf
optimidad en el CIESAS [CD-ROM],DOCUMENTALES.pdf
Himno Nacional Mexicano,DOCUMENTALES.pdf
Consultor matemático [CD-ROM],DOCUMENTALES.pdf
Galdós,DOCUMENTALES.pdf
Complementos de matemáticas [CD-ROM],DOCUMENTALES.pdf
Álgebra y mathematica [CD-ROM],DOCUMENTALES.pdf
Iniciación a las matemáticas empresariales [CD-,DOCUMENTALES.pdf
Vectores,DOCUMENTALES.pdf
Dominando el espacio: Geometría,DOCUMENTALES.pdf
Travesía por el cosmos [CD-ROM],DOCUMENTALES.pdf
"Sistema solar, El [CD-ROM]",DOCUMENTALES.pdf
Química 1 : Química inorgánica,DOCUMENTALES.pdf
Guía para la interpretación de cartografía de erosión,DOCUMENTALES.pdf
del suelo escala 1: 250 000,DOCUMENTALES.pdf
"Mamiferos, Los",DOCUMENTALES.pdf
Didavision: Ideas que cambiaron al mundo,DOCUMENTALES.pdf
Didavision:Eventos que cambiaron al mundo,DOCUMENTALES.pdf
Tecnología electrónica :Libro electrónico,DOCUMENTALES.pdf
Auditoria {CD-ROM},DOCUMENTALES.pdf
Museo virreinal de Zinacantepec [05],DOCUMENTALES.pdf
Museo taller Nishizawa [03],DOCUMENTALES.pdf
Arte Moderno [01],DOCUMENTALES.pdf
Culturas populares [02],DOCUMENTALES.pdf
Felipe Santago Gutierrez [04],DOCUMENTALES.pdf
Los grandes momentos del arte Vol 1,DOCUMENTALES.pdf
Los grandes momentos del arte Vol 2,DOCUMENTALES.pdf
Los grandes momentos del arte Vol 3,DOCUMENTALES.pdf
Los grandes momentos del arte Vol 4,DOCUMENTALES.pdf
Los grandes momentos del arte Vol 5,DOCUMENTALES.pdf
Los grandes momentos del arte Vol 6,DOCUMENTALES.pdf
Los grandes momentos del arte Vol 7,DOCUMENTALES.pdf
Los grandes momentos del arte Vol 8,DOCUMENTALES.pdf
Los grandes momentos del arte Vol 9,DOCUMENTALES.pdf
Los grandes momentos del arte Vol 10,DOCUMENTALES.pdf
Los grandes momentos del arte Vol 11,DOCUMENTALES.pdf
Los grandes momentos del arte Vol 12,DOCUMENTALES.pdf
Historia universal del arte : el museo ideal del siglo,DOCUMENTALES.pdf
Enciclopedia electrónica mesoamericana Vol 1,DOCUMENTALES.pdf
Enciclopedia electrónica mesoamericana Vol 2,DOCUMENTALES.pdf
Enciclopedia electrónica mesoamericana Vol 3,DOCUMENTALES.pdf
Enciclopedia electrónica mesoamericana Vol 4,DOCUMENTALES.pdf
Enciclopedia electrónica mesoamericana Vol 5,DOCUMENTALES.pdf
Enciclopedia electrónica mesoamericana Vol 6,DOCUMENTALES.pdf
Enciclopedia electrónica mesoamericana Vol 7,DOCUMENTALES.pdf
Enciclopedia electrónica mesoamericana Vol 8,DOCUMENTALES.pdf
Enciclopedia electrónica mesoamericana Vol 9,DOCUMENTALES.pdf
Enciclopedia electrónica mesoamericana Vol 10,DOCUMENTALES.pdf
Enciclopedia electrónica mesoamericana Vol 11,DOCUMENTALES.pdf
Enciclopedia electrónica mesoamericana Vol 12,DOCUMENTALES.pdf
Enciclopedia electrónica mesoamericana Vol 13,DOCUMENTALES.pdf
Enciclopedia electrónica mesoamericana Vol 16,DOCUMENTALES.pdf
Enciclopedia electrónica mesoamericana Vol 18,DOCUMENTALES.pdf
Enciclopedia electrónica mesoamericana Vol 19,DOCUMENTALES.pdf
Enciclopedia electrónica mesoamericana Vol 22,DOCUMENTALES.pdf
Enciclopedia electrónica mesoamericana Vol 23,DOCUMENTALES.pdf
Enciclopedia electrónica mesoamericana Vol 24,DOCUMENTALES.pdf
Enciclopedia electrónica mesoamericana Vol 27,DOCUMENTALES.pdf
Enciclopedia electrónica mesoamericana Vol 28,DOCUMENTALES.pdf
Enciclopedia electrónica mesoamericana Vol 34,DOCUMENTALES.pdf
Stories to tell in company of others,DOCUMENTALES.pdf
Time-saber standards for Landscape architecture,DOCUMENTALES.pdf
edition 1.0,DOCUMENTALES.pdf
Cultura heritage of Kosovo and Metohija [CD ROM],DOCUMENTALES.pdf
Internacional The monasteries of the Fruske Gora,DOCUMENTALES.pdf
Internacional Monastery Moraca|,DOCUMENTALES.pdf
Internacional Gracanica Monastery,DOCUMENTALES.pdf
Cuadernos de Arquitectura INBA,DOCUMENTALES.pdf
Mejores prácticas internacionales de diseño,DOCUMENTALES.pdf
universal,DOCUMENTALES.pdf
Memoria del proyecto [CD ROM] miss Lupita,DOCUMENTALES.pdf
Mileseva,DOCUMENTALES.pdf
México en un espejo: los ex votos de San Juan de los,DOCUMENTALES.pdf
lagos,DOCUMENTALES.pdf
Colección Tabasco,DOCUMENTALES.pdf
Homenaje Nacional a Débora Arango,DOCUMENTALES.pdf
El mundo indigena: iconografía de la luz Volumen 1,DOCUMENTALES.pdf
El mundo indigena: iconografía de la luz Volumen 2,DOCUMENTALES.pdf
El mundo indigena: iconografía de la luz Volumen 4,DOCUMENTALES.pdf
El mundo indigena: iconografía de la luz Volumen 3,DOCUMENTALES.pdf
El mundo indigena: iconografía de la luz Volumen 5,DOCUMENTALES.pdf
El mundo indigena: iconografía de la luz Volumen 6,DOCUMENTALES.pdf
Sembrando sonidos; música y voces de la niñez,DOCUMENTALES.pdf
oaxaqueña,DOCUMENTALES.pdf
Bailes Folkloricos de México,DOCUMENTALES.pdf
Epnepaniuhqui Nácar (ritual Alegórico para,DOCUMENTALES.pdf
percusiones),DOCUMENTALES.pdf
Treinta y cuatro sonatas de un manuscrito ánonimo,DOCUMENTALES.pdf
del siglo XVIII,DOCUMENTALES.pdf
Ciudad Infierno; Eln teatro de Julio Castillo,DOCUMENTALES.pdf
"Julio Castillo ""El niño que no me deja en paz",DOCUMENTALES.pdf
En batalla: el teatro de Ludwik Margules,DOCUMENTALES.pdf
Miguel Sabido: el teatro ritual,DOCUMENTALES.pdf
"Ignacio Retes : ""Ocupación teatrista",DOCUMENTALES.pdf
Melo Tomsich : El fuego de la pasión incendiando la,DOCUMENTALES.pdf
danza,DOCUMENTALES.pdf
Bailes Folkloricos de México Música Festiva,DOCUMENTALES.pdf
La piramide del saber {CD ROM},DOCUMENTALES.pdf
Cervantes y su obra,DOCUMENTALES.pdf
Cincuenta y dos de las más relevantes obras de la,DOCUMENTALES.pdf
literatura universal,DOCUMENTALES.pdf
Treinta y ocho de las más relevantes obras de la,DOCUMENTALES.pdf
literatura universal a tu alcance II,DOCUMENTALES.pdf
El viaje entretenido Huerta Calvo Javier,DOCUMENTALES.pdf
Alfonso Reyes digital [CD-ROM]: obras completas y,DOCUMENTALES.pdf
dos epistolarios,DOCUMENTALES.pdf
Hazarski recnik [CD-ROM],DOCUMENTALES.pdf
Khazars: lexicon cosri,DOCUMENTALES.pdf
arraciones mayas,DOCUMENTALES.pdf
Kuxa´an t´aan: voz de Mayab [grabación sonora],DOCUMENTALES.pdf
Cantares de cuetzalan: Nekuikatilmej tein poemas,DOCUMENTALES.pdf
en español y náhuatl 1973,DOCUMENTALES.pdf
Temas de historia oral de dos naciones de América,DOCUMENTALES.pdf
Latina [CD-ROM]: Argentina y México,DOCUMENTALES.pdf
Las 104 ciudades del patrimonio mundial (UNESCO)  CD 911 C53,DOCUMENTALES.pdf
Biografias de personajes hy sus obras,DOCUMENTALES.pdf
Protagonistas de la gran historia de México,DOCUMENTALES.pdf
Benito Juárez: biografía [DVD]: Bicentenario de su,DOCUMENTALES.pdf
atalicio,DOCUMENTALES.pdf
San Luis Potosí en la obra de Francisco de la Maza:,DOCUMENTALES.pdf
antología crítica,DOCUMENTALES.pdf
Enciclopedia Histórica del renacimiento {CD-ROM},DOCUMENTALES.pdf
Taiwan yearbook 2005 {cd-rom}/ Government,DOCUMENTALES.pdf
Informa,DOCUMENTALES.pdf
Enciclopedia multimedia de México (Culturas,DOCUMENTALES.pdf
Prehispánicas) vol.1,DOCUMENTALES.pdf
Enciclopedia multimedia de México,DOCUMENTALES.pdf
vol.2,DOCUMENTALES.pdf
vol.3,DOCUMENTALES.pdf
Enciclopedia multimedia de México (La nueva,DOCUMENTALES.pdf
España) vol.5,DOCUMENTALES.pdf
Enciclopedia multimedia de México (México siglo,DOCUMENTALES.pdf
XIX) vol.8,DOCUMENTALES.pdf
México 1900-2000 Un siglo en imágenes {cd-rom},DOCUMENTALES.pdf
México: un paseo por la historia,DOCUMENTALES.pdf
Rutas sonoras del bicentenario; Fonoteca Nacional,DOCUMENTALES.pdf
Huaves Disco Pueblos indigenas del México,DOCUMENTALES.pdf
contemporáneo interactivo,DOCUMENTALES.pdf
Visiones de la arqueología en el siglo XXI: simposio,DOCUMENTALES.pdf
Roman Piña,DOCUMENTALES.pdf
La concha en los ornamentos del atavío de los,DOCUMENTALES.pdf
dioses mexica,DOCUMENTALES.pdf
La Independencia de México 1810,DOCUMENTALES.pdf
Momentos estelares del Ejército y Fuerza Aérea,DOCUMENTALES.pdf
Mexicanos,DOCUMENTALES.pdf
José Maria Morelos y Pavón documentos de su vida,DOCUMENTALES.pdf
y lucha revolucionaria,DOCUMENTALES.pdf
La guerra de 1846-1848 En defensa de la patria,DOCUMENTALES.pdf
Documentos Históricos de la revolución mexicana,DOCUMENTALES.pdf
"México, su revolución y su historia",DOCUMENTALES.pdf
Revolución mexicana,DOCUMENTALES.pdf
Del quehacer al hacer en el centro INAH Querétaro,DOCUMENTALES.pdf
Ovnis. Nuestro pasado extraterrestre,DOCUMENTALES.pdf
Organización y catalogacion del archivo de Ernesto,DOCUMENTALES.pdf
Garcia Cabral,DOCUMENTALES.pdf
Metodo multimodal de catalogacion visual para la,DOCUMENTALES.pdf
difucion electronica de archivos,DOCUMENTALES.pdf
México en la Memoria del Mundo (La obra Fray,DOCUMENTALES.pdf
Bernardino de sahagún) VOL 1,DOCUMENTALES.pdf
México en la Memoria del Mundo(Dos cédulas,DOCUMENTALES.pdf
reales:Titulo de villa y escudo de armas de xalapa),DOCUMENTALES.pdf
VOL 2,DOCUMENTALES.pdf
México en la Memoria del Mundo (Expediente 1715,DOCUMENTALES.pdf
con restos de un colibri del Fondo de la Inquisición),DOCUMENTALES.pdf
VOL 3,DOCUMENTALES.pdf
México en la Memoria del Mundo(Archivo de,DOCUMENTALES.pdf
"comerciantes,1757 a 1850)VOL4",DOCUMENTALES.pdf
México en la Memoria del Mundo(Los archivos de,DOCUMENTALES.pdf
tres tesoros de la cultural popular mexicana)VOL 5,DOCUMENTALES.pdf
México en la Memoria del Mundo(El Códice de,DOCUMENTALES.pdf
"Cuaxicala,Municipio dé huauchinango)VOL 6",DOCUMENTALES.pdf
México en la Memoria del Mundo(Fondo,DOCUMENTALES.pdf
correspondencia de Virreyes 1664-1821)VOL7,DOCUMENTALES.pdf
México en la Memoria del Mundo(50 encuentros de,DOCUMENTALES.pdf
música y danza indígena) VOL 8,DOCUMENTALES.pdf
"México en la Memoria del Mundo ""Aqui nos toco",DOCUMENTALES.pdf
"vivir"". Videogramas 1978-2009)VOL 9",DOCUMENTALES.pdf
México en la Memoria del Mundo(Publicaciones,DOCUMENTALES.pdf
periódicas mexicanas(1728-1917)de la hemeroteca,DOCUMENTALES.pdf
acional)VOL 10,DOCUMENTALES.pdf
"Guinness world records, 1 :",DOCUMENTALES.pdf
"Guinness world records, 2 :",DOCUMENTALES.pdf
"Guinness world records, 3 :",DOCUMENTALES.pdf
Mundos espectaculares [videograbación],DOCUMENTALES.pdf
"Vázquez, Christian Regnier",DOCUMENTALES.pdf
El big-bang dentro de ti,DOCUMENTALES.pdf
"Mente humana, La: V.3 Haciendo amigos",DOCUMENTALES.pdf
Cortando y Pegando Cuerpos Movimientos en,DOCUMENTALES.pdf
Percepcion,DOCUMENTALES.pdf
Ciencias ocultas V.1,DOCUMENTALES.pdf
Ciencias ocultas V.2,DOCUMENTALES.pdf
Ciencias ocultas V.3,DOCUMENTALES.pdf
Ciencias ocultas V.4,DOCUMENTALES.pdf
Moisés,DOCUMENTALES.pdf
La batalla de Josué,DOCUMENTALES.pdf
David el gigante,DOCUMENTALES.pdf
Las cruzadas,DOCUMENTALES.pdf
Antiguos héroes griegos,DOCUMENTALES.pdf
Medusa,DOCUMENTALES.pdf
Hércules,DOCUMENTALES.pdf
Hades :el infierno de los griegos,DOCUMENTALES.pdf
iño fidencio,DOCUMENTALES.pdf
Profecias mayas,DOCUMENTALES.pdf
Ocho candelas,DOCUMENTALES.pdf
Scientology: una perspectiva general,DOCUMENTALES.pdf
De la tele a la boca una reflexión sobre desarrollo,DOCUMENTALES.pdf
infantil y salud,DOCUMENTALES.pdf
Palabra de fotógrafo testimonios sobre el 68,DOCUMENTALES.pdf
Trinchera sonora voces y miradas de radio,DOCUMENTALES.pdf
venceremos,DOCUMENTALES.pdf
Llanura del rio de la vida,DOCUMENTALES.pdf
Mongoles y nenets vivir en siviera,DOCUMENTALES.pdf
Pigmeos y hamer: crecer en africa,DOCUMENTALES.pdf
Guaranis: el pueblo de la selva,DOCUMENTALES.pdf
Himalaya: las fuentes del Gnages,DOCUMENTALES.pdf
Bengala: el delta de la esperansa,DOCUMENTALES.pdf
Mnong: los ultimos jinetes de elefantes,DOCUMENTALES.pdf
Planeta humano,DOCUMENTALES.pdf
Más allá del reglamento avatares de un embajador,DOCUMENTALES.pdf
mexicano Vicente Muñoz Arroyo 1974-1977,DOCUMENTALES.pdf
Km. C-62 un nómada del riel,DOCUMENTALES.pdf
Te vimos un segundo ─,DOCUMENTALES.pdf
Los que se quedan,DOCUMENTALES.pdf
Para tratarnos igual (P.Temporada),DOCUMENTALES.pdf
Para tratarnos igual (S.Temporada),DOCUMENTALES.pdf
Trincheras compartidas entre mujeres y hombres:,DOCUMENTALES.pdf
Felicitas,DOCUMENTALES.pdf
Voces de mujeres de la Costa Chica de Guerrero y,DOCUMENTALES.pdf
Oaxaca [videograbación],DOCUMENTALES.pdf
Trabajo domestico:trabajo decente,DOCUMENTALES.pdf
Sueños y palabras sabias de las comunidades,DOCUMENTALES.pdf
tsotsiles y tseltales,DOCUMENTALES.pdf
Este México lo conocemos mejor que el mapa,DOCUMENTALES.pdf
Las americas tienen color,DOCUMENTALES.pdf
La tierra de los tepehuas,DOCUMENTALES.pdf
Atempa:sueños a orillas del rio,DOCUMENTALES.pdf
Contribuyendo en la construcción de la sociedad,DOCUMENTALES.pdf
(incluyente),DOCUMENTALES.pdf
"Cine indigenista, El (La música y los mixes)",DOCUMENTALES.pdf
"Cine indigenista, El (Jíkuri Neirra) : la danza del",DOCUMENTALES.pdf
peyote,DOCUMENTALES.pdf
"Cine indigenista, El (Semana Santa entre los mayos",DOCUMENTALES.pdf
"Cine indigenista, El (Una mayordomía)",DOCUMENTALES.pdf
"Cine indigenista, El (Cuando la niebla levante)",DOCUMENTALES.pdf
"Cine indigenista, El",DOCUMENTALES.pdf
"Cine indigenista, El (Con el alma entre los dientes)(2) DVD 306,08972 C56",DOCUMENTALES.pdf
"Cine indigenista, El (Papaloapan mazatecos)",DOCUMENTALES.pdf
"Cine indigenista, El (En clave de sol)",DOCUMENTALES.pdf
"Cine indigenista, El (Tierra de los tepehuas, La)",DOCUMENTALES.pdf
"Cine indigenista, El (Mara'acame cantador y",DOCUMENTALES.pdf
curandero),DOCUMENTALES.pdf
de los indios kikapú),DOCUMENTALES.pdf
"Cine indigenista, El (Nuevos horizontes)",DOCUMENTALES.pdf
Conducta  impropia,DOCUMENTALES.pdf
Pueblos indígenas de México 1 : Una danza de moros,DOCUMENTALES.pdf
y cristianos,DOCUMENTALES.pdf
Pueblos indígenas de México 2: Pidiendo vida,DOCUMENTALES.pdf
Pueblos indígenas de México 3: Generación  futura,DOCUMENTALES.pdf
Pueblos indígenas de México 4: Saname con tu,DOCUMENTALES.pdf
poder,DOCUMENTALES.pdf
Pueblos indígenas de México 5: La fiesta de la,DOCUMENTALES.pdf
canasta,DOCUMENTALES.pdf
Pueblos indígenas de México 6: Conciencia de vida,DOCUMENTALES.pdf
Pueblos indígenas de México 7: Construyendo,DOCUMENTALES.pdf
comunidades,DOCUMENTALES.pdf
Pueblos indígenas de México 8: Policia comunitaria,DOCUMENTALES.pdf
Pueblos indígenas de México 9: Caracol purpura,DOCUMENTALES.pdf
Pueblos indígenas de México 10: La judea nayeerijte,DOCUMENTALES.pdf
Cha'anil paax yeetel kaayro'ob le maya 'o ok 'ot,DOCUMENTALES.pdf
Vaquería,DOCUMENTALES.pdf
De fiestas y mujeres en juchitán,DOCUMENTALES.pdf
Alicia en el subterraneo (Historia no oficial del,DOCUMENTALES.pdf
multiforo Alicia),DOCUMENTALES.pdf
Hñahni. Palabras para buscar un mezquite,DOCUMENTALES.pdf
Una amauroto p urhepecha,DOCUMENTALES.pdf
La historia Del Fascismo,DOCUMENTALES.pdf
República Árabe Saharaui Democrática,DOCUMENTALES.pdf
Herencia del tirano [videograbación]: Balaguer y el,DOCUMENTALES.pdf
"poder,La",DOCUMENTALES.pdf
El poder del jefe I (un largometraje de Rafael,DOCUMENTALES.pdf
El poder del jefe II,DOCUMENTALES.pdf
El poder del jefe III,DOCUMENTALES.pdf
"Violencia del poder los doce años de Balaguer, La",DOCUMENTALES.pdf
Flor en otomi,DOCUMENTALES.pdf
"Revolución de los alcatraces, La",DOCUMENTALES.pdf
Lecciones veloz para Zafirah,DOCUMENTALES.pdf
De Dolor y esperanza el asilo un pasado presente,DOCUMENTALES.pdf
Of pain and hope : asylum a past that is still present,DOCUMENTALES.pdf
Llegada de los niños españoles a la ciudad de,DOCUMENTALES.pdf
Los herederos de humboldt,DOCUMENTALES.pdf
Swords life on the line : primera temporada,DOCUMENTALES.pdf
"Island of Peace, The",DOCUMENTALES.pdf
Super amigos,DOCUMENTALES.pdf
Foro: Hacia el Diseño de Estrategias a Favor de las,DOCUMENTALES.pdf
"víctimas del Delito, Manzanillo, Colima",DOCUMENTALES.pdf
"Batalla de las cruces,La",DOCUMENTALES.pdf
Todavia cantamos,DOCUMENTALES.pdf
"Colección Encuentro "" 0 CD de Navegación",DOCUMENTALES.pdf
Colección Encuentro #1 Historia de un país,DOCUMENTALES.pdf
Colección Encuentro # 2 Geografías,DOCUMENTALES.pdf
Colección Encuentro # 4 Pequeños universos,DOCUMENTALES.pdf
Colección Encuentro # 6 La palabra/ Escritores en,DOCUMENTALES.pdf
primera persona,DOCUMENTALES.pdf
Colección Encuentro #7 Contraplano,DOCUMENTALES.pdf
Colección Encuentro # 8 Deporte Argentino,DOCUMENTALES.pdf
Colección Encuentro # 9 Azulunala,DOCUMENTALES.pdf
Colección Encuentro # 11 El monitor,DOCUMENTALES.pdf
Colección Encuentro # 12 Paseando con los,DOCUMENTALES.pdf
dinosaurios,DOCUMENTALES.pdf
Colección Encuentro # 13 El cuerpo humano,DOCUMENTALES.pdf
UNAM México [videograbación] : guía de sitios y,DOCUMENTALES.pdf
espacios,DOCUMENTALES.pdf
Resistencia Modulada 3,DOCUMENTALES.pdf
learn china´s,DOCUMENTALES.pdf
Yaavi,DOCUMENTALES.pdf
¿Qué sueñan las cabras?,DOCUMENTALES.pdf
"Xantolo : el día que se unen el cielo, la tierra y el",DOCUMENTALES.pdf
inframundo,DOCUMENTALES.pdf
Dia del niño Bvasconcelos,DOCUMENTALES.pdf
Memuti autsiemíeme,DOCUMENTALES.pdf
Auka! Mitología yumana,DOCUMENTALES.pdf
aandi,DOCUMENTALES.pdf
Arrullos y sentimientos de los mazatecos,DOCUMENTALES.pdf
Los niños piensan sobre la escritura,DOCUMENTALES.pdf
The vampire´s Tears,DOCUMENTALES.pdf
Esperanto,DOCUMENTALES.pdf
Ciencia y tecnología [videograbación] I,DOCUMENTALES.pdf
Ciencia y tecnología [videograbación] II,DOCUMENTALES.pdf
Ciencia y tecnología [videograbación] III,DOCUMENTALES.pdf
Ecuaciones diferenciales,DOCUMENTALES.pdf
Estadistica a priori y a posteriori,DOCUMENTALES.pdf
Como matsimisar ganancias,DOCUMENTALES.pdf
"Cosmos,El:Carl Sagan",DOCUMENTALES.pdf
"Universo, El [videograbación]",DOCUMENTALES.pdf
"Universo, El [videograbación] Contiene 4 CD´S",DOCUMENTALES.pdf
Los Planetas,DOCUMENTALES.pdf
Sistema solar [videograbación],DOCUMENTALES.pdf
¿Qué onda con la gravitacion?,DOCUMENTALES.pdf
Earthlight special edition,DOCUMENTALES.pdf
Planeta Tierra como nunca lo habias visto,DOCUMENTALES.pdf
Planeta Tierra V.1 :De polo a polo /Las,DOCUMENTALES.pdf
montañas/Llanuras/Selvas,DOCUMENTALES.pdf
Planeta Tierra V.2 :Bajios /Bosques/Oceanos,DOCUMENTALES.pdf
profundo/El agua dulce/Las cuevas,DOCUMENTALES.pdf
Planeta Tierra V.3 : Los deseirtos /Mundo de hielo/El,DOCUMENTALES.pdf
futuro,DOCUMENTALES.pdf
"Tierra, La : El poder del planeta V.1 Volcanes /",DOCUMENTALES.pdf
Atmosfera,DOCUMENTALES.pdf
"Tierra,La : El poder del planeta V.3 La excepcional",DOCUMENTALES.pdf
tierra,DOCUMENTALES.pdf
Seis grados que podrían cambiar el mundo Six,DOCUMENTALES.pdf
degrees could change the world,DOCUMENTALES.pdf
Océano viviente,DOCUMENTALES.pdf
Planeta azul: DVD 1. Una historia natural de los,DOCUMENTALES.pdf
océanos (el abismo) 2.  (Haciendo olas,DOCUMENTALES.pdf
Profundidades en peligro) 3. (Mareas océanicas,DOCUMENTALES.pdf
Costas) 4. (Océano abiertp: Mares congelados) 5,DOCUMENTALES.pdf
Atlantis [videograbación]: Un mundo más allá de las,DOCUMENTALES.pdf
palabras,DOCUMENTALES.pdf
En las profundidades del océano,DOCUMENTALES.pdf
Clima extremo tornado,DOCUMENTALES.pdf
ature´s fury,DOCUMENTALES.pdf
Discovery Channel,DOCUMENTALES.pdf
"Animales y plantas [videograbación]: 1. Aves, peces",DOCUMENTALES.pdf
"mamíferos, caballos salvajes",DOCUMENTALES.pdf
Animales y plantas [videograbación]: 2. Insectos y,DOCUMENTALES.pdf
"reptiles, volcanes y líquenes, dinosaurios, el mundo",DOCUMENTALES.pdf
vegetal,DOCUMENTALES.pdf
Home nuestro planeta,DOCUMENTALES.pdf
Vida,DOCUMENTALES.pdf
Reino animal: Cita en la antartida,DOCUMENTALES.pdf
Reino animal: El Ecuador el poder del sol,DOCUMENTALES.pdf
Reino animal: El Ecuador el poder del frio,DOCUMENTALES.pdf
Reino animal:La gran migración,DOCUMENTALES.pdf
Reino animal: Hormigas gigantes,DOCUMENTALES.pdf
Reino animal: El lobo de Etiopia,DOCUMENTALES.pdf
Reino animal: El reino del orangutan,DOCUMENTALES.pdf
Reino animal: Magia en indonesia,DOCUMENTALES.pdf
Discovery Channel (León vs Tigre) [videograbación],DOCUMENTALES.pdf
Alas de sobrevivencia,DOCUMENTALES.pdf
la ballena; tras las huellas del caribú,DOCUMENTALES.pdf
[videograbación] Vol. 2,DOCUMENTALES.pdf
pasos del oso blanco [videograbación]  Vol. 3,DOCUMENTALES.pdf
Vida a sangre fria,DOCUMENTALES.pdf
Cazadores letales [videograbación],DOCUMENTALES.pdf
Galápagos,DOCUMENTALES.pdf
Spidermania,DOCUMENTALES.pdf
Cocodrilos asesinos,DOCUMENTALES.pdf
"Vida de las aves, La",DOCUMENTALES.pdf
Enemigos eternos: hienas y leones,DOCUMENTALES.pdf
Linea de batalla,DOCUMENTALES.pdf
Grizzly man [videograbación],DOCUMENTALES.pdf
"Hombre, El",DOCUMENTALES.pdf
Increible maquina humana: la,DOCUMENTALES.pdf
Cerebro [videograbación]: el universo dentro de,DOCUMENTALES.pdf
sotros: 5. Más allá de la mente,DOCUMENTALES.pdf
Super engordame,DOCUMENTALES.pdf
Pilates y yoga para principiantes,DOCUMENTALES.pdf
El placer de la relajacion,DOCUMENTALES.pdf
Cárcdel de carne [videograbación],DOCUMENTALES.pdf
"Oyé, bájale el volumen [videograbación]",DOCUMENTALES.pdf
El octavo día,DOCUMENTALES.pdf
Mi multi es mi multi : historia oral del Multifamiliar,DOCUMENTALES.pdf
Miguel Alemán,DOCUMENTALES.pdf
La luna en calzones ; La institutriz de Arcimboldo,DOCUMENTALES.pdf
México en Alemania y Austria [videograbación],DOCUMENTALES.pdf
México en Francia [videograbación],DOCUMENTALES.pdf
México en Gran Bretaña [videograbación],DOCUMENTALES.pdf
México en Italia y en el Vaticano [videograbación],DOCUMENTALES.pdf
Ars Magna : historia del arte universal Vol 1,DOCUMENTALES.pdf
Ars Magna : historia del arte universal Vol 2,DOCUMENTALES.pdf
Ars Magna : historia del arte universal Vol 3,DOCUMENTALES.pdf
Ars Magna : historia del arte universal Vol 4,DOCUMENTALES.pdf
Ars Magna : historia del arte universal Vol 5,DOCUMENTALES.pdf
Ars Magna : historia del arte universal Vol 6,DOCUMENTALES.pdf
Ars Magna : historia del arte universal Vol 7,DOCUMENTALES.pdf
Ars Magna : historia del arte universal Vol 8,DOCUMENTALES.pdf
Ars Magna : historia del arte universal Vol 9,DOCUMENTALES.pdf
Ars Magna : historia del arte universal Vol 10,DOCUMENTALES.pdf
Historia y arte {videograbación} Vol 1,DOCUMENTALES.pdf
Historia y arte {videograbación} Vol 2,DOCUMENTALES.pdf
Historia y arte {videograbación} Vol 3,DOCUMENTALES.pdf
The tiger lives [videograbación],DOCUMENTALES.pdf
El baño de Artemisa [videograbación],DOCUMENTALES.pdf
Campo abierto [videograbación],DOCUMENTALES.pdf
Logbook 1-11 (bitácora en video) 2011-2014,DOCUMENTALES.pdf
El buen restaurador ama lo antiguo testimonio del,DOCUMENTALES.pdf
arquitecto Ricardo de Robina,DOCUMENTALES.pdf
Tradición o modernidad reto de una generación :,DOCUMENTALES.pdf
testimonio del arquitecto Luis Ortiz Macedo,DOCUMENTALES.pdf
San Luis Potosí,DOCUMENTALES.pdf
Oscar Niemeyer [videograbación] el arquitecto del,DOCUMENTALES.pdf
Cincuenta años de historia Auditorio Nacional,DOCUMENTALES.pdf
Las claves del romántico Vol 1,DOCUMENTALES.pdf
Las claves del romántico Vol 2,DOCUMENTALES.pdf
Las claves del romántico Vol 3,DOCUMENTALES.pdf
"Juan O Gorman y la biblioteca Prior, Jorge",DOCUMENTALES.pdf
El invierno de Houdon,DOCUMENTALES.pdf
El hombre del turbante,DOCUMENTALES.pdf
El festin de Herodes de Donatello [videograbación],DOCUMENTALES.pdf
Malgré Tout [videograbación],DOCUMENTALES.pdf
Tierra brillante: el sueño de una mujer purepecha,DOCUMENTALES.pdf
por que su tierra vuelva a brillar,DOCUMENTALES.pdf
"El pastoral de Conile"" de Jean Moulin",DOCUMENTALES.pdf
Manitas mágicas III,DOCUMENTALES.pdf
El poder del arte [videograbación] : la historia de Vol,DOCUMENTALES.pdf
SVMMA Pictorica : Historia Universal de la pintura,DOCUMENTALES.pdf
Vol I,DOCUMENTALES.pdf
Vol II,DOCUMENTALES.pdf
Vol III,DOCUMENTALES.pdf
Vol IV,DOCUMENTALES.pdf
Vol V,DOCUMENTALES.pdf
Vol VI,DOCUMENTALES.pdf
Vol VII,DOCUMENTALES.pdf
Vol VIII,DOCUMENTALES.pdf
Vol IX,DOCUMENTALES.pdf
Vol X,DOCUMENTALES.pdf
La señora de Senonnes,DOCUMENTALES.pdf
El cristo de Pretorio,DOCUMENTALES.pdf
La danza inconclusa de Matisse,DOCUMENTALES.pdf
La recepción de Enrique de Orleans duque de,DOCUMENTALES.pdf
Longuev,DOCUMENTALES.pdf
La virgen de guirnalda,DOCUMENTALES.pdf
Leonardo da Vinci y la música,DOCUMENTALES.pdf
Las viejas y las jóvenes de Francisco Goya,DOCUMENTALES.pdf
Los murales perdidos de Roberto Montenegro,DOCUMENTALES.pdf
El papa San Gregorio rodeado de Santos y Santas de DVD 759.9493 E43 P36,DOCUMENTALES.pdf
Doscientos segundos : una visión de la historia de,DOCUMENTALES.pdf
Moacir: arte bruto,DOCUMENTALES.pdf
Cuatrocientos cincuenta años de lucha: homenaje al,DOCUMENTALES.pdf
pueblo mexicano,DOCUMENTALES.pdf
El estudiante perseguido por un crs en vieux colomb,DOCUMENTALES.pdf
Spencer Tunick: en México,DOCUMENTALES.pdf
Luminico una experiencia visual en concierto hacia,DOCUMENTALES.pdf
el interior de la conciencia,DOCUMENTALES.pdf
Sombras de la noche: compositores,DOCUMENTALES.pdf
Cuando vayas al fandango,DOCUMENTALES.pdf
En clave de sol,DOCUMENTALES.pdf
Cuando la rumba nos conoció,DOCUMENTALES.pdf
Timbiriche: La misma piedra,DOCUMENTALES.pdf
Espiritu de las artes [videograbación],DOCUMENTALES.pdf
La traviata [videograbación],DOCUMENTALES.pdf
Turandot,DOCUMENTALES.pdf
Luis Pescentti: no quiero ir a dormir,DOCUMENTALES.pdf
Tiajuana: sonidos del Nortec,DOCUMENTALES.pdf
Cuarteto Latinoamericano [videograbación] 30 aniv,DOCUMENTALES.pdf
Ópera prima [videograbación] ¡La banda!,DOCUMENTALES.pdf
aniversario Centro Cultural del Bosque,DOCUMENTALES.pdf
Ventana del alma,DOCUMENTALES.pdf
Journey to Mecca In the footsteps of Ibn Battuta,DOCUMENTALES.pdf
"México, la revolución congelada; colección",DOCUMENTALES.pdf
Raymundo Gleyzer,DOCUMENTALES.pdf
Los origenes de la cinematografía científica,DOCUMENTALES.pdf
Hannibal :La peor pesadilla de Roma,DOCUMENTALES.pdf
Caminando con monstruos [videograbación]: la vida,DOCUMENTALES.pdf
Gladiadores [videograbación] la brutal verdad,DOCUMENTALES.pdf
"Parque prehistórico Bennett, Sid, prod",DOCUMENTALES.pdf
Con la muerte en la mira [videograbación],DOCUMENTALES.pdf
El paraíso de Hafner [videograbación],DOCUMENTALES.pdf
Génesis [videograbación],DOCUMENTALES.pdf
La marcha de los pingüinos,DOCUMENTALES.pdf
El otro muro Simone Bitton dir,DOCUMENTALES.pdf
La sociedad de la nieve [videograbación],DOCUMENTALES.pdf
Gente de Roma [videograbación] Gente di Roma,DOCUMENTALES.pdf
El telón de azúcar [videograbación],DOCUMENTALES.pdf
Vivir de nuevo {cineteca nacional},DOCUMENTALES.pdf
Wetback the Undocumented Documentary,DOCUMENTALES.pdf
Agnus Dei Cordero de Dios,DOCUMENTALES.pdf
Boys meets girl; Omnie [videograbación],DOCUMENTALES.pdf
"Adónde vas, loco",DOCUMENTALES.pdf
Cine secuencias [videograbación],DOCUMENTALES.pdf
"El color de los olivos Rivas Carolina, dir",DOCUMENTALES.pdf
Cuatro labios [videograbación],DOCUMENTALES.pdf
Del olvido al no me acuerdo [videograbación],DOCUMENTALES.pdf
Digna: hasta el último aliento [videograbación],DOCUMENTALES.pdf
Cuatro videos; Fernando Frías de la Parra,DOCUMENTALES.pdf
La guerrilla y la esperanza [videograbación] :Luci,DOCUMENTALES.pdf
Tres miniaturas de Eugenio [videogranación],DOCUMENTALES.pdf
Hasta el último trago- corazón [videograbación],DOCUMENTALES.pdf
Los herederos [videograbación],DOCUMENTALES.pdf
La isla de la juventud [videogranación],DOCUMENTALES.pdf
Miguel Ruiz Moncada y el cine,DOCUMENTALES.pdf
arrativa breve {cortometrajes 2013 IMCINE} 01,DOCUMENTALES.pdf
La pasión de María Elena [videograbación],DOCUMENTALES.pdf
"¿Dónde están sus historias? Pereda, Nicolás",DOCUMENTALES.pdf
"Juntos Pereda, Nicolás",DOCUMENTALES.pdf
"Los mejores temas Pereda, Nicolás",DOCUMENTALES.pdf
"Perpetuum mobile Pereda, Nicolás",DOCUMENTALES.pdf
"Verano de Goliat Pereda, Nicolás",DOCUMENTALES.pdf
"Señorita extraviada Portillo, Lourdes",DOCUMENTALES.pdf
¿Quién diablos es Juliette? [videogranación],DOCUMENTALES.pdf
Recuerdos [videograbación],DOCUMENTALES.pdf
Mentiras piadosas [videograbación],DOCUMENTALES.pdf
"Trece pueblos en defensa del agua, el aire y la tierra",DOCUMENTALES.pdf
[documental],DOCUMENTALES.pdf
"¿Y tú cuanto cuestas? So, what´s your price?",DOCUMENTALES.pdf
Colección Santiago Álvarez [videograbación],DOCUMENTALES.pdf
"Suite Habana Pérez Fernando, dir",DOCUMENTALES.pdf
"Ladrones viejos, Los",DOCUMENTALES.pdf
El triángulo de Tacubaya,DOCUMENTALES.pdf
The Roosevelts [videogranación] An intimate history,DOCUMENTALES.pdf
Vol dvd 1,DOCUMENTALES.pdf
Vol dvd 2,DOCUMENTALES.pdf
Vol dvd 3,DOCUMENTALES.pdf
Vol dvd 4,DOCUMENTALES.pdf
Vol dvd 5,DOCUMENTALES.pdf
Vol dvd 6,DOCUMENTALES.pdf
"Fahrenheit 9/11 Moore Michael, dir",DOCUMENTALES.pdf
"Masacre en Columbine Moore, Michael, dir",DOCUMENTALES.pdf
"Muhammad Alí: el invencible Gries, Tom, dir",DOCUMENTALES.pdf
Sicko la pervisión del sueño americano,DOCUMENTALES.pdf
Sueño vive The dreams is alive,DOCUMENTALES.pdf
Colección 40/25 Joyas del cine colombiano,DOCUMENTALES.pdf
el cine colombiano,DOCUMENTALES.pdf
Historia del cine colombiano,DOCUMENTALES.pdf
Movimientos sociales a través del cine colombiano,DOCUMENTALES.pdf
El cazador de cocodrilos [videograbación],DOCUMENTALES.pdf
La marcha de los pingüinos 2,DOCUMENTALES.pdf
Cirque du Soleil alegría,DOCUMENTALES.pdf
Cirque du Soleil Cirque du Soleil : Varekai,DOCUMENTALES.pdf
Cirque du Soleil Saltimbanco,DOCUMENTALES.pdf
Cirque du Soleil presenta,DOCUMENTALES.pdf
arrativa breve infantil {cortometrajes 2013 IMCINE},DOCUMENTALES.pdf
arrativa breve infantil {cortometrajes 2014 IMCINE},DOCUMENTALES.pdf
arrativa breve {cortometrajes 2014 IMCINE},DOCUMENTALES.pdf
Línea de 3: Atenas 2004,DOCUMENTALES.pdf
Quebranto [videograbación],DOCUMENTALES.pdf
Mexican boys 2 short films by Ivete Lucas,DOCUMENTALES.pdf
Outros (dulces) Bárbaros [videograbación],DOCUMENTALES.pdf
"Voces silenciadas, libertad amenazada",DOCUMENTALES.pdf
[videogranación],DOCUMENTALES.pdf
Abril [videograbación] la trinchera del honor,DOCUMENTALES.pdf
Bosch Presidente en la frontera imperial,DOCUMENTALES.pdf
{largometraje},DOCUMENTALES.pdf
Un viaje a estridentopolis [videograbación],DOCUMENTALES.pdf
Isis herida [videograbación] Hermed Isis,DOCUMENTALES.pdf
"El cometa; Fuentes, Ivonne, dir",DOCUMENTALES.pdf
Tres documentales de Elisa Lipkau [videograbación],DOCUMENTALES.pdf
Las águilas humanas [videograbación],DOCUMENTALES.pdf
André Rieu: Fiesta mexicana,DOCUMENTALES.pdf
Ex votos FONCA,DOCUMENTALES.pdf
Acambay; Aroma mexiquense,DOCUMENTALES.pdf
Acolman; Aroma mexiquense,DOCUMENTALES.pdf
Aculco; Aroma mexiquense,DOCUMENTALES.pdf
Amanalco; Aroma mexiquense,DOCUMENTALES.pdf
Amanatepec; Aroma mexiquense,DOCUMENTALES.pdf
Amecameca; Aroma mexiquense,DOCUMENTALES.pdf
Almoloya de Alquisiras; Aroma mexiquense,DOCUMENTALES.pdf
Apaxco; Aroma mexiquense,DOCUMENTALES.pdf
Atizapán de zaragoza; Aroma mexiquense,DOCUMENTALES.pdf
Atlacomulco; Aroma mexiquense,DOCUMENTALES.pdf
Atlautla; Aroma mexiquense,DOCUMENTALES.pdf
Ayapango; Aroma mexiquense,DOCUMENTALES.pdf
Chalco; Aroma mexiquense,DOCUMENTALES.pdf
Chapa de Mota; Aroma mexiquense,DOCUMENTALES.pdf
Chapultepec; Aroma mexiquense,DOCUMENTALES.pdf
Cuautitlán; Aroma mexiquense,DOCUMENTALES.pdf
Chicolapan; Aroma mexiquense,DOCUMENTALES.pdf
Chiconcuac; Aroma mexiquense,DOCUMENTALES.pdf
Ecatzingo; Aroma mexiquense,DOCUMENTALES.pdf
Ecatepec; Aroma mexiquense,DOCUMENTALES.pdf
El oro; Aroma mexiquense,DOCUMENTALES.pdf
Huixquilucan; Aroma mexiquense,DOCUMENTALES.pdf
Ixtapaluca; Aroma mexiquense,DOCUMENTALES.pdf
Ixtapa de la sal; Aroma mexiquense,DOCUMENTALES.pdf
Jipilco; Aroma mexiquense,DOCUMENTALES.pdf
Lerma de Villada; Aroma mexiquense,DOCUMENTALES.pdf
Los reyes la paz; Aroma mexiquense,DOCUMENTALES.pdf
Luvianos; Aroma mexiquense,DOCUMENTALES.pdf
Metepec; Aroma mexiquense,DOCUMENTALES.pdf
Melchor Ocampo; Aroma mexiquense,DOCUMENTALES.pdf
Mexicaltzingo; Aroma mexiquense,DOCUMENTALES.pdf
aucalpan de Juárez; Aroma mexiquense,DOCUMENTALES.pdf
extlalpan; Aroma mexiquense,DOCUMENTALES.pdf
icolás Romero; Aroma mexiquense,DOCUMENTALES.pdf
paltepec; Aroma mexiquense,DOCUMENTALES.pdf
Otumba; Aroma mexiquense,DOCUMENTALES.pdf
Otzolotepec; Aroma mexiquense,DOCUMENTALES.pdf
Papalotla; Aroma mexiquense,DOCUMENTALES.pdf
Teoloyucán; Aroma mexiquense,DOCUMENTALES.pdf
Tlalmanalco; Aroma mexiquense,DOCUMENTALES.pdf
Tecámac; Aroma mexiquense,DOCUMENTALES.pdf
Tonanitla; Aroma mexiquense,DOCUMENTALES.pdf
Tultepec; Aroma mexiquense,DOCUMENTALES.pdf
Texcoco; Aroma mexiquense,DOCUMENTALES.pdf
Toluca; Aroma mexiquense,DOCUMENTALES.pdf
Tejupilco; Aroma mexiquense,DOCUMENTALES.pdf
Temascalcingo; Aroma mexiquense,DOCUMENTALES.pdf
Tepotzotlán; Aroma mexiquense,DOCUMENTALES.pdf
Tenancingo; Aroma mexiquense,DOCUMENTALES.pdf
Tlatlaya; Aroma mexiquense,DOCUMENTALES.pdf
Tepetlixpa; Aroma mexiquense,DOCUMENTALES.pdf
Tultitlán; Aroma mexiquense,DOCUMENTALES.pdf
Santiago Tianguistengo; Aroma mexiquense,DOCUMENTALES.pdf
San Mateo Atenco; Aroma mexiquense,DOCUMENTALES.pdf
San Antonio La isla; Aroma mexiquense,DOCUMENTALES.pdf
San Bartolo Morelos; Aroma mexiquense,DOCUMENTALES.pdf
Santa María Rayón; Aroma mexiquense,DOCUMENTALES.pdf
Santa Cruz Atizapán; Aroma mexiquense,DOCUMENTALES.pdf
Xalatlaco; Aroma mexiquense,DOCUMENTALES.pdf
Xonacatlán; Aroma mexiquense,DOCUMENTALES.pdf
Un filósofo en la arena,DOCUMENTALES.pdf
Recuerdos del toreo en México [videograbación],DOCUMENTALES.pdf
Tauromaquia [videograbación],DOCUMENTALES.pdf
Los toros vistos por el noticiero cine mundial (1955-,DOCUMENTALES.pdf
"Suite de teatro mexicano; Cobo Felgueres, Eugenio",DOCUMENTALES.pdf
Lurwik Margules: la poesía de la dirección,DOCUMENTALES.pdf
La virgen loca : Lado B,DOCUMENTALES.pdf
La libreta verde de Nellie 1.0,DOCUMENTALES.pdf
Matíz de luz,DOCUMENTALES.pdf
La libreta verde de Nellie,DOCUMENTALES.pdf
The best of the Bolshoi Ballet,DOCUMENTALES.pdf
Miguel Ángel explosión de un autorretrato / prod,DOCUMENTALES.pdf
Tándem Cía. de Danza,DOCUMENTALES.pdf
La percepción del espectador,DOCUMENTALES.pdf
"Dominió, matemáticas y toma de decisiones",DOCUMENTALES.pdf
Puntos de vista [videograbación] el deporte en,DOCUMENTALES.pdf
Ciudad Olimpia el año en que fuimos modernos,DOCUMENTALES.pdf
The best of Champ Car World Series,DOCUMENTALES.pdf
ascar [videograbación],DOCUMENTALES.pdf
La guerra,DOCUMENTALES.pdf
El corno emplumado: una historia [videograbación],DOCUMENTALES.pdf
Batalla de los Dioses:Beowulf,DOCUMENTALES.pdf
Los otros molinos del Quijote [videograbación],DOCUMENTALES.pdf
Historia de la humanidad: grandes civilizaciones de,DOCUMENTALES.pdf
la humanidad,DOCUMENTALES.pdf
Leyendas de la historia; Capítulo: Akenathon y,DOCUMENTALES.pdf
efertiti,DOCUMENTALES.pdf
Leyendes de la historia; Capítulo: Alejandro El,DOCUMENTALES.pdf
grande,DOCUMENTALES.pdf
Leyendas de la historia; Capítulo: Casanova Mago de,DOCUMENTALES.pdf
la Pasión,DOCUMENTALES.pdf
Leyendas de la historia; Capítulo: Destruyan Cartago:,DOCUMENTALES.pdf
La caida de un imperio,DOCUMENTALES.pdf
Leyendes de la historia; Capítulo: Federico II,DOCUMENTALES.pdf
Leyendas de la historia; Capítulo: Lucrecia Borgía,DOCUMENTALES.pdf
Leyendes de la historia; Capítulo: Marco Polo,DOCUMENTALES.pdf
Leyendes de la historia; Capítulo: La muerte llega a,DOCUMENTALES.pdf
media noche,DOCUMENTALES.pdf
Leyendes de la historia; Capítulo: Nabuconodosor los,DOCUMENTALES.pdf
misterios de babilonia,DOCUMENTALES.pdf
Leyendes de la historia; Capítulo: El oro del,DOCUMENTALES.pdf
Alquimista,DOCUMENTALES.pdf
Leyendes de la historia; Capítulo: Ricardo corazón de,DOCUMENTALES.pdf
león,DOCUMENTALES.pdf
Leyendas de la historia; Capítulo: Las siete maravillas,DOCUMENTALES.pdf
del mundo,DOCUMENTALES.pdf
Leyendas de la historia; Capítulo: El sueño del Taj,DOCUMENTALES.pdf
Mahal,DOCUMENTALES.pdf
Leyendas de la historia; Capítulo: The Beijing,DOCUMENTALES.pdf
Massacre,DOCUMENTALES.pdf
Leyendes de la historia; Capítulo: Death of warrior,DOCUMENTALES.pdf
Leyendes de la historia; Capítulo: La historia de,DOCUMENTALES.pdf
Madame Curie,DOCUMENTALES.pdf
Leyendes de la historia; Capítulo: El levantamiento,DOCUMENTALES.pdf
del Ghetto de Versovia,DOCUMENTALES.pdf
Leyendes de la historia; Capítulo: La noche de la,DOCUMENTALES.pdf
masacre de los Judios,DOCUMENTALES.pdf
Paseo por el patrimonio; Los dominios del león Vol 1,DOCUMENTALES.pdf
Paseo por el patrimonio; Dragones de Komodo Vol 2 DVD 909 P37,DOCUMENTALES.pdf
Paseo por el patrimonio; Invierno en Yellowstone Vol,DOCUMENTALES.pdf
Paseo por el patrimonio; Espacios Naturales de,DOCUMENTALES.pdf
España Vol 4,DOCUMENTALES.pdf
Pseo por el patrimonio; Tras las huellas del Islam Vol,DOCUMENTALES.pdf
Paseo por el patrimonio; El Nilo río de los dioses Vol,DOCUMENTALES.pdf
Paseo por el patrimonio; Los templos de la selva Vol,DOCUMENTALES.pdf
Paseo por el patrimonio; Los dioses griegos Vol 8,DOCUMENTALES.pdf
Paseo por el patrimonio; La corte europea Vol 9,DOCUMENTALES.pdf
Paseo por el patrimonio; Maravillas de oriente Vol 10,DOCUMENTALES.pdf
Paseo por el patrimonio; Construcciones del poder I,DOCUMENTALES.pdf
Vol 11,DOCUMENTALES.pdf
Paseo por el patrimonio; Construcciones del poder II,DOCUMENTALES.pdf
Vol 12,DOCUMENTALES.pdf
Paseo por el patrimonio; Lugares de leyenda Vol 13,DOCUMENTALES.pdf
La tierra: La atmósfera: El escudo invisible,DOCUMENTALES.pdf
La tierra: El hielo: Testigo de la historia,DOCUMENTALES.pdf
La tiera: Los océanos: La fuerza del agua,DOCUMENTALES.pdf
La tierra: Un planeta único,DOCUMENTALES.pdf
La tierra: Los volcanes: El poder del fuego,DOCUMENTALES.pdf
Planeta encantado [videograbación] Vol 1,DOCUMENTALES.pdf
Planeta encantado [videograbación] Vol 2,DOCUMENTALES.pdf
Planeta encantado [videograbación] Vol 3,DOCUMENTALES.pdf
Planeta encantado [videograbación] Vol 4,DOCUMENTALES.pdf
Planeta sagrado,DOCUMENTALES.pdf
Deseo de vivir: La voz del amigo [videograbación],DOCUMENTALES.pdf
Vol. 1,DOCUMENTALES.pdf
Vol. 2,DOCUMENTALES.pdf
Vol. 3,DOCUMENTALES.pdf
Vol. 4,DOCUMENTALES.pdf
Vol. 5,DOCUMENTALES.pdf
Vol. 6,DOCUMENTALES.pdf
Vol. 7,DOCUMENTALES.pdf
Vol. 8,DOCUMENTALES.pdf
Vol. 9,DOCUMENTALES.pdf
Vol. 10,DOCUMENTALES.pdf
Massai: Los guerreros de la lluvia,DOCUMENTALES.pdf
"Ruta México ; Estado de México, Morelos, Querétaro",DOCUMENTALES.pdf
Potosí Vol. 3,DOCUMENTALES.pdf
"Ruta México ; Oaxaca, Campeche Vol. 5",DOCUMENTALES.pdf
San Sebastián del Oeste [videograbación],DOCUMENTALES.pdf
Amazonas: Amazon [videograbación],DOCUMENTALES.pdf
Abismo Amazónico,DOCUMENTALES.pdf
Eden hasta el fín del mundo  [videograbación],DOCUMENTALES.pdf
En busca de la verdad; Gigantes de la isla de Pascua,DOCUMENTALES.pdf
Biografía del poder; Enrique Krauze,DOCUMENTALES.pdf
Sigmund Freud,DOCUMENTALES.pdf
Alejandro Magno(señor de la guerra,DOCUMENTALES.pdf
Calígula,DOCUMENTALES.pdf
Hitler y Stalin,DOCUMENTALES.pdf
The master,DOCUMENTALES.pdf
"Los Hitlers; Christiansen, Kai, dir",DOCUMENTALES.pdf
Hitler; su verdadera historia,DOCUMENTALES.pdf
El verdadero Drácula,DOCUMENTALES.pdf
Moctezuma [videograbación] (El último emperador,DOCUMENTALES.pdf
de los aztecas),DOCUMENTALES.pdf
El misterio de Tutankhamón: Egiptomanía,DOCUMENTALES.pdf
Biografía:Lenin,DOCUMENTALES.pdf
Mariano Otero:la obra perdurable de una vida fugaz,DOCUMENTALES.pdf
"Atatür Örnek, Tolga, dir",DOCUMENTALES.pdf
La historia del Che Guevara [videograbación],DOCUMENTALES.pdf
Charles Darwin,DOCUMENTALES.pdf
La vida en México en el siglo XX [Videoteca Histórica,DOCUMENTALES.pdf
Tomo II 1920-1939],DOCUMENTALES.pdf
Un amor loco (L´amour fou) Yves Saint Laurent-,DOCUMENTALES.pdf
Pierre Bergé,DOCUMENTALES.pdf
Las dos Fridas [videograbación],DOCUMENTALES.pdf
Un retrato de Diego Rivera [videograbación],DOCUMENTALES.pdf
Biografía: Freddie Mercury,DOCUMENTALES.pdf
Silvestre Revueltas (Tan hérido por el cielo y los,DOCUMENTALES.pdf
hombres),DOCUMENTALES.pdf
"Kurt Cobain [videograbación] Schnak, AJ",DOCUMENTALES.pdf
"i muy, muy… ni tan, tan… simplemente Tin Tan",DOCUMENTALES.pdf
"Márquez, Manuel",DOCUMENTALES.pdf
Michael Jordan Máximo,DOCUMENTALES.pdf
Marqués de Sade,DOCUMENTALES.pdf
Juan Gelman y otras cuestiones,DOCUMENTALES.pdf
Comentarios sobre Sor Juuana de reconocidas,DOCUMENTALES.pdf
personalidades [videograbación] Coments about Sor,DOCUMENTALES.pdf
Juana from well-known personalities,DOCUMENTALES.pdf
Elisa Bonaparte [videograbación],DOCUMENTALES.pdf
Las ciudades perdidas de la antigüedad (Las ciudad,DOCUMENTALES.pdf
desaparecida del Faraon) Vol. 1,DOCUMENTALES.pdf
Las ciudades perdidas de la antigüedad (El valle,DOCUMENTALES.pdf
maldito de las piramides) Vol. 2,DOCUMENTALES.pdf
Las ciudades perdidas de la antigüedad (Los señores,DOCUMENTALES.pdf
oscuros de Hattusa) Vol. 3,DOCUMENTALES.pdf
Tumbas antiguas (voces de la muerte) National,DOCUMENTALES.pdf
Geographic,DOCUMENTALES.pdf
Egipto en busca de la eternidad; National,DOCUMENTALES.pdf
Egipto Eterno en busca de las tumbas perdidas;,DOCUMENTALES.pdf
ational Geographic,DOCUMENTALES.pdf
Egipto: Los secretos de los faraones; National,DOCUMENTALES.pdf
Egipto: Un imperio de ingeniería (Egypt:,DOCUMENTALES.pdf
Engineering an empire); The history channel,DOCUMENTALES.pdf
Misterios de Egipto: Amuletos y rituales mágicos,DOCUMENTALES.pdf
La maldición de Tutankamon; Natonal Geographic,DOCUMENTALES.pdf
Mundos perdidos; El imperio egipcio: Ramsés (Lost,DOCUMENTALES.pdf
worlds: Ramses Egyptian Empiere) The history,DOCUMENTALES.pdf
channel,DOCUMENTALES.pdf
Grecia:secretos del pasado,DOCUMENTALES.pdf
Secretos de la Antigüedad:la garra griega,DOCUMENTALES.pdf
The hittites hititler,DOCUMENTALES.pdf
Descubrir Europa (Europa desde el aire) Balada,DOCUMENTALES.pdf
Irlandesa-Epopeya en el Báltico Vol. 1,DOCUMENTALES.pdf
Descubrir Europa (Europa desde el aire) Viaje por las,DOCUMENTALES.pdf
islas Británicas- Colores de Francia Vol .2,DOCUMENTALES.pdf
Descubrir Europa (Europa desde el aire) España en,DOCUMENTALES.pdf
el horizonte- Luces de Italia Vol. 3,DOCUMENTALES.pdf
Descubrir Europa (Europa desde el aire) Odisea,DOCUMENTALES.pdf
Griega- Archipiélagos de Croacia Vol. 4,DOCUMENTALES.pdf
Descubrir Europa (Europa desde el aire) Paisajes de,DOCUMENTALES.pdf
Escandinavia-Hacia el cabo norte Vol. 5,DOCUMENTALES.pdf
Descubrir Europa (Europa Salvaje) Génesis Vol. 6,DOCUMENTALES.pdf
Descubrir Europa (Europa Salvaje) Las eras glaciares,DOCUMENTALES.pdf
Descubrir Europa (Europa Salvaje) El dominio de lo,DOCUMENTALES.pdf
salvaje Vol. 8,DOCUMENTALES.pdf
Descubrir Europa (Europa Salvaje) Un nuevo milenio,DOCUMENTALES.pdf
Descubrir Europa (Grandes Civilizaciones) Maravillas,DOCUMENTALES.pdf
de Grecia Vol. 10,DOCUMENTALES.pdf
Descubrir Europa (Grandes Civilizaciones) Grandes,DOCUMENTALES.pdf
construcciones de Roma Vol. 11,DOCUMENTALES.pdf
Descubrir Europa (Pueblos que crearon Europa) Las,DOCUMENTALES.pdf
primeras invasiones Vol. 12,DOCUMENTALES.pdf
Descubrir Europa (Pueblos que crearon Europa) Los,DOCUMENTALES.pdf
pueblos Germánicos Vol. 13,DOCUMENTALES.pdf
Descubrir Europa,DOCUMENTALES.pdf
Europa en la encrucijada Vol. 14,DOCUMENTALES.pdf
cimientos de Europa Vol. 15,DOCUMENTALES.pdf
Itinerarios culturales Europeos; Guía de consulta;,DOCUMENTALES.pdf
Historia de Europa; Descubrir Europa Vol. 16,DOCUMENTALES.pdf
Una historia del Tibet,DOCUMENTALES.pdf
Almoloya de Juárez,DOCUMENTALES.pdf
Charlas mexicanas [videograbación]: con José,DOCUMENTALES.pdf
Vasconcelos (México) Vol: 1,DOCUMENTALES.pdf
Vasconcelos (Hernán Cortés) Vol: 2,DOCUMENTALES.pdf
Vasconcelos (Virreinato) Vol: 3,DOCUMENTALES.pdf
Vasconcelos (Porfirio Díaz) Vol: 4,DOCUMENTALES.pdf
Vasconcelos (El petroleo) Vol: 5,DOCUMENTALES.pdf
Enciclopedia de México Multimedia,DOCUMENTALES.pdf
Discutamos México 2010 Temp. 01 El mundo,DOCUMENTALES.pdf
"mesoamericano, Pensamiento en el mundo antiguo",DOCUMENTALES.pdf
Vol.1,DOCUMENTALES.pdf
Discutamos México 2010 Temp. 01 Mesoamérica,DOCUMENTALES.pdf
México virreinal Vol.2,DOCUMENTALES.pdf
Discutamos México 2010 Temp. 01 México virreinal,DOCUMENTALES.pdf
Grandes temas fundacionales Vol.3,DOCUMENTALES.pdf
Discutamos México 2010 Temp. 01 Grandes temas,DOCUMENTALES.pdf
"fundacionales, La independencia Vol.4",DOCUMENTALES.pdf
Discutamos México 2010 Temp. 01  La,DOCUMENTALES.pdf
"independencia, México independiente Vol.5",DOCUMENTALES.pdf
Discutamos México 2010 Temp. 01  México,DOCUMENTALES.pdf
"Independiente, Benito Juárez: Alianzas y rupturas",DOCUMENTALES.pdf
Vol.6,DOCUMENTALES.pdf
"independiente, El porfiriato  Vol.7",DOCUMENTALES.pdf
Discutamos México 2010 Temp. 01  El porfiriato,DOCUMENTALES.pdf
Revolución mexicana Vol.8,DOCUMENTALES.pdf
Discutamos México 2010 Temp. 01  Revolución,DOCUMENTALES.pdf
"mexicana, Emiliano Zapata y la lucha agraria Vol.9",DOCUMENTALES.pdf
Discutamos México 2010 Temp. 01 Revolución,DOCUMENTALES.pdf
"mexicana, La constitución de 1917 y el gobierno de",DOCUMENTALES.pdf
Carranza Vol.10,DOCUMENTALES.pdf
Discutamos México 2010 Temp. 02 Construcción de,DOCUMENTALES.pdf
"un nuevo país, El general Lázaro Cárdenas Vol.1",DOCUMENTALES.pdf
Discutamos México 2010 Temp. 02 México moderno,DOCUMENTALES.pdf
El detonante: El movimiento de 1968   Vol.2,DOCUMENTALES.pdf
Discutamoso México 2010  Temp. 02 Gustavo Díaz,DOCUMENTALES.pdf
"Ordaz, De Echeverria Vol. 3",DOCUMENTALES.pdf
Discutamos México 2010 Temp. 02 El federalismo,DOCUMENTALES.pdf
mexicano Vol. 5,DOCUMENTALES.pdf
Discutamos México 2010 Temp. 03 México visto por,DOCUMENTALES.pdf
"los mexicanos, México visto por los extranjeros Vol. 1",DOCUMENTALES.pdf
Discutamos México 2010 Temp. 03 Quiénes somos,DOCUMENTALES.pdf
los mexicanos Vol. 2,DOCUMENTALES.pdf
Discutamos México 2010 Temp. 03 México cruce de,DOCUMENTALES.pdf
"culturas, las fuerzas armadas Vol. 3",DOCUMENTALES.pdf
Discutamos México 2010 Temp. 03 Mujeres en la,DOCUMENTALES.pdf
"historia de México, Mujeres en el arte y la cultura Vol",DOCUMENTALES.pdf
Discutamos México 2010 Temp. 03 Derechos,DOCUMENTALES.pdf
"Humanos, México y los organismos internacionales",DOCUMENTALES.pdf
Discutamos México 2010 Temp. 03 Comercio,DOCUMENTALES.pdf
"exterior, Las religiones en la historia de México Vol. 6",DOCUMENTALES.pdf
Discutamos México 2010 Temp. 03 La política,DOCUMENTALES.pdf
"cultural, petróleo Vol. 7",DOCUMENTALES.pdf
Discutamos México 2010 Temp. 03 Sistema político,DOCUMENTALES.pdf
mexicano Vol. 8,DOCUMENTALES.pdf
Discutamos México 2010 Temp. 04 México y el,DOCUMENTALES.pdf
"futuro, Prospectiva internacional Vol. 8",DOCUMENTALES.pdf
Discutamos México 2010 Temp. 03 México en un,DOCUMENTALES.pdf
caleidoscopio Vol. 9,DOCUMENTALES.pdf
Discutamos México 2010 Temp. 04 Prospectiva,DOCUMENTALES.pdf
demográfica y laboral Vol. 7,DOCUMENTALES.pdf
Discutamos México 2010 Temp. 03 Literatura,DOCUMENTALES.pdf
"mexicana acutual, poesía, teatro Vol. 10",DOCUMENTALES.pdf
"Discutamos México 2010 Temp. 04 Música, Corridos",DOCUMENTALES.pdf
"y Música popular, fotografía Vol. 1",DOCUMENTALES.pdf
Discutamos México 2010 Temp. 04 Publicidad,DOCUMENTALES.pdf
"Historia, Arqueología, Filosofía Vol. 2",DOCUMENTALES.pdf
Discutamos México 2010 Temp. 04 Astronomía,DOCUMENTALES.pdf
"mexicana, Derecho, Sociología, Economía Vol. 3",DOCUMENTALES.pdf
Discutamos México 2010 Temp. 04 Ingeniería,DOCUMENTALES.pdf
Discutamos México 2010 Temp. 04 Medio ambiente,DOCUMENTALES.pdf
"Cambio climático, los niños Vol. 5",DOCUMENTALES.pdf
"deporte, Turismo Vol. 6",DOCUMENTALES.pdf
Discutamos México 2010 Temp. 02 Historia mínima,DOCUMENTALES.pdf
"de los estados y municipios, Hacía la consolidación",DOCUMENTALES.pdf
democrática (2000-2010) Vol.4,DOCUMENTALES.pdf
Discutamos México 2010 Temp. 02 La transición,DOCUMENTALES.pdf
democrática Vol. 6,DOCUMENTALES.pdf
Discutamos México 2010 Temp. 02 Organizaciones,DOCUMENTALES.pdf
Políticas Vol. 7,DOCUMENTALES.pdf
Discutamos México 2010 Temp. 02 Los sindicatos,DOCUMENTALES.pdf
Discutamos México 2010 2010 Temp. 02 Discusión,DOCUMENTALES.pdf
pública Vol. 9,DOCUMENTALES.pdf
Discutamos México 2010 Temp. 02 Educación Vol. 10  DVD 972 T37 D57i,DOCUMENTALES.pdf
Tomo III 1940-1959],DOCUMENTALES.pdf
Tomo V 1980-2000],DOCUMENTALES.pdf
Tomo IV 1960-1979],DOCUMENTALES.pdf
campesinos,DOCUMENTALES.pdf
Buscando al hombre sagrado,DOCUMENTALES.pdf
Silvestre Pantaléon,DOCUMENTALES.pdf
Historias arqueológicas del Bajío Zaragoza,DOCUMENTALES.pdf
Peralta Historias Arqueológicas del Bajío,DOCUMENTALES.pdf
Años de la Revolución Mexicana (Los rollos,DOCUMENTALES.pdf
perdidos de Pancho Villa),DOCUMENTALES.pdf
Epopeyas de la revolución,DOCUMENTALES.pdf
Los Juicios de la Revolución: el plan de la Noria VOL 1 DVD 972.09 J84,DOCUMENTALES.pdf
Los juicios de la Revolución: La rebelión de los,DOCUMENTALES.pdf
Serdán. VOL 2,DOCUMENTALES.pdf
Los Juicios de la Revolución: el plan de San Luis VOL,DOCUMENTALES.pdf
Los Juicios de la Revolución: el levantamiento del,DOCUMENTALES.pdf
sur VOL 4,DOCUMENTALES.pdf
Los Juicios de la Revolución: la toma de Zacatecas,DOCUMENTALES.pdf
VOL 5,DOCUMENTALES.pdf
Los Juicios de la Revolución: la serie VOL 6,DOCUMENTALES.pdf
La guerra de los cristeros,DOCUMENTALES.pdf
El memorial del 68,DOCUMENTALES.pdf
La tradición Teuchitlán (Descubriendo el antiguo,DOCUMENTALES.pdf
Occidente de México),DOCUMENTALES.pdf
Morelia de mis amores Secretaria de Turismo,DOCUMENTALES.pdf
San Juan Atzingo,DOCUMENTALES.pdf
Conociendo Cuautepec,DOCUMENTALES.pdf
Bi100: rumbo al Bicentenario Vol. 1,DOCUMENTALES.pdf
La Independencia de México en tres etapas Bi100:,DOCUMENTALES.pdf
rumbo al Bicentenario Vol.2,DOCUMENTALES.pdf
Mujeres X Bi100: rumbo al Bicentenario Vol. 3,DOCUMENTALES.pdf
Las mujeres en la revolución Bi100: rumbo al,DOCUMENTALES.pdf
Bicentenario Vol.4,DOCUMENTALES.pdf
La Decena Trágica Bi100: rumbo al bicentenario Vol,DOCUMENTALES.pdf
El primer día de la decena trágica Bi100: rumbo al,DOCUMENTALES.pdf
Bicentenario Vol.6,DOCUMENTALES.pdf
Pacto de Xochimilco Bi100: rumbo al Bicentenario,DOCUMENTALES.pdf
Vol.7,DOCUMENTALES.pdf
Días de guardar Bi100 :rumbo al Bicentenario Vol.8,DOCUMENTALES.pdf
El asalto o el inmutable Monsaváis Bi100: rumbo al,DOCUMENTALES.pdf
Bicentenario Vol.9,DOCUMENTALES.pdf
Los rituales del caos Bi100 :rumbo al bicentenario,DOCUMENTALES.pdf
Vol.10,DOCUMENTALES.pdf
"Monsavais, el del Estanquillo Bi100 :rumbo al",DOCUMENTALES.pdf
Bicentenario Vol.11,DOCUMENTALES.pdf
Expedición 1808 Bi100 rumbo al Bicentenario Vol.12,DOCUMENTALES.pdf
Madero muerto memoria vivaBi100  :rumbo al,DOCUMENTALES.pdf
Bicentenario Vol.13,DOCUMENTALES.pdf
"Yo, Alvaro el fantasma de la Bombilla Bi100: rumbo",DOCUMENTALES.pdf
al Bicentenario Vol.14,DOCUMENTALES.pdf
Encuéntrame en el polvo de la ciudad Bi100: rumbo,DOCUMENTALES.pdf
al Bicentenario Vo.15,DOCUMENTALES.pdf
La historia en la ciudad Bi100: rumbo al Bicentenario,DOCUMENTALES.pdf
Vol. 16,DOCUMENTALES.pdf
"El cura, la niña y el ciego Bi100 rumbo al",DOCUMENTALES.pdf
Bicentenario Vol.17,DOCUMENTALES.pdf
Independiente Bi100: rumbo al Bicentenario Vol.18,DOCUMENTALES.pdf
Caducidad Bi100 rumbo al Bicentenario Vol.19,DOCUMENTALES.pdf
"Yo por favor, con ganas Bi100 rumbo al Bicentenario",DOCUMENTALES.pdf
Vol.20,DOCUMENTALES.pdf
Re.evolución es Revolución Bi100: rumbo al,DOCUMENTALES.pdf
Bicentenario Vol.21,DOCUMENTALES.pdf
El peso de la libertad Bi100 :rumbo al Bicentenario,DOCUMENTALES.pdf
Vol.22,DOCUMENTALES.pdf
Botellas al mar Bi100 :rumbo al Bicentenario Vol.23,DOCUMENTALES.pdf
Mi revolución Bi100 :rumbo al Bicentenario Vol.24,DOCUMENTALES.pdf
i un minuto de silencio Bi100 :rumbo al,DOCUMENTALES.pdf
Bicentenario Vol.25,DOCUMENTALES.pdf
Pies de bronce Bi100 :rumbo al Bicentenario Vol.26,DOCUMENTALES.pdf
Revolución Bi100 :rumbo al Bicentenario Vol.27,DOCUMENTALES.pdf
Felicidades Bi100 :rumbo al Bicentenario Vol.28,DOCUMENTALES.pdf
"Tetralogía: retrato hablado, ciudad y poder Bi100",DOCUMENTALES.pdf
rumbo al Bicentenario Vol.29,DOCUMENTALES.pdf
¿Libertad? Bi100 rumbo al Bicentenario Vol.30,DOCUMENTALES.pdf
Estilos de vida [videograbación],DOCUMENTALES.pdf
Personajes [videograbacion],DOCUMENTALES.pdf
Reto DOCSDF 2011 [videograbación],DOCUMENTALES.pdf
Retratos de ciudad [videograbación],DOCUMENTALES.pdf
[et al.],DOCUMENTALES.pdf
Oaxaca Colección: Imágenes de México,DOCUMENTALES.pdf
Motozintla,DOCUMENTALES.pdf
"Cuba: caminos de revolución Che Guevara, donde",DOCUMENTALES.pdf
unca jámas se lo imaginan Vol. 1,DOCUMENTALES.pdf
Cuba: caminos de revolución Antes del 59 Vol. 2,DOCUMENTALES.pdf
Cuba: caminos de revolución Los 4 años que,DOCUMENTALES.pdf
estremecieron al mundo Vol. 3,DOCUMENTALES.pdf
Cuba: caminos de revolución Una isla en la corriente,DOCUMENTALES.pdf
Cuba: caminos de revolución La solidaridad,DOCUMENTALES.pdf
internacional Vol. 5,DOCUMENTALES.pdf
Cuba: caminos de revolución Momentos con Fidel,DOCUMENTALES.pdf
Momias Incas,DOCUMENTALES.pdf
Juego las canciones,DOCUMENTALES.pdf
Videoteca histórica; México del siglo XX,DOCUMENTALES.pdf
"México a través de los siglos (Primera época, Historia",DOCUMENTALES.pdf
antigua) vol.1,DOCUMENTALES.pdf
México a través de los siglos (El virreinato) vol.2,DOCUMENTALES.pdf
México a través de los siglos (La independencia) vol.3 MM972 M49,DOCUMENTALES.pdf
México a través de los siglos,DOCUMENTALES.pdf
vol.4,DOCUMENTALES.pdf
México a través de los siglos (La reforma) vol.5,DOCUMENTALES.pdf
"México a través de los siglos (Porfiriato, la revolución",DOCUMENTALES.pdf
y época actual) vol.6,DOCUMENTALES.pdf
Veracruz: huasteco Baile regional,DOCUMENTALES.pdf
Gérman Arcimiegas. El hombre que Nació con el,DOCUMENTALES.pdf
siglo,DOCUMENTALES.pdf
Sremski Karlovci [CD-ROM],DOCUMENTALES.pdf
Sveti Save [CD-ROM],DOCUMENTALES.pdf
Srbija u doba Nemanjica [Cd-Rom]: [od knezevine d,DOCUMENTALES.pdf
"Blagojevic, Milos]",DOCUMENTALES.pdf
Aetos & sulun´s exhibition  [cd-rom],DOCUMENTALES.pdf
Turquía [DVD],DOCUMENTALES.pdf
Hilandarska biblioteka [cd-rom]: 8 vekova/ koord,DOCUMENTALES.pdf
"Tamaulipas: centro sur, Baile reginal",DOCUMENTALES.pdf
Turquía,DOCUMENTALES.pdf
Amantes de 5 a 7,BLU- RAY.pdf
"Amor, honor y libertad",BLU- RAY.pdf
APOCALYPSE NOW,BLU- RAY.pdf
APPLESEED,BLU- RAY.pdf
ASESINO DEL FUTURO,BLU- RAY.pdf
AVIONES,BLU- RAY.pdf
"Avispon Verde, El",BLU- RAY.pdf
BATMAN EL CABALLERO DE LA NOCHE,BLU- RAY.pdf
ASCIENDE,BLU- RAY.pdf
BATMAN INICIA,BLU- RAY.pdf
"Beetlejuice, el súper fantasma",BLU- RAY.pdf
BETTY BOOP,BLU- RAY.pdf
Bienvenidos al ayer,BLU- RAY.pdf
BLANCANIEVES,BLU- RAY.pdf
BUSCANDO A NEMO,BLU- RAY.pdf
"BÚSQUEDA IMPLACABLE, 3",BLU- RAY.pdf
CANTINFLAS,BLU- RAY.pdf
CAPTAIN AMERICA,BLU- RAY.pdf
CARS 2,BLU- RAY.pdf
EL CIRCO,BLU- RAY.pdf
"Chica que saltaba a través del tiempo, La",BLU- RAY.pdf
EL CHICO,BLU- RAY.pdf
CONOCERÁS AL HOMBRE DE TUS SUEÑOS,BLU- RAY.pdf
CONTANDO A MIS EX,BLU- RAY.pdf
COP OUT,BLU- RAY.pdf
COSMÓPOLIS,BLU- RAY.pdf
CLIFFORD,BLU- RAY.pdf
CRÍMEN EN FAMILIA,BLU- RAY.pdf
DALLAS BUYERS CLUB,BLU- RAY.pdf
DANTON,BLU- RAY.pdf
"Delgada línea amarilla, La",BLU- RAY.pdf
"Demonio Neón, El",BLU- RAY.pdf
EL DÍA DEL JUICIO FINAL,BLU- RAY.pdf
"Dictadura Perfecta, La",BLU- RAY.pdf
EL DILEMA,BLU- RAY.pdf
EL DISCURSO DEL REY,BLU- RAY.pdf
DOCE [I. E. 12] AÑOS ESCLAVO,BLU- RAY.pdf
DRAGON BALL Z: FUSION REBORN,BLU- RAY.pdf
DRAGON BALL: COOLERS REVENGE,BLU- RAY.pdf
ENAMORÁNDOME DE MI EX,BLU- RAY.pdf
ENGAÑO,BLU- RAY.pdf
EN BUSCA DE UN ASESINO,BLU- RAY.pdf
ESTADO DE GRACIA,BLU- RAY.pdf
EVANGELIÓN : I. II,BLU- RAY.pdf
EVANGELION: 222,BLU- RAY.pdf
Exterminio 2,BLU- RAY.pdf
Frankenstein de Mary Shelley,BLU- RAY.pdf
Furia de titanes 2 3D,BLU- RAY.pdf
GA’HOOLE,BLU- RAY.pdf
GODZILLA VS KONG,BLU- RAY.pdf
GRANDES HÉROES,BLU- RAY.pdf
GUADALCANAL,BLU- RAY.pdf
GUERRA Y LA PAZ,BLU- RAY.pdf
HANNIBAL  Temporada 1,BLU- RAY.pdf
"HIJO DE BATMAN,EL",BLU- RAY.pdf
HOTEL TRANSYLVANIA,BLU- RAY.pdf
HOUSE OF 1000 CORPSES,BLU- RAY.pdf
INFRAMUNDO,BLU- RAY.pdf
IRON MAN Y HULK,BLU- RAY.pdf
JAZMÍN AZUL,BLU- RAY.pdf
"JOVEN MANOS DE TIJERAS, EL",BLU- RAY.pdf
JURASSIC PARK,BLU- RAY.pdf
KAMUI GAIDEN,BLU- RAY.pdf
Kiki entregas a domicilio,BLU- RAY.pdf
"KILL BILL, 1",BLU- RAY.pdf
"KILL BILL, 2",BLU- RAY.pdf
Harry Potter :y las reliquias de la muerte,BLU- RAY.pdf
Laberinto del terror.El,BLU- RAY.pdf
"LEYENDA DE LA PRINCESA KAGUYA,La",BLU- RAY.pdf
LA LIGA DE LA JUSTICIA: GUERRA,BLU- RAY.pdf
LOCA POR LAS COMPRAS,BLU- RAY.pdf
LOCO Y ESTÚPIDO AMOR,BLU- RAY.pdf
LOVE THE COOPERS,BLU- RAY.pdf
LUCES DE LA CIUDAD,BLU- RAY.pdf
"LLanero Solitario, El",BLU- RAY.pdf
Maléfica: dueña del mal,BLU- RAY.pdf
"Mañana Nunca muere, El",BLU- RAY.pdf
MELANCOLIA,BLU- RAY.pdf
MENTE INDOMABLE,BLU- RAY.pdf
MI VECINO TOTORO,BLU- RAY.pdf
MONSTERS UNIVERSITY,BLU- RAY.pdf
"MUPPETS, 2",BLU- RAY.pdf
ARNIA 3D,BLU- RAY.pdf
INFOMANÍA,BLU- RAY.pdf
LOS NIÑOS ESTÁN BIEN,BLU- RAY.pdf
OBEDIENCIA PERFECTA,BLU- RAY.pdf
ORANGE IS THE NEW BLACK (PRIMERA,BLU- RAY.pdf
TEMPORADA),BLU- RAY.pdf
ORANGE IS THE NEW BLACK (SEGUNDA,BLU- RAY.pdf
"OZ, EL PODEROSO",BLU- RAY.pdf
"PACIENTE INGLES, EL",BLU- RAY.pdf
"PAREDES HABLAN, LAS",BLU- RAY.pdf
PÉRDIDA DE LA INOCENCIA,BLU- RAY.pdf
PERDIDO EN AFGANISTÁN,BLU- RAY.pdf
"PIANISTA, EL",BLU- RAY.pdf
PODER SIN LÍMITES,BLU- RAY.pdf
POLICÍAS DE REPUESTO,BLU- RAY.pdf
LA POSESIÓN DE SALLY,BLU- RAY.pdf
PRECIOUS,BLU- RAY.pdf
QUIERO MATAR A MI JEFE,BLU- RAY.pdf
RÁPIDOS Y FURIOSOS 5IN CONTROL,BLU- RAY.pdf
RED 2,BLU- RAY.pdf
REVENANT,BLU- RAY.pdf
ROSEMARY’S BABY,BLU- RAY.pdf
SABES QUIÉN VIENE?,BLU- RAY.pdf
SALVAR UNA VIDA,BLU- RAY.pdf
SAVING PRIVATE RYAN,BLU- RAY.pdf
SECRETOS PELIGROSOS,BLU- RAY.pdf
SE LEVANTA EL VIENTO,BLU- RAY.pdf
SIN ESCAPE,BLU- RAY.pdf
SOMBRAS TENEBROSAS,BLU- RAY.pdf
STRIPTEASE,BLU- RAY.pdf
EL SUEÑO DE WALT,BLU- RAY.pdf
Tan fuerte y tan cerca Extremely Loud &,BLU- RAY.pdf
Incredibly Close,BLU- RAY.pdf
TIEMPOS MODERNOS,BLU- RAY.pdf
TITANIC,BLU- RAY.pdf
TODO UN PARTO,BLU- RAY.pdf
TSUBASA,BLU- RAY.pdf
THE DEPARTED,BLU- RAY.pdf
THE HUNGER GAMES,BLU- RAY.pdf
THE INFORMANT!,BLU- RAY.pdf
THE RING,BLU- RAY.pdf
THOR,BLU- RAY.pdf
TRANSFORMES,BLU- RAY.pdf
TRON,BLU- RAY.pdf
"ÚLTIMA NOCHE DE LA HUMANIDAD, LA 3D",BLU- RAY.pdf
UN CHIHUAHUA DE BEVERLY HILLS,BLU- RAY.pdf
"VENGADOR FANTASMA 2, EL",BLU- RAY.pdf
VIDA ES BELLA. LA,BLU- RAY.pdf
VORAZ,BLU- RAY.pdf
WOLVERINE,BLU- RAY.pdf
agua y la vidaEl,BLU- RAY.pdf
"agua y la vida, El",BLU- RAY.pdf
"agua y la vida, El (estaciones del mar,Las",BLU- RAY.pdf
agua y la vida El,BLU- RAY.pdf
"agua y la vida,El",BLU- RAY.pdf
"agua y la vida,El ( viaje a las profundidades",BLU- RAY.pdf
Cosmos,BLU- RAY.pdf
IMAX  MAR PROFUNDO 3D,BLU- RAY.pdf
MONSTRUOS DEL MAR,BLU- RAY.pdf
"REINO DE LOS OCÉANOS, EL",BLU- RAY.pdf
R.E.M,BLU- RAY.pdf
THE ROLLING STONES,BLU- RAY.pdf
"Rutas del mundo: destinos soñados, India",BLU- RAY.pdf
"Rutas del mundo: destinos soñados, Japón",BLU- RAY.pdf
Rutas del mundo: destinos soñados,BLU- RAY.pdf
Marruecos,BLU- RAY.pdf
"Rutas del mundo: destinos soñados, Polinesia",BLU- RAY.pdf
"Rutas del mundo: destinos soñados, Tailandia",BLU- RAY.pdf
"Rutas del mundo: destinos soñados, Turquía",BLU- RAY.pdf
"Rutas del mundo: destinos soñados, Vietnam",BLU- RAY.pdf
"Rutas del mundo: el gran viaje, El imperio de",BLU- RAY.pdf
los hijos del sol,BLU- RAY.pdf
"Rutas del mundo: el gran viaje, Los herederos",BLU- RAY.pdf
de los andes,BLU- RAY.pdf
"Rutas del mundo: el gran viaje, Los hombres",BLU- RAY.pdf
del hielo,BLU- RAY.pdf
"Rutas del mundo: el gran viaje, El hombre",BLU- RAY.pdf
entre las bestias,BLU- RAY.pdf
"Rutas del mundo: el gran viaje, Laberinto",BLU- RAY.pdf
amazonas,BLU- RAY.pdf
"Rutas del mundo: el gran viaje, El mundo de",BLU- RAY.pdf
los mayas,BLU- RAY.pdf
"Rutas del mundo: el gran viaje, Los nómadas",BLU- RAY.pdf
del Gobi,BLU- RAY.pdf
"Rutas del mundo: el gran viaje, Orillas del mar",BLU- RAY.pdf
caribe,BLU- RAY.pdf
"Rutas del mundo: el gran viaje, El otro lado",BLU- RAY.pdf
del desierto,BLU- RAY.pdf
"Rutas del mundo: el gran viaje, Los reinos",BLU- RAY.pdf
olvidados de África,BLU- RAY.pdf
"Rutas del mundo: el gran viaje, Siguiendo la",BLU- RAY.pdf
estela del Nilo,BLU- RAY.pdf
"Rutas del mundo: el gran viaje, La tierra de",BLU- RAY.pdf
los navajos,BLU- RAY.pdf
"Rutas del mundo: el gran viaje, Los últimos",BLU- RAY.pdf
indígenas de Europa,BLU- RAY.pdf
PELICULAS INFANTILES,PELICULAS INFANTILES.pdf
Abracadabra,PELICULAS INFANTILES.pdf
"Animalia temporada 2,3",PELICULAS INFANTILES.pdf
"Aristogatos, Los",PELICULAS INFANTILES.pdf
Art attack,PELICULAS INFANTILES.pdf
Arthur y lo invisibles,PELICULAS INFANTILES.pdf
Atrapenlos!,PELICULAS INFANTILES.pdf
"Babar, el rey de los elefantes",PELICULAS INFANTILES.pdf
Babe: el puerquito valiente,PELICULAS INFANTILES.pdf
Baby Einstein,PELICULAS INFANTILES.pdf
Bambi 2,PELICULAS INFANTILES.pdf
Barbie en el Cascanueces,PELICULAS INFANTILES.pdf
Barney y su mundo de colores en sala,PELICULAS INFANTILES.pdf
Barney: El castillo musical de Barney  en sala,PELICULAS INFANTILES.pdf
Barney: Lee y baila conmigo en sala,PELICULAS INFANTILES.pdf
Blanca nieves y los Siete Enanos,PELICULAS INFANTILES.pdf
Bee movie,PELICULAS INFANTILES.pdf
Beetlejuice super fantasma,PELICULAS INFANTILES.pdf
Belleza negra,PELICULAS INFANTILES.pdf
"Bella y la bestia, la",PELICULAS INFANTILES.pdf
"Bionicle, renace la leyenda",PELICULAS INFANTILES.pdf
Boxtrolls,PELICULAS INFANTILES.pdf
Brainy baby: Laugh & learn en sala,PELICULAS INFANTILES.pdf
Brainy baby: Left brain  en sala,PELICULAS INFANTILES.pdf
Brainy baby: Peek-a-boo en sala,PELICULAS INFANTILES.pdf
Brainy baby : Right brain en sala,PELICULAS INFANTILES.pdf
"Bratz,  película,La",PELICULAS INFANTILES.pdf
"Bratz,  video El",PELICULAS INFANTILES.pdf
"Brujas, Las The witches",PELICULAS INFANTILES.pdf
"Brújula dorada, la",PELICULAS INFANTILES.pdf
Buscando a Nemo,PELICULAS INFANTILES.pdf
"Cadáver de la novia, el",PELICULAS INFANTILES.pdf
Canta y Baila con Barney,PELICULAS INFANTILES.pdf
Cars,PELICULAS INFANTILES.pdf
Cartoon craze: Daffy Duck y el dinosaurio,PELICULAS INFANTILES.pdf
"Cenicienta, La",PELICULAS INFANTILES.pdf
Charlie y la fabrica de chocolate  en sala,PELICULAS INFANTILES.pdf
Charlie y Lola Carlos y Lola bromeando  en sala,PELICULAS INFANTILES.pdf
Charlie y Lola segunda temporada  en sala,PELICULAS INFANTILES.pdf
Charlie y Lola tercera temporada : Necesito,PELICULAS INFANTILES.pdf
Charlie y Lola: Primera temporada DVD 1,PELICULAS INFANTILES.pdf
Charlie y Lola: Primera temporada. DVD 2,PELICULAS INFANTILES.pdf
Charlie y Lola: Primera temporada. DVD 3,PELICULAS INFANTILES.pdf
Charlie y Lola: Primera temporada. DVD 4,PELICULAS INFANTILES.pdf
Charlie y Lola: Primera temporada. DVD 5,PELICULAS INFANTILES.pdf
"Chicas superpoderosas, las: la película",PELICULAS INFANTILES.pdf
Chicken little,PELICULAS INFANTILES.pdf
Chicken Run,PELICULAS INFANTILES.pdf
Ciento un dalmatas,PELICULAS INFANTILES.pdf
Colección de los Looney Tunes : Lo mejor de,PELICULAS INFANTILES.pdf
Colorin colorado este cuento se ha acabado,PELICULAS INFANTILES.pdf
"Cómo entrenar a tu dragón, 2 How to train your",PELICULAS INFANTILES.pdf
dragon 2,PELICULAS INFANTILES.pdf
"Conde Patula, El",PELICULAS INFANTILES.pdf
Coraline,PELICULAS INFANTILES.pdf
"Cortos de Pixar, Los",PELICULAS INFANTILES.pdf
Creature Comforts,PELICULAS INFANTILES.pdf
"Crónicas de Narnia, las",PELICULAS INFANTILES.pdf
"Crónicas de Spiderwick, las",PELICULAS INFANTILES.pdf
"Cuentilandia DVD 1. Blancanieves, Caperucita",PELICULAS INFANTILES.pdf
"Cuentilandia DVD 2. La cenicienta, Los tres",PELICULAS INFANTILES.pdf
Cuentilandia DVD 3. El lobo y los siete cabritos,PELICULAS INFANTILES.pdf
Cuentos para chicos y chiapanecas,PELICULAS INFANTILES.pdf
Cuentos que no son cuento,PELICULAS INFANTILES.pdf
"Dama y el Vagabundo,La",PELICULAS INFANTILES.pdf
"Dark crystal, The",PELICULAS INFANTILES.pdf
Despereaux,PELICULAS INFANTILES.pdf
Dinosaurio,PELICULAS INFANTILES.pdf
Diviértete con Mickey,PELICULAS INFANTILES.pdf
Donde viven los monstruos,PELICULAS INFANTILES.pdf
Dora salva a las sirenas,PELICULAS INFANTILES.pdf
Dumbo/ Dumbo edición especial,PELICULAS INFANTILES.pdf
E.T. El extraterrestre,PELICULAS INFANTILES.pdf
Ella está encantada,PELICULAS INFANTILES.pdf
Elpidio Valdés,PELICULAS INFANTILES.pdf
"Era de hielo  1, La. solo en sala",PELICULAS INFANTILES.pdf
"Era del hielo 2, La . solo en sala",PELICULAS INFANTILES.pdf
"Era del hielo 3, La. solo en sala",PELICULAS INFANTILES.pdf
"Espantatiburones, El",PELICULAS INFANTILES.pdf
"Esposa de Santa Claus, La",PELICULAS INFANTILES.pdf
"Expreso polar, El",PELICULAS INFANTILES.pdf
"Extraño mundo de Jack, el",PELICULAS INFANTILES.pdf
Fábulas de Disney  : Donald en el país de las,PELICULAS INFANTILES.pdf
Fábulas de Disney : La leyenda del jinete sin,PELICULAS INFANTILES.pdf
Fábulas de Disney : La liebre y la tortuga; Rey,PELICULAS INFANTILES.pdf
Fábulas de Disney  : El pequeño Hiawatha; el,PELICULAS INFANTILES.pdf
Fantasmita/Jack Frost,PELICULAS INFANTILES.pdf
Frank,PELICULAS INFANTILES.pdf
Frankenweenie,PELICULAS INFANTILES.pdf
Frozen,PELICULAS INFANTILES.pdf
Gardfield 1,PELICULAS INFANTILES.pdf
Gardfield 2,PELICULAS INFANTILES.pdf
Gasper,PELICULAS INFANTILES.pdf
"Gato, El - The cat in the hat",PELICULAS INFANTILES.pdf
George de la selva,PELICULAS INFANTILES.pdf
Gigante de hierro,PELICULAS INFANTILES.pdf
"Goofy, la película",PELICULAS INFANTILES.pdf
"Goonies, Los",PELICULAS INFANTILES.pdf
"Gran película de Piglet, la",PELICULAS INFANTILES.pdf
Grandes héroes,PELICULAS INFANTILES.pdf
Grandes personajes de la historia Vol. 1,PELICULAS INFANTILES.pdf
Grandes personajes de la historia Vol. 2,PELICULAS INFANTILES.pdf
Gratitud y humildad,PELICULAS INFANTILES.pdf
"Grinch, el",PELICULAS INFANTILES.pdf
"Guerrero coyote iguana, el",PELICULAS INFANTILES.pdf
"Guerrero sin nombre, El",PELICULAS INFANTILES.pdf
Halo leyendas,PELICULAS INFANTILES.pdf
Hannah Montana Y Miley Cyrus en concierto: lo,PELICULAS INFANTILES.pdf
Hannah Montana: detrás del proyector,PELICULAS INFANTILES.pdf
Hans Christian Andersen: mi vida como un,PELICULAS INFANTILES.pdf
Hansel y Gretel,PELICULAS INFANTILES.pdf
Heidi,PELICULAS INFANTILES.pdf
Hello Kitty,PELICULAS INFANTILES.pdf
"High school musical , El desafío",PELICULAS INFANTILES.pdf
High school musical 2,PELICULAS INFANTILES.pdf
Historias de enamorados: una adorable,PELICULAS INFANTILES.pdf
Honestidad Responsabilidad,PELICULAS INFANTILES.pdf
Hotel Transylvania,PELICULAS INFANTILES.pdf
"Increíbles, Los",PELICULAS INFANTILES.pdf
"Independencia de México para niños, La",PELICULAS INFANTILES.pdf
Intensa mente Inside out,PELICULAS INFANTILES.pdf
Isla del Nim,PELICULAS INFANTILES.pdf
Jack y las habichuelas mágicas la verdadera,PELICULAS INFANTILES.pdf
Jimmy Neutron: Confusión Confusa solo en sala,PELICULAS INFANTILES.pdf
Jimmy Neutron: el niño genio solo en sala,PELICULAS INFANTILES.pdf
Jimmy Neutron: mar de problemas solo en sala,PELICULAS INFANTILES.pdf
Johnny Mysto niño mágico  solo en sala,PELICULAS INFANTILES.pdf
Jorobado de nothre dame,PELICULAS INFANTILES.pdf
"Juguetes de Navidad, Los",PELICULAS INFANTILES.pdf
Kirikou y las bestias salvajes,PELICULAS INFANTILES.pdf
"Kung Fu Panda, 3",PELICULAS INFANTILES.pdf
Laberinto,PELICULAS INFANTILES.pdf
"Leyenda de la nahuala, la",PELICULAS INFANTILES.pdf
"Libro de la selva, el",PELICULAS INFANTILES.pdf
"Libro de la selva, El-  The jungle book",PELICULAS INFANTILES.pdf
"Libro de Pooh, el : diviertete con mis amigos",PELICULAS INFANTILES.pdf
Lilo y Stich  solo en sala,PELICULAS INFANTILES.pdf
Lilo y Stitch 2 solo en sala,PELICULAS INFANTILES.pdf
Llegó el recreo,PELICULAS INFANTILES.pdf
Lo que al agua se llevó,PELICULAS INFANTILES.pdf
"Locuras veraniegas de Mickey, las",PELICULAS INFANTILES.pdf
Lórax en busca de la trúfula perdida Dr. Seuss’,PELICULAS INFANTILES.pdf
Loouie vol. 1   solo en sala,PELICULAS INFANTILES.pdf
Loouie vol. 2   solo en sala,PELICULAS INFANTILES.pdf
Loouie vol. 3   solo en sala,PELICULAS INFANTILES.pdf
Loouie vol. 4   solo en sala,PELICULAS INFANTILES.pdf
Loouie vol. 5    solo en sala,PELICULAS INFANTILES.pdf
Loouie vol. 6     solo en sala,PELICULAS INFANTILES.pdf
Loouie vol. 7   solo en sala,PELICULAS INFANTILES.pdf
Loouie vol. 8   solo en sala,PELICULAS INFANTILES.pdf
Loouie vol. 9   solo en sala,PELICULAS INFANTILES.pdf
Loouie vol. 10  solo en sala,PELICULAS INFANTILES.pdf
Luis Pescetti/No quiero ír a dormir,PELICULAS INFANTILES.pdf
Madagascar,PELICULAS INFANTILES.pdf
Madagascar 2,PELICULAS INFANTILES.pdf
Matilda,PELICULAS INFANTILES.pdf
Max Steel  vs. El oscuro enemigo,PELICULAS INFANTILES.pdf
Max Steel/ Bio  crisis,PELICULAS INFANTILES.pdf
Max Steel vs La amenaza mutante,PELICULAS INFANTILES.pdf
Megamente,PELICULAS INFANTILES.pdf
Meteoro,PELICULAS INFANTILES.pdf
Mi pequeña biblia,PELICULAS INFANTILES.pdf
Mi pobre angelito 1,PELICULAS INFANTILES.pdf
Mi pobre angelito  2,PELICULAS INFANTILES.pdf
Mi villano favorito,PELICULAS INFANTILES.pdf
Moderación  y  Disciplina,PELICULAS INFANTILES.pdf
Monster High,PELICULAS INFANTILES.pdf
"Montaña embrujada, La",PELICULAS INFANTILES.pdf
Muppets 2: Los más buscados,PELICULAS INFANTILES.pdf
"uestra pandilla 3 The Sandlot, 3 : Heading",PELICULAS INFANTILES.pdf
"uevo traje del emperador,  El  ; La traviesa",PELICULAS INFANTILES.pdf
Thumbelina,PELICULAS INFANTILES.pdf
Oliver y su pandilla,PELICULAS INFANTILES.pdf
Open season,PELICULAS INFANTILES.pdf
"Orígen de los guardianes, el",PELICULAS INFANTILES.pdf
Oye Arnold,PELICULAS INFANTILES.pdf
Oz el poderoso,PELICULAS INFANTILES.pdf
"Pantera rosa, la",PELICULAS INFANTILES.pdf
Paranorman,PELICULAS INFANTILES.pdf
Patita de perro,PELICULAS INFANTILES.pdf
Pedro y el lobo,PELICULAS INFANTILES.pdf
Pequeñas fieras del Futbol,PELICULAS INFANTILES.pdf
Peter Pan,PELICULAS INFANTILES.pdf
Pie pequeño : La gran helada,PELICULAS INFANTILES.pdf
Pie pequeño 3  : El tiempo de la gran entrega,PELICULAS INFANTILES.pdf
Pie pequeño 6 : el secreto de la roca de los,PELICULAS INFANTILES.pdf
Pie pequeño 11 : La invasión de los pequeños,PELICULAS INFANTILES.pdf
saurios,PELICULAS INFANTILES.pdf
Pinocho,PELICULAS INFANTILES.pdf
"Pitufos, Los",PELICULAS INFANTILES.pdf
Planeta 51,PELICULAS INFANTILES.pdf
"Planeta del tesoro, el",PELICULAS INFANTILES.pdf
Pocahontas,PELICULAS INFANTILES.pdf
Pollitos en fuga,PELICULAS INFANTILES.pdf
"Princesa y el sapo, la",PELICULAS INFANTILES.pdf
"Princesita, la",PELICULAS INFANTILES.pdf
"Principe de Egipto, el",PELICULAS INFANTILES.pdf
"Principito, el",PELICULAS INFANTILES.pdf
Rango,PELICULAS INFANTILES.pdf
Ratatouille,PELICULAS INFANTILES.pdf
"Revancha de Max, la",PELICULAS INFANTILES.pdf
Robots,PELICULAS INFANTILES.pdf
Rock dog,PELICULAS INFANTILES.pdf
"Simpson, Los",PELICULAS INFANTILES.pdf
Space jam,PELICULAS INFANTILES.pdf
"Stanley , salta conmigo",PELICULAS INFANTILES.pdf
Star Wars: clone wars,PELICULAS INFANTILES.pdf
Stuart Little 3: un ratón en la familia,PELICULAS INFANTILES.pdf
"Suertes, humores y pequeñas historias de la",PELICULAS INFANTILES.pdf
Independencia y la Revolución mexicana: cortos,PELICULAS INFANTILES.pdf
animados del bicentenario,PELICULAS INFANTILES.pdf
Super clásicos infantiles/ Conejo waikiki,PELICULAS INFANTILES.pdf
"Super clásicos infantiles/  Gigante ártico, El",PELICULAS INFANTILES.pdf
Super clásicos infantiles/ Muerto el miedo,PELICULAS INFANTILES.pdf
Tarzán,PELICULAS INFANTILES.pdf
Tarzán 2,PELICULAS INFANTILES.pdf
Teenage mutant ninja/ surgimiento de las,PELICULAS INFANTILES.pdf
Teenage mutant ninja/ Invasión kraang,PELICULAS INFANTILES.pdf
Teenage mutant ninja/ Invasión mutante,PELICULAS INFANTILES.pdf
"Telaraña de Charlotte, la",PELICULAS INFANTILES.pdf
The cat in the hat,PELICULAS INFANTILES.pdf
The princess bride,PELICULAS INFANTILES.pdf
The wheels on the bus / las ruedas del autobus,PELICULAS INFANTILES.pdf
Tierra de Osos,PELICULAS INFANTILES.pdf
Tinker Bell,PELICULAS INFANTILES.pdf
Titán A.E,PELICULAS INFANTILES.pdf
Todos los perros van al cielo,PELICULAS INFANTILES.pdf
Tom y Jerry y el anillo mágico,PELICULAS INFANTILES.pdf
Tom y Jerry: saliendo de clases,PELICULAS INFANTILES.pdf
"Tostada valiente va a marte, La",PELICULAS INFANTILES.pdf
"Toy story,  1",PELICULAS INFANTILES.pdf
"Toy story, 2",PELICULAS INFANTILES.pdf
"Toy story, 3",PELICULAS INFANTILES.pdf
Una navidad con los muppets,PELICULAS INFANTILES.pdf
Una noche en el museo,PELICULAS INFANTILES.pdf
Una noche en el museo 2,PELICULAS INFANTILES.pdf
Una ratoncita valiente,PELICULAS INFANTILES.pdf
Under the mountain,PELICULAS INFANTILES.pdf
Vacas vaqueras,PELICULAS INFANTILES.pdf
Valiente,PELICULAS INFANTILES.pdf
¡Vamos a cantar!,PELICULAS INFANTILES.pdf
Vecinos invasores,PELICULAS INFANTILES.pdf
Veinte mil leguas de viaje submarino,PELICULAS INFANTILES.pdf
Videoteca de los valores para niños,PELICULAS INFANTILES.pdf
"Viento en los sauces, el : la caricatura",PELICULAS INFANTILES.pdf
Wall-E,PELICULAS INFANTILES.pdf
Wallece y Gromit: la batalla de los vegetales,PELICULAS INFANTILES.pdf
Willy Wonka  y la fàbrica de chocolate,PELICULAS INFANTILES.pdf
Winnie the Pooh y el pequeño efelante,PELICULAS INFANTILES.pdf
"Zorro y el sabueso, el",PELICULAS INFANTILES.pdf
TITULO,PISO 7.pdf
Arráncame la vida,PISO 7.pdf
"Olvidados,Los",PISO 7.pdf
"asombrosa Tierra, La",PISO 7.pdf
Cavallo entre rejas,PISO 7.pdf
CIENCIA Y TECNOLOGIA,PISO 7.pdf
¡Clonación!,PISO 7.pdf
Electricidad y magnetismo,PISO 7.pdf
"mente humana, La",PISO 7.pdf
Dos mil uno:odisea del espacio,PISO 7.pdf
"planetas , Los",PISO 7.pdf
"tabla periódica, La",PISO 7.pdf
"vengador del futuro, El",PISO 7.pdf
Adiós a las Vegas,PISO 7.pdf
"almuerzo desnudo,El",PISO 7.pdf
"ángel borracho, El",PISO 7.pdf
"apando, El",PISO 7.pdf
Así del precipicio,PISO 7.pdf
Bicho de siete cabezas,PISO 7.pdf
Camino a la gloria,PISO 7.pdf
Cara cortada,PISO 7.pdf
Contr-adicciones,PISO 7.pdf
Contra la pared,PISO 7.pdf
"verdad sobre el odio, La",PISO 7.pdf
Entre tinieblas,PISO 7.pdf
Heroína,PISO 7.pdf
Imperio,PISO 7.pdf
"infierno de todos tan temido , El",PISO 7.pdf
mantenidas sin sueños.Las,PISO 7.pdf
Vivir de nuevo,PISO 7.pdf
"amores de Romaine, Los",PISO 7.pdf
Bellas de noche,PISO 7.pdf
Eróscopo amor ysexo en el zodiaco,PISO 7.pdf
Eros :una vez María,PISO 7.pdf
Betty blue,PISO 7.pdf
"habitación azul, La",PISO 7.pdf
Historias de lujuria y otros males,PISO 7.pdf
"historia de Richard O, La",PISO 7.pdf
"imperio de la pasión, El",PISO 7.pdf
Lucía y el sexo,PISO 7.pdf
Luna amarga,PISO 7.pdf
ueve  orgasmos,PISO 7.pdf
Por sexo o por amor,PISO 7.pdf
Retrato al natural,PISO 7.pdf
La tarea,PISO 7.pdf
Cachorro,PISO 7.pdf
La chica danesa,PISO 7.pdf
Compilación de los principales,PISO 7.pdf
instrumentos internacionales sobre,PISO 7.pdf
derechos humanos,PISO 7.pdf
Delitos contra las mujeres :,PISO 7.pdf
Derechos de las mujeres,PISO 7.pdf
Diez historias cortas de amor,PISO 7.pdf
El globo,PISO 7.pdf
Las horas,PISO 7.pdf
Justicia nuestra,PISO 7.pdf
mala educación,PISO 7.pdf
muchachos no lloran,PISO 7.pdf
transformación cultural,PISO 7.pdf
ancy Cárdenas,PISO 7.pdf
"Secreto en la montaña, El",PISO 7.pdf
Sistema socioeconómico y,PISO 7.pdf
georeferencial sobre la violencia de,PISO 7.pdf
voces de mujeres,PISO 7.pdf
Fahrenheit 451,PISO 7.pdf
cartero,PISO 7.pdf
"lengua de las mariposas, La",PISO 7.pdf
Auka! mitología yumana,PISO 7.pdf
Compendio enciclopédico del náhuatl,PISO 7.pdf
[recurso electrónico,PISO 7.pdf
Cha'anil paax y éetel k'aayo'ob,PISO 7.pdf
De fiestas y mujeres en Juchitá,PISO 7.pdf
"Huicholes :la mitología de un pueblo,Los Documental",PISO 7.pdf
Jicuri Neirra :la danza del peyote,PISO 7.pdf
"manchicuepas del Tlacuache,Las",PISO 7.pdf
Ma´titla´tocan Naualla´tolli,PISO 7.pdf
Mara´ acame,PISO 7.pdf
Mazahuas ; Otomíes; Lacandones,PISO 7.pdf
Memuti autsiemieme,PISO 7.pdf
México patrimonio de la humanidad,PISO 7.pdf
"montaña de Guerrero,La",PISO 7.pdf
Mundo Maya,PISO 7.pdf
Palenque,PISO 7.pdf
Pueblos indígenas de México,PISO 7.pdf
Searchin for the Maya,PISO 7.pdf
Silvestre Pantaleón,PISO 7.pdf
Tarahumaras,PISO 7.pdf
Ta tuutsima wa wewiya,PISO 7.pdf
Tepehuas,PISO 7.pdf
Tulum la ciudad del alba y tulum y,PISO 7.pdf
chiché_itza,PISO 7.pdf
Una Amauroto p´urhépecha,PISO 7.pdf
"Zapotecas de Monte Albá,Los",PISO 7.pdf
Akira,PISO 7.pdf
"Batman ""año uno",PISO 7.pdf
Batman :ataque arkaham,PISO 7.pdf
Batman el caballero de la noche regresa,PISO 7.pdf
Batman el misterio de la capucha roja,PISO 7.pdf
Bleach,PISO 7.pdf
"Bleach ,3",PISO 7.pdf
Bleach 6,PISO 7.pdf
"Bleach double feature, Memories of",PISO 7.pdf
"body , disco 1",PISO 7.pdf
"Bleach double feature,The diamond",PISO 7.pdf
"dust rebellión, disco 2",PISO 7.pdf
Bleach fade to black,PISO 7.pdf
Bleach: the diamonddust rebellion :the,PISO 7.pdf
"movie, 2",PISO 7.pdf
"Candy-Candy, 2",PISO 7.pdf
El castillo de Cagliostro,PISO 7.pdf
El castillo en el cielo,PISO 7.pdf
Devil May Cry,PISO 7.pdf
Dragon Ball Z,PISO 7.pdf
Evangelión : I. II,PISO 7.pdf
Evangelion: 222,PISO 7.pdf
Fullmetal alchemist,PISO 7.pdf
Fullmetal alchemist :Brotherhood :,PISO 7.pdf
Ghost in the shell stand alone  complex,PISO 7.pdf
Ghost in the shell 2,PISO 7.pdf
Hellsing,PISO 7.pdf
"hijo de Batman, El",PISO 7.pdf
Iron Man y Hulk,PISO 7.pdf
Kiki :entregas a domicilio,PISO 7.pdf
La liga de la justicia :crisis en dos,PISO 7.pdf
mundos,PISO 7.pdf
Linterna verde,PISO 7.pdf
Mazinger Z,PISO 7.pdf
Mi vecino Totoro,PISO 7.pdf
aruto :legend of the stone,PISO 7.pdf
aruto shippuden :7,PISO 7.pdf
aruto shippuden :10,PISO 7.pdf
aruto shippuden 15,PISO 7.pdf
aruto Shippuden 18,PISO 7.pdf
aruto shippuden :19,PISO 7.pdf
ecessary evil,PISO 7.pdf
"iños lobo , Los",PISO 7.pdf
"One piec :collection, 1",PISO 7.pdf
"One piece :collection, 2",PISO 7.pdf
"One piece :collection, 3",PISO 7.pdf
"One piece :collection, 4",PISO 7.pdf
"One piece :collection, 5",PISO 7.pdf
"One piece :collection, 8",PISO 7.pdf
"One piece :collection, 9",PISO 7.pdf
Paprika,PISO 7.pdf
Recuerdos del ayer,PISO 7.pdf
Remi,PISO 7.pdf
Resident Evil :infierno,PISO 7.pdf
Se levanta el viento,PISO 7.pdf
Shonen jump Naruto :uncut box set 4,PISO 7.pdf
Shonen jump Naruto :uncut box set 6,PISO 7.pdf
Shonen jump Naruto:uncut box set 9,PISO 7.pdf
Shone jump one piece :season five,PISO 7.pdf
voyage three,PISO 7.pdf
Shone jump one piece :season four,PISO 7.pdf
voyage four,PISO 7.pdf
Shonen jump one piece :season five,PISO 7.pdf
voyage five,PISO 7.pdf
Shonen jump one piece :Season five,PISO 7.pdf
voyage six,PISO 7.pdf
Susurros del corazón,PISO 7.pdf
La tumba de las luciérnagas,PISO 7.pdf
Tsubasa,PISO 7.pdf
El viaje de Chihiro,PISO 7.pdf
Ahí esta el detalle,PISO 7.pdf
Allá en el rancho grande,PISO 7.pdf
"ametralladora, La",PISO 7.pdf
Arqueología de México,PISO 7.pdf
Arte mexicano,PISO 7.pdf
"automóvil gris, El",PISO 7.pdf
Azul Maya,PISO 7.pdf
Cátalogo de la historieta mexicana del,PISO 7.pdf
siglo XX,PISO 7.pdf
Carlos Monsiváis,PISO 7.pdf
Cilantro y Perejil,PISO 7.pdf
"corazón de la noche, La",PISO 7.pdf
"Compadre Mendoza,El(La trilogía dela",PISO 7.pdf
revolución Fernando De Fuentes),PISO 7.pdf
Constitución y su interpretación por el,PISO 7.pdf
poder judicial de la federación,PISO 7.pdf
Danzón,PISO 7.pdf
De Azteca a Mexicas,PISO 7.pdf
Documentales,PISO 7.pdf
¿Dónde esta Macotela?,PISO 7.pdf
"emperatriz de México, La",PISO 7.pdf
Enciclopedia electrónica,PISO 7.pdf
mesoamericana,PISO 7.pdf
mesoamericana(FAUNA,PISO 7.pdf
MESOAMERICANA),PISO 7.pdf
mesoamericana(GASTRONOMIA,PISO 7.pdf
PRESISPANICA),PISO 7.pdf
mesoamericana(GIFOS,PISO 7.pdf
PRESHISPANICOS),PISO 7.pdf
mesoamericana(HISTORIA Y PRESENCIA,PISO 7.pdf
DE VESTIDO DE MÉXICO),PISO 7.pdf
mesoamericana (OCCIDENTE DE,PISO 7.pdf
MÉXICO),PISO 7.pdf
(PERSONAJES Y EFEMERIDES DE,PISO 7.pdf
MÉXICO,PISO 7.pdf
Este México lo conocemos mejor que el,PISO 7.pdf
mapa,PISO 7.pdf
En batalla :el teatro de Ludwik Margules,PISO 7.pdf
"guerra santa, La",PISO 7.pdf
"herederos, Los",PISO 7.pdf
"hombre de los hongos, El",PISO 7.pdf
"imperio de la fortuna, La",PISO 7.pdf
Independencia de México,PISO 7.pdf
Independencia de México 1810,PISO 7.pdf
Irrigación en México,PISO 7.pdf
"isla encantada, La",PISO 7.pdf
José Guadalupe Posada,PISO 7.pdf
"ley de Herodes , La",PISO 7.pdf
Manuel Álvarez Bravo :la mirada que,PISO 7.pdf
toca,PISO 7.pdf
Manuel Felguérez :el espacio múltiple,PISO 7.pdf
María Sabina,PISO 7.pdf
Matiz de luz,PISO 7.pdf
Mazahuas ; Otomíes; Lacandones;,PISO 7.pdf
Choles,PISO 7.pdf
Medallas y condecoraciones del acervo,PISO 7.pdf
histórico del Museo Nacional de Historia,PISO 7.pdf
Castillo,PISO 7.pdf
Mesoamérica :donde las piedras hablan,PISO 7.pdf
Mexican boys,PISO 7.pdf
México bajo la óptica de Juan Guzmán,PISO 7.pdf
México :cultural and natural,PISO 7.pdf
México en España,PISO 7.pdf
México en Gran Bretaña,PISO 7.pdf
México en Italia y en el Vaticano,PISO 7.pdf
México:la historia de su democracia,PISO 7.pdf
"México, la revolución congelada",PISO 7.pdf
México sobre rieles,PISO 7.pdf
MEXICO 1900-2000 :UN SIGLO EN,PISO 7.pdf
IMAGENES,PISO 7.pdf
"i muy, muy... ni tan, tan... simplemente",PISO 7.pdf
Tintan,PISO 7.pdf
iño Fidencio,PISO 7.pdf
Oaxaca,PISO 7.pdf
"poder del jefe, El I, II, III",PISO 7.pdf
Proceso de don Miguel Hidalgo y Costilla,PISO 7.pdf
en 1811,PISO 7.pdf
"Recuerdos del toreo en México, 1947-",PISO 7.pdf
Restauración Econogica de las islas  San,PISO 7.pdf
Pedro Mártir y Farallón de San Ignacio,PISO 7.pdf
Golfo,PISO 7.pdf
"Semana Santa entre los Mayos , La",PISO 7.pdf
Todo el poder,PISO 7.pdf
trilogía de la Revolución de Fernando de,PISO 7.pdf
"Fuentes , El",PISO 7.pdf
Un retrato de Diego,PISO 7.pdf
UNAM México  :guía de sitios y espacios,PISO 7.pdf
Vicente Rojo,PISO 7.pdf
Videoteca histórica :la vida en México en,PISO 7.pdf
el siglo XX,PISO 7.pdf
Animales fantásticos,PISO 7.pdf
Bajo la misma estrella,PISO 7.pdf
Besos Perdidos,PISO 7.pdf
Ciudades de papel,PISO 7.pdf
edad de la peseta La,PISO 7.pdf
"edukadores, Los",PISO 7.pdf
Intensa mente,PISO 7.pdf
LOL (Loughing out loud) [,PISO 7.pdf
Mil nubes de paz cercan el cielo,PISO 7.pdf
"mujer maravilla, La",PISO 7.pdf
Preciosa,PISO 7.pdf
Sobreviviendo a la preparatoria,PISO 7.pdf
En el mundo a cada rato,PISO 7.pdf
"gran videoteca de la educadora, La",PISO 7.pdf
meses :una nueva vida,PISO 7.pdf
So smart!,PISO 7.pdf
Todobebé,PISO 7.pdf
Viaje hacia la vida,PISO 7.pdf
"autorrealización, La",PISO 7.pdf
IDIOMAS,IDIOMAS.pdf
Alemán en la empresa,IDIOMAS.pdf
LAROUSSE : ALEMAN FACIL: PRIMER,IDIOMAS.pdf
CONTACTO,IDIOMAS.pdf
LAROUSSE : ALEMAN FACIL: ESENCIAL,IDIOMAS.pdf
Larousse alemán método inicial :,IDIOMAS.pdf
objetivo: resultados rápidos,IDIOMAS.pdf
Alemán : curso intensivo con CD,IDIOMAS.pdf
Alemán para hipanohablantes,IDIOMAS.pdf
Chinese for everyone,IDIOMAS.pdf
Cartas y multimedia de caracteres,IDIOMAS.pdf
chinos,IDIOMAS.pdf
Chino interactivo,IDIOMAS.pdf
LAROUSSE : FRANCES FACIL: PRIMER,IDIOMAS.pdf
LAROUSSE : FRANCES FACIL:,IDIOMAS.pdf
ESENCIAL,IDIOMAS.pdf
Francés en la empresa,IDIOMAS.pdf
CAMPUS D METHODE DE FRANCAIS,IDIOMAS.pdf
COMPREHENSION ORALE NIVEAU 1,IDIOMAS.pdf
EXPRESSION ORALE NIVEAU 1,IDIOMAS.pdf
FRANCES EXPRESS : EL FRANCES DE,IDIOMAS.pdf
HOY A SU ALCANCE,IDIOMAS.pdf
Grammaire 450 nouveaurt exercices,IDIOMAS.pdf
Inglés de cada día,IDIOMAS.pdf
LAROUSSE : INGLES FACIL : PRIMER,IDIOMAS.pdf
Inglés en la empresa,IDIOMAS.pdf
LAROUSSE : INGLES FACIL JUNIOR,IDIOMAS.pdf
Larousse inglés fácil Nivel 0,IDIOMAS.pdf
Larousse inglés fácil [CD-ROM]. : Nivel 1,IDIOMAS.pdf
INGLES EXPRESS : EL INGLES A SU,IDIOMAS.pdf
ALCANCE,IDIOMAS.pdf
Junior english alive,IDIOMAS.pdf
Curso interactivo de inglés océano,IDIOMAS.pdf
Tutor interactivo plus curso interactivo,IDIOMAS.pdf
de inglés,IDIOMAS.pdf
Advanced english,IDIOMAS.pdf
Movie talk aprenda inglés con las,IDIOMAS.pdf
estrellas de Hollywood: Asesinato en,IDIOMAS.pdf
Malibú,IDIOMAS.pdf
estrellas de Hollywood: Paraíso fatal,IDIOMAS.pdf
estrellas de Hollywood: El florista,IDIOMAS.pdf
petrificado,IDIOMAS.pdf
estrellas de Hollywood: Un crimen de,IDIOMAS.pdf
libro,IDIOMAS.pdf
Inglés : método integral básico,IDIOMAS.pdf
objetivo: aprender practicando,IDIOMAS.pdf
Accelerated english one,IDIOMAS.pdf
Hablemos todos ingles : Libro 1,IDIOMAS.pdf
Hablemos todos inglés 1,IDIOMAS.pdf
Hablemos todos ingles : Libro 2,IDIOMAS.pdf
Hablemos todos Inglés 2,IDIOMAS.pdf
Hablemos todos ingles : Libro 3,IDIOMAS.pdf
Hablemos todos inglés 3,IDIOMAS.pdf
Curso de inglés,IDIOMAS.pdf
Curso de inglés 2,IDIOMAS.pdf
CURSO MULTIMEDIA DE INGLES,IDIOMAS.pdf
INTERACTIVE ENGLISH,IDIOMAS.pdf
LAROUSSE : ITALIANO FACIL: PRIMER,IDIOMAS.pdf
LAROUSSE ITALIANO FACIL: ESENCIA,IDIOMAS.pdf
LAROUSSE : JAPONES FACIL: PRIMER,IDIOMAS.pdf
Ruso para hispanohablantes libro de,IDIOMAS.pdf
curso 1,IDIOMAS.pdf
Ruso para hispanohablantes : nivel 2,IDIOMAS.pdf
