Title,Error,SourcePDF
"Beetlejuice, el súper fantasma",IMDb ID not found,BLU- RAY.pdf
"BÚSQUEDA IMPLACABLE, 3",IMDb ID not found,BLU- RAY.pdf
ASESINO DEL FUTURO,IMDb ID not found,BLU- RAY.pdf
Bienvenidos al ayer,IMDb ID not found,BLU- RAY.pdf
BATMAN EL CABALLERO DE LA NOCHE,IMDb ID not found,BLU- RAY.pdf
Amantes de 5 a 7,IMDb ID not found,BLU- RAY.pdf
BUSCANDO A NEMO,IMDb ID not found,BLU- RAY.pdf
"Chica que saltaba a través del tiempo, La",IMDb ID not found,BLU- RAY.pdf
CONOCERÁS AL HOMBRE DE TUS SUEÑOS,IMDb ID not found,BLU- RAY.pdf
CONTANDO A MIS EX,IMDb ID not found,BLU- RAY.pdf
"Delgada línea amarilla, La",IMDb ID not found,BLU- RAY.pdf
"Demonio Neón, El",IMDb ID not found,BLU- RAY.pdf
EL DÍA DEL JUICIO FINAL,IMDb ID not found,BLU- RAY.pdf
"Dictadura Perfecta, La",IMDb ID not found,BLU- RAY.pdf
EL DISCURSO DEL REY,IMDb ID not found,BLU- RAY.pdf
BATMAN INICIA,IMDb ID not found,BLU- RAY.pdf
"Avispon Verde, El",IMDb ID not found,BLU- RAY.pdf
"Amor, honor y libertad",IMDb ID not found,BLU- RAY.pdf
DRAGON BALL: COOLERS REVENGE,IMDb ID not found,BLU- RAY.pdf
DOCE [I. E. 12] AÑOS ESCLAVO,IMDb ID not found,BLU- RAY.pdf
ENAMORÁNDOME DE MI EX,IMDb ID not found,BLU- RAY.pdf
EVANGELIÓN : I. II,IMDb ID not found,BLU- RAY.pdf
EVANGELION: 222,IMDb ID not found,BLU- RAY.pdf
EN BUSCA DE UN ASESINO,IMDb ID not found,BLU- RAY.pdf
Exterminio 2,IMDb ID not found,BLU- RAY.pdf
Frankenstein de Mary Shelley,IMDb ID not found,BLU- RAY.pdf
Furia de titanes 2 3D,IMDb ID not found,BLU- RAY.pdf
GA’HOOLE,IMDb ID not found,BLU- RAY.pdf
GRANDES HÉROES,IMDb ID not found,BLU- RAY.pdf
HANNIBAL  Temporada 1,IMDb ID not found,BLU- RAY.pdf
"HIJO DE BATMAN,EL",IMDb ID not found,BLU- RAY.pdf
IRON MAN Y HULK,IMDb ID not found,BLU- RAY.pdf
JAZMÍN AZUL,IMDb ID not found,BLU- RAY.pdf
"JOVEN MANOS DE TIJERAS, EL",IMDb ID not found,BLU- RAY.pdf
"KILL BILL, 1",IMDb ID not found,BLU- RAY.pdf
Kiki entregas a domicilio,IMDb ID not found,BLU- RAY.pdf
"KILL BILL, 2",IMDb ID not found,BLU- RAY.pdf
Harry Potter :y las reliquias de la muerte,IMDb ID not found,BLU- RAY.pdf
Laberinto del terror.El,IMDb ID not found,BLU- RAY.pdf
LA LIGA DE LA JUSTICIA: GUERRA,IMDb ID not found,BLU- RAY.pdf
"LEYENDA DE LA PRINCESA KAGUYA,La",IMDb ID not found,BLU- RAY.pdf
LOCO Y ESTÚPIDO AMOR,IMDb ID not found,BLU- RAY.pdf
LOCA POR LAS COMPRAS,IMDb ID not found,BLU- RAY.pdf
LUCES DE LA CIUDAD,IMDb ID not found,BLU- RAY.pdf
"LLanero Solitario, El",IMDb ID not found,BLU- RAY.pdf
Maléfica: dueña del mal,IMDb ID not found,BLU- RAY.pdf
MENTE INDOMABLE,IMDb ID not found,BLU- RAY.pdf
"Mañana Nunca muere, El",IMDb ID not found,BLU- RAY.pdf
MI VECINO TOTORO,IMDb ID not found,BLU- RAY.pdf
LOS NIÑOS ESTÁN BIEN,IMDb ID not found,BLU- RAY.pdf
"MUPPETS, 2",IMDb ID not found,BLU- RAY.pdf
ARNIA 3D,IMDb ID not found,BLU- RAY.pdf
OBEDIENCIA PERFECTA,IMDb ID not found,BLU- RAY.pdf
ORANGE IS THE NEW BLACK (PRIMERA,IMDb ID not found,BLU- RAY.pdf
"OZ, EL PODEROSO",IMDb ID not found,BLU- RAY.pdf
"PACIENTE INGLES, EL",IMDb ID not found,BLU- RAY.pdf
ORANGE IS THE NEW BLACK (SEGUNDA,IMDb ID not found,BLU- RAY.pdf
"PAREDES HABLAN, LAS",IMDb ID not found,BLU- RAY.pdf
PERDIDO EN AFGANISTÁN,IMDb ID not found,BLU- RAY.pdf
PÉRDIDA DE LA INOCENCIA,IMDb ID not found,BLU- RAY.pdf
PODER SIN LÍMITES,IMDb ID not found,BLU- RAY.pdf
POLICÍAS DE REPUESTO,IMDb ID not found,BLU- RAY.pdf
LA POSESIÓN DE SALLY,IMDb ID not found,BLU- RAY.pdf
"PIANISTA, EL",IMDb ID not found,BLU- RAY.pdf
QUIERO MATAR A MI JEFE,IMDb ID not found,BLU- RAY.pdf
RÁPIDOS Y FURIOSOS 5IN CONTROL,IMDb ID not found,BLU- RAY.pdf
SABES QUIÉN VIENE?,IMDb ID not found,BLU- RAY.pdf
ROSEMARY’S BABY,IMDb ID not found,BLU- RAY.pdf
SALVAR UNA VIDA,IMDb ID not found,BLU- RAY.pdf
SECRETOS PELIGROSOS,IMDb ID not found,BLU- RAY.pdf
SE LEVANTA EL VIENTO,IMDb ID not found,BLU- RAY.pdf
SOMBRAS TENEBROSAS,IMDb ID not found,BLU- RAY.pdf
EL SUEÑO DE WALT,IMDb ID not found,BLU- RAY.pdf
Tan fuerte y tan cerca Extremely Loud &,IMDb ID not found,BLU- RAY.pdf
TODO UN PARTO,IMDb ID not found,BLU- RAY.pdf
TRANSFORMES,IMDb ID not found,BLU- RAY.pdf
"ÚLTIMA NOCHE DE LA HUMANIDAD, LA 3D",IMDb ID not found,BLU- RAY.pdf
"VENGADOR FANTASMA 2, EL",IMDb ID not found,BLU- RAY.pdf
UN CHIHUAHUA DE BEVERLY HILLS,IMDb ID not found,BLU- RAY.pdf
VIDA ES BELLA. LA,IMDb ID not found,BLU- RAY.pdf
agua y la vidaEl,IMDb ID not found,BLU- RAY.pdf
"agua y la vida, El",IMDb ID not found,BLU- RAY.pdf
"agua y la vida, El (estaciones del mar,Las",IMDb ID not found,BLU- RAY.pdf
agua y la vida El,IMDb ID not found,BLU- RAY.pdf
"agua y la vida,El",IMDb ID not found,BLU- RAY.pdf
"agua y la vida,El ( viaje a las profundidades",IMDb ID not found,BLU- RAY.pdf
IMAX  MAR PROFUNDO 3D,IMDb ID not found,BLU- RAY.pdf
MONSTRUOS DEL MAR,IMDb ID not found,BLU- RAY.pdf
"REINO DE LOS OCÉANOS, EL",IMDb ID not found,BLU- RAY.pdf
"Rutas del mundo: destinos soñados, India",IMDb ID not found,BLU- RAY.pdf
"Rutas del mundo: destinos soñados, Polinesia",IMDb ID not found,BLU- RAY.pdf
"Rutas del mundo: destinos soñados, Turquía",IMDb ID not found,BLU- RAY.pdf
"Rutas del mundo: destinos soñados, Vietnam",IMDb ID not found,BLU- RAY.pdf
"Rutas del mundo: el gran viaje, El imperio de",IMDb ID not found,BLU- RAY.pdf
"Rutas del mundo: el gran viaje, Los herederos",IMDb ID not found,BLU- RAY.pdf
"Rutas del mundo: el gran viaje, Los hombres",IMDb ID not found,BLU- RAY.pdf
entre las bestias,IMDb ID not found,BLU- RAY.pdf
"Rutas del mundo: el gran viaje, El hombre",IMDb ID not found,BLU- RAY.pdf
"Rutas del mundo: el gran viaje, Laberinto",IMDb ID not found,BLU- RAY.pdf
"Rutas del mundo: el gran viaje, Los nómadas",IMDb ID not found,BLU- RAY.pdf
"Rutas del mundo: el gran viaje, El mundo de",IMDb ID not found,BLU- RAY.pdf
"Rutas del mundo: el gran viaje, Orillas del mar",IMDb ID not found,BLU- RAY.pdf
del Gobi,IMDb ID not found,BLU- RAY.pdf
"Rutas del mundo: el gran viaje, El otro lado",IMDb ID not found,BLU- RAY.pdf
"Rutas del mundo: el gran viaje, Los reinos",IMDb ID not found,BLU- RAY.pdf
olvidados de África,IMDb ID not found,BLU- RAY.pdf
"Rutas del mundo: el gran viaje, La tierra de",IMDb ID not found,BLU- RAY.pdf
los navajos,IMDb ID not found,BLU- RAY.pdf
"Rutas del mundo: el gran viaje, Los últimos",IMDb ID not found,BLU- RAY.pdf
indígenas de Europa,IMDb ID not found,BLU- RAY.pdf
Con M de muerte,IMDb ID not found,CINE.pdf
Barbarella: reina de la galaxia,IMDb ID not found,CINE.pdf
Básico y letal,IMDb ID not found,CINE.pdf
"Rutas del mundo: destinos soñados, Japón",IMDb ID not found,BLU- RAY.pdf
"Bastardos,Los",IMDb ID not found,CINE.pdf
Rutas del mundo: destinos soñados,IMDb ID not found,BLU- RAY.pdf
Bastardos Sin Gloria,IMDb ID not found,CINE.pdf
"Batalla de Riddick, La",IMDb ID not found,CINE.pdf
"Rutas del mundo: destinos soñados, Tailandia",IMDb ID not found,BLU- RAY.pdf
Batalla en el infierno,IMDb ID not found,CINE.pdf
planeta) 210,IMDb ID not found,CINE.pdf
battle planet(La conquista del,IMDb ID not found,CINE.pdf
Batalla por la tierra  211,IMDb ID not found,CINE.pdf
"Bebé de Rosemary, El  212",IMDb ID not found,CINE.pdf
Beethoven 213,IMDb ID not found,CINE.pdf
eethoven monstruo inmortal 215,IMDb ID not found,CINE.pdf
Beethoven 3 214,IMDb ID not found,CINE.pdf
Bella 216,IMDb ID not found,CINE.pdf
bête 217,IMDb ID not found,CINE.pdf
Belle & Bella,IMDb ID not found,CINE.pdf
Belleza americana 219,IMDb ID not found,CINE.pdf
Belleza robada,IMDb ID not found,CINE.pdf
Bernard y Doris,IMDb ID not found,CINE.pdf
Bernardita de Lourdes,IMDb ID not found,CINE.pdf
Besos perdidos 227,IMDb ID not found,CINE.pdf
Betty Fisher y otras historias,IMDb ID not found,CINE.pdf
"Biblia, La",IMDb ID not found,CINE.pdf
Bicho de siete cabezas  231,IMDb ID not found,CINE.pdf
Bienvenido paisano,IMDb ID not found,CINE.pdf
Blanca nieves un cuento de terror,IMDb ID not found,CINE.pdf
Snowwhite : a tale of horror  238,IMDb ID not found,CINE.pdf
"Bella y la bestia, La",IMDb ID not found,CINE.pdf
"Bello durmiente, El 221",IMDb ID not found,CINE.pdf
Beowulf : la leyenda,IMDb ID not found,CINE.pdf
sangre 241,IMDb ID not found,CINE.pdf
BloodRayne 2 : Deliverance,IMDb ID not found,CINE.pdf
"Beso del juego, El",IMDb ID not found,CINE.pdf
Borat : el segudo mejor reportero del,IMDb ID not found,CINE.pdf
glorioso país Kazajistán viaja a,IMDb ID not found,CINE.pdf
américa 244,IMDb ID not found,CINE.pdf
"Bordadoras, Las",IMDb ID not found,CINE.pdf
estela del Nilo,IMDb ID not found,BLU- RAY.pdf
"Rutas del mundo: el gran viaje, Siguiendo la",IMDb ID not found,BLU- RAY.pdf
"Borgia, Los",IMDb ID not found,CINE.pdf
Baker 247,IMDb ID not found,CINE.pdf
"Botín de los valientes, El",IMDb ID not found,CINE.pdf
heroes 249,IMDb ID not found,CINE.pdf
Brasil Brazil 251,IMDb ID not found,CINE.pdf
Boxer: golpe a la vida,IMDb ID not found,CINE.pdf
"Bicicleta verde, La",IMDb ID not found,CINE.pdf
montaña  255,IMDb ID not found,CINE.pdf
"Brujas de Salem, Las",IMDb ID not found,CINE.pdf
Buda explotó de vergüenza,IMDb ID not found,CINE.pdf
"Brujas de Eastwick, Las",IMDb ID not found,CINE.pdf
Buenos muchachos Goodfellas,IMDb ID not found,CINE.pdf
Búfalo Americano,IMDb ID not found,CINE.pdf
"Cabaña The Schack, La  267",IMDb ID not found,CINE.pdf
"Cabaña,La",IMDb ID not found,CINE.pdf
Cacería voraz II,IMDb ID not found,CINE.pdf
Cachorro  271,IMDb ID not found,CINE.pdf
"Cachorros, Los 272",IMDb ID not found,CINE.pdf
Cada loco con su tema,IMDb ID not found,CINE.pdf
Cada quien su cine,IMDb ID not found,CINE.pdf
Cadena de favores 276,IMDb ID not found,CINE.pdf
Caída del Halcón negro 277,IMDb ID not found,CINE.pdf
"Caída, La : Los últimos días de Hitler 279",IMDb ID not found,CINE.pdf
Calígula 281,IMDb ID not found,CINE.pdf
Callas para siempre,IMDb ID not found,CINE.pdf
"Calle,La (la strada) 283",IMDb ID not found,CINE.pdf
"Callejón de los milagros, El",IMDb ID not found,CINE.pdf
Brigadas rojas,IMDb ID not found,CINE.pdf
"Cambiadora de páginas, La",IMDb ID not found,CINE.pdf
Cambiamos pareja?,IMDb ID not found,CINE.pdf
"Camino al infierno, El : Ruta 666",IMDb ID not found,CINE.pdf
Camino de la venganza 291,IMDb ID not found,CINE.pdf
Buenos días noche 261,IMDb ID not found,CINE.pdf
Camino del dragón. El 292,IMDb ID not found,CINE.pdf
para morir) 295,IMDb ID not found,CINE.pdf
Camino hacia el terror 4 (inicio,IMDb ID not found,CINE.pdf
sangriento) 296,IMDb ID not found,CINE.pdf
"Campos de la muerte, Los",IMDb ID not found,CINE.pdf
Cantando bajo la lluvia,IMDb ID not found,CINE.pdf
rain 303,IMDb ID not found,CINE.pdf
Capitán América y el soldado del,IMDb ID not found,CINE.pdf
invierno 304,IMDb ID not found,CINE.pdf
lejana del mundo 305,IMDb ID not found,CINE.pdf
capitán de mar y guerra/La costa más,IMDb ID not found,CINE.pdf
Cara de guerra,IMDb ID not found,CINE.pdf
Caravaggio 310,IMDb ID not found,CINE.pdf
Carnaval en el trópico Carnaval en,IMDb ID not found,CINE.pdf
Veracruz  311,IMDb ID not found,CINE.pdf
Carol 312,IMDb ID not found,CINE.pdf
"Carrera de la muerte, La",IMDb ID not found,CINE.pdf
Race] 313,IMDb ID not found,CINE.pdf
Carretera sangrienta 314,IMDb ID not found,CINE.pdf
Carrie 315,IMDb ID not found,CINE.pdf
Carros de fuego,IMDb ID not found,CINE.pdf
"Warrior, El  293",IMDb ID not found,CINE.pdf
"Carta, La  317",IMDb ID not found,CINE.pdf
"Cartero, El",IMDb ID not found,CINE.pdf
Camino hacia el terror 3( Abandonado,IMDb ID not found,CINE.pdf
"Casa de Alicia, La 319",IMDb ID not found,CINE.pdf
"Casa de arena y niebla, La",IMDb ID not found,CINE.pdf
Campos de  Esperanza 297,IMDb ID not found,CINE.pdf
"Casa de los espíritus, La  322",IMDb ID not found,CINE.pdf
"Casa del demonio,La 323",IMDb ID not found,CINE.pdf
"Casa del lago, La",IMDb ID not found,CINE.pdf
Casablanca  325,IMDb ID not found,CINE.pdf
Canciones del segundo piso,IMDb ID not found,CINE.pdf
"Chica terremoto, La",IMDb ID not found,CINE.pdf
Candilejas 301,IMDb ID not found,CINE.pdf
"revolucionaria, La 341",IMDb ID not found,CINE.pdf
"Chofer y la señora Daisy, El",IMDb ID not found,CINE.pdf
miss Daisy  361,IMDb ID not found,CINE.pdf
mundo 371,IMDb ID not found,CINE.pdf
"cine extranjero, El 373",IMDb ID not found,CINE.pdf
Cinema brasileiro contemporáneo :,IMDb ID not found,CINE.pdf
trailers  374,IMDb ID not found,CINE.pdf
version 375,IMDb ID not found,CINE.pdf
"Círculo de la muerte, El  376",IMDb ID not found,CINE.pdf
Círculo de pasiones 377,IMDb ID not found,CINE.pdf
"Circo,El",IMDb ID not found,CINE.pdf
"Cisne negro, El  379",IMDb ID not found,CINE.pdf
Ciudad de Dios City of God  381,IMDb ID not found,CINE.pdf
La ciudad de las mujeres La cité des,IMDb ID not found,CINE.pdf
femmes 382,IMDb ID not found,CINE.pdf
"Ciudad de los niños perdidos, La 383",IMDb ID not found,CINE.pdf
"Ciudad del pecado, La",IMDb ID not found,CINE.pdf
Ciudadano Kane,IMDb ID not found,CINE.pdf
Ciudad virtual 385,IMDb ID not found,CINE.pdf
"Casa de los cuchillos, La 321",IMDb ID not found,CINE.pdf
Ciudadano Kane y Ladrón de,IMDb ID not found,CINE.pdf
bicicletas 387,IMDb ID not found,CINE.pdf
"Clan del oso cavernario, El",IMDb ID not found,CINE.pdf
"Ciencia del sueño, La La science des",IMDb ID not found,CINE.pdf
rêves 368,IMDb ID not found,CINE.pdf
Cinco segundos antes del fin del,IMDb ID not found,CINE.pdf
Cine en corto : los mejores cortos del,IMDb ID not found,CINE.pdf
Closer Llevados por el deseo 391,IMDb ID not found,CINE.pdf
Cincuenta sombras de Grey,IMDb ID not found,CINE.pdf
Club de la pelea 393,IMDb ID not found,CINE.pdf
"Club de la buena estrella, El  392",IMDb ID not found,CINE.pdf
Cobra 395,IMDb ID not found,CINE.pdf
Cobrador : in god we trust  397,IMDb ID not found,CINE.pdf
Cinema paradiso : la versión del,IMDb ID not found,CINE.pdf
Coco e Igor,IMDb ID not found,CINE.pdf
"Código Da Vinci, El  401",IMDb ID not found,CINE.pdf
Código de honor,IMDb ID not found,CINE.pdf
Colección de cortometrajes,IMDb ID not found,CINE.pdf
hill  409,IMDb ID not found,CINE.pdf
"Colonia, La 410",IMDb ID not found,CINE.pdf
Color delcrimen.El 411,IMDb ID not found,CINE.pdf
"Color del paraíso, El  412",IMDb ID not found,CINE.pdf
"Color púrpura, El 413",IMDb ID not found,CINE.pdf
Colosio 414,IMDb ID not found,CINE.pdf
"Comancheros, Los 415",IMDb ID not found,CINE.pdf
Comando especial 21 Jump Street,IMDb ID not found,CINE.pdf
"Comer,beber, amar 419",IMDb ID not found,CINE.pdf
Como agua para chocolate  421,IMDb ID not found,CINE.pdf
Cómo matar a un ruiseñor?,IMDb ID not found,CINE.pdf
mockingbird  422,IMDb ID not found,CINE.pdf
Cómo perder a tus amigos,IMDb ID not found,CINE.pdf
Código de familia,IMDb ID not found,CINE.pdf
Códigos de guerra,IMDb ID not found,CINE.pdf
Como perder a un hombre en 10 días,IMDb ID not found,CINE.pdf
Colección de cortometrajes ccc,IMDb ID not found,CINE.pdf
Coffee y cigarettes,IMDb ID not found,CINE.pdf
Con las alas rotas,IMDb ID not found,CINE.pdf
Comprendiendo a Jane,IMDb ID not found,CINE.pdf
Conductor y el forastero. El 431,IMDb ID not found,CINE.pdf
extranjeros 2 y 3 408,IMDb ID not found,CINE.pdf
Confesiones del Sr. Schmidt About,IMDb ID not found,CINE.pdf
"Schmidt, Las  435",IMDb ID not found,CINE.pdf
"Confines, Los",IMDb ID not found,CINE.pdf
Control Total,IMDb ID not found,CINE.pdf
Corazón de caballero A Knight’s tale,IMDb ID not found,CINE.pdf
"Corazón de la noche, El",IMDb ID not found,CINE.pdf
"Corazón del guerrero, El",IMDb ID not found,CINE.pdf
Corazón del tiempo : un viaje al,IMDb ID not found,CINE.pdf
corazón de la resistencia zapatista  455,IMDb ID not found,CINE.pdf
Coronel Redl,IMDb ID not found,CINE.pdf
Corre Lola corre,IMDb ID not found,CINE.pdf
"Cortometraje más que un instante, 3 461",IMDb ID not found,CINE.pdf
Cosecha del diablo/ Prisión maldita,IMDb ID not found,CINE.pdf
"Cosecha estéril, La",IMDb ID not found,CINE.pdf
"Clave del éxito, La",IMDb ID not found,CINE.pdf
Cosmópolis 471,IMDb ID not found,CINE.pdf
Crepúsculo - Luna Nueva,IMDb ID not found,CINE.pdf
"Crimen del Padre Amaro, El",IMDb ID not found,CINE.pdf
Crimen virtual,IMDb ID not found,CINE.pdf
"Cristo del océano, El",IMDb ID not found,CINE.pdf
Crónicas de un zombi,IMDb ID not found,CINE.pdf
Crossing over  481,IMDb ID not found,CINE.pdf
La colina de la muerte Hamburguer,IMDb ID not found,CINE.pdf
Cuando hierve la sangre Never so few,IMDb ID not found,CINE.pdf
Cuando los hermanos se encuentran,IMDb ID not found,CINE.pdf
Cuando los hermanos se encuentran/,IMDb ID not found,CINE.pdf
Terciopelo azul 485,IMDb ID not found,CINE.pdf
Cuando un extraño llama,IMDb ID not found,CINE.pdf
Correo explosivo,IMDb ID not found,CINE.pdf
Cuarenta [ i. e.] 40 días,IMDb ID not found,CINE.pdf
Cortometrajes extranjeros de,IMDb ID not found,CINE.pdf
"Cortometraje más que un instante, 8",IMDb ID not found,CINE.pdf
"Cuarto de los muertos, El",IMDb ID not found,CINE.pdf
[videograbación],IMDb ID not found,CINE.pdf
morts  490,IMDb ID not found,CINE.pdf
"Cosechador de almas,El",IMDb ID not found,CINE.pdf
Cuatro bodas y un funeral,IMDb ID not found,CINE.pdf
Cuatro amantes  491,IMDb ID not found,CINE.pdf
"Cuatro Fantásticos, Los",IMDb ID not found,CINE.pdf
Cuatro cientos [ i. e. 400] golpes,IMDb ID not found,CINE.pdf
"Cuatro meses, 3 semanas y 2 dìas",IMDb ID not found,CINE.pdf
Cuchillo en el agua Knife in the water,IMDb ID not found,CINE.pdf
"Cubo,el",IMDb ID not found,CINE.pdf
El 497,IMDb ID not found,CINE.pdf
Cuenta final,IMDb ID not found,CINE.pdf
Cuentos de la Cabaña Desolada,IMDb ID not found,CINE.pdf
Cuentos y realidades,IMDb ID not found,CINE.pdf
cocodrilos  501,IMDb ID not found,CINE.pdf
"Culpa la tiene fidel, La",IMDb ID not found,CINE.pdf
Damas del Mar,IMDb ID not found,CINE.pdf
Danton 515,IMDb ID not found,CINE.pdf
Danza con lobos  516,IMDb ID not found,CINE.pdf
Danzón  517,IMDb ID not found,CINE.pdf
Daredevil : el hombre sin miedo,IMDb ID not found,CINE.pdf
Dark Blue 519,IMDb ID not found,CINE.pdf
David y Betsabé,IMDb ID not found,CINE.pdf
"De abajo, Los",IMDb ID not found,CINE.pdf
De aquí a la eternidad,IMDb ID not found,CINE.pdf
De hombres y de dioses,IMDb ID not found,CINE.pdf
De puerta en puerta Door to door,IMDb ID not found,CINE.pdf
"De tal padre, tal hijo Like father, like",IMDb ID not found,CINE.pdf
son 527,IMDb ID not found,CINE.pdf
Deal of the century ( Contrato del,IMDb ID not found,CINE.pdf
siglo) 529,IMDb ID not found,CINE.pdf
Decadencia del imperio americano,IMDb ID not found,CINE.pdf
La  531,IMDb ID not found,CINE.pdf
"Decameron, El",IMDb ID not found,CINE.pdf
Cuentos de Canterbury,IMDb ID not found,CINE.pdf
"Cuervo, The Crow",IMDb ID not found,CINE.pdf
"Delgada línea roja,  La",IMDb ID not found,CINE.pdf
"Dama y el fantasma, La  513",IMDb ID not found,CINE.pdf
Demasiada Carne,IMDb ID not found,CINE.pdf
Demetrius y los gladiadores,IMDb ID not found,CINE.pdf
Demetrius and the gladiators  539,IMDb ID not found,CINE.pdf
"Demonio neón, El",IMDb ID not found,CINE.pdf
Demonios en la puerta,IMDb ID not found,CINE.pdf
Dentro de la piel,IMDb ID not found,CINE.pdf
Desafío a los gigantes Facing the,IMDb ID not found,CINE.pdf
Gigants  544,IMDb ID not found,CINE.pdf
"Descenso, El",IMDb ID not found,CINE.pdf
Descubriendo el país de nunca jamás,IMDb ID not found,CINE.pdf
Desde allá,IMDb ID not found,CINE.pdf
Cuerpos ardientes,IMDb ID not found,CINE.pdf
Dama de noche 512,IMDb ID not found,CINE.pdf
"Dalia Negra, La",IMDb ID not found,CINE.pdf
"Dama de honor, La 511",IMDb ID not found,CINE.pdf
Desde mi cielo 551,IMDb ID not found,CINE.pdf
Deseando amar,IMDb ID not found,CINE.pdf
"Desierto rojo, El",IMDb ID not found,CINE.pdf
Despertar del miedo,IMDb ID not found,CINE.pdf
Después de Lucía,IMDb ID not found,CINE.pdf
Después de medianoche,IMDb ID not found,CINE.pdf
Destino milagroso,IMDb ID not found,CINE.pdf
Deudas de sangre 561,IMDb ID not found,CINE.pdf
"Devoradora, La",IMDb ID not found,CINE.pdf
"Día de la bestia, El",IMDb ID not found,CINE.pdf
"Día de la boda, El",IMDb ID not found,CINE.pdf
Día de los inocentes.El,IMDb ID not found,CINE.pdf
Día del chacal,IMDb ID not found,CINE.pdf
Día final,IMDb ID not found,CINE.pdf
"Día que la tierra se detuvo, El",IMDb ID not found,CINE.pdf
"Día que ví tu corazón, El",IMDb ID not found,CINE.pdf
"Diablo viste a la moda, El",IMDb ID not found,CINE.pdf
Diamante de sangre,IMDb ID not found,CINE.pdf
Diamantes para el desayuno,IMDb ID not found,CINE.pdf
Días de trueno,IMDb ID not found,CINE.pdf
"Días del abandono, Los",IMDb ID not found,CINE.pdf
Días sin huella,IMDb ID not found,CINE.pdf
Diario de una mujer poseída,IMDb ID not found,CINE.pdf
Diarios de motocicleta,IMDb ID not found,CINE.pdf
Diez  historias cortas de amor,IMDb ID not found,CINE.pdf
Diez Mandamientos.Los,IMDb ID not found,CINE.pdf
Diez cosas que odio de ti,IMDb ID not found,CINE.pdf
Diez mil A.C,IMDb ID not found,CINE.pdf
Diez. La mujer perfecta,IMDb ID not found,CINE.pdf
Diez punto cinco: Destrucción total,IMDb ID not found,CINE.pdf
"Diosa arrodillada, La 591",IMDb ID not found,CINE.pdf
"Dioses deben estar locos, Los",IMDb ID not found,CINE.pdf
"Discreto encanto de la burgesía,  El",IMDb ID not found,CINE.pdf
Divo : la espectacular vida de Giulio,IMDb ID not found,CINE.pdf
"Andreotti, El",IMDb ID not found,CINE.pdf
Divorcio a la italiana,IMDb ID not found,CINE.pdf
Divorcio a la francesa,IMDb ID not found,CINE.pdf
line  535,IMDb ID not found,CINE.pdf
Django sin cadenas Django,IMDb ID not found,CINE.pdf
Doble del  diablo.El,IMDb ID not found,CINE.pdf
unchained  601,IMDb ID not found,CINE.pdf
Día de entrenamiento,IMDb ID not found,CINE.pdf
Doble riesgo,IMDb ID not found,CINE.pdf
Doble traición.La / Asesinas,IMDb ID not found,CINE.pdf
"Doble vida de Verónica, La  La double",IMDb ID not found,CINE.pdf
"Diablo dijo no, El  571",IMDb ID not found,CINE.pdf
Doce años esclavo,IMDb ID not found,CINE.pdf
"Doce cero ocho, al este de Bucarest",IMDb ID not found,CINE.pdf
vie de Veronique  607,IMDb ID not found,CINE.pdf
Doce hombres en pugna,IMDb ID not found,CINE.pdf
"Doce sillas, Las 612",IMDb ID not found,CINE.pdf
Doce monos,IMDb ID not found,CINE.pdf
"Dolce Vita, La 615",IMDb ID not found,CINE.pdf
"Dos días, una noche",IMDb ID not found,CINE.pdf
Dos mil uno [i.e. 2001] odisea del,IMDb ID not found,CINE.pdf
"Difícil Arte de amar,El",IMDb ID not found,CINE.pdf
Dinero fácil: la venganza,IMDb ID not found,CINE.pdf
Dos mil nueve,IMDb ID not found,CINE.pdf
contacto) 623,IMDb ID not found,CINE.pdf
Dos  mulas para la hermana Sara,IMDb ID not found,CINE.pdf
Drácula Bram Stoker’s Dracula,IMDb ID not found,CINE.pdf
Drácula la historia jamás contada,IMDb ID not found,CINE.pdf
Dracula untold  628,IMDb ID not found,CINE.pdf
Dragón vs Dragón,IMDb ID not found,CINE.pdf
Drácula príncipe de la tinieblas,IMDb ID not found,CINE.pdf
Dragón rojo 631,IMDb ID not found,CINE.pdf
Drive el escape,IMDb ID not found,CINE.pdf
"Duelo , El",IMDb ID not found,CINE.pdf
Duelo de titanes,IMDb ID not found,CINE.pdf
Dueños de la noche We own the,IMDb ID not found,CINE.pdf
ight 638,IMDb ID not found,CINE.pdf
Duma Duma,IMDb ID not found,CINE.pdf
Dura y peligrosa,IMDb ID not found,CINE.pdf
Duro de martar(un buen díapara,IMDb ID not found,CINE.pdf
morir 642,IMDb ID not found,CINE.pdf
Duro de matar 4.0,IMDb ID not found,CINE.pdf
Duros. los,IMDb ID not found,CINE.pdf
Eco. El,IMDb ID not found,CINE.pdf
Domicilio desconocido,IMDb ID not found,CINE.pdf
Dónde estas hermano?,IMDb ID not found,CINE.pdf
Doctor Zhivago 613,IMDb ID not found,CINE.pdf
Escocés volador.El,IMDb ID not found,CINE.pdf
Edipo alcalde  652,IMDb ID not found,CINE.pdf
"Edad de la peseta, La 651",IMDb ID not found,CINE.pdf
Ed gein/ Ted bundy dos peliculas,IMDb ID not found,CINE.pdf
"Edukadores,Los 653",IMDb ID not found,CINE.pdf
Elogio del amor [videograbación],IMDb ID not found,CINE.pdf
Emily Brontë wuthering heights  660,IMDb ID not found,CINE.pdf
En algún lugar de Africa Nowhere in,IMDb ID not found,CINE.pdf
En el nombre de Dios Magdalene,IMDb ID not found,CINE.pdf
Africa  661,IMDb ID not found,CINE.pdf
gods must be crazy. 592,IMDb ID not found,CINE.pdf
Dos mil diez (el año que hacemos,IMDb ID not found,CINE.pdf
Sisters  664,IMDb ID not found,CINE.pdf
Encuentros y despedidas Marilyn,IMDb ID not found,CINE.pdf
charm school  677,IMDb ID not found,CINE.pdf
Escalón 29,IMDb ID not found,CINE.pdf
Escritores de la libertad,IMDb ID not found,CINE.pdf
Escuadrón Gran Rojo: La,IMDb ID not found,CINE.pdf
"reconstrucción, El 704",IMDb ID not found,CINE.pdf
Escucha tu destino August Rush,IMDb ID not found,CINE.pdf
Escuela de música 706,IMDb ID not found,CINE.pdf
Escuela del rock,IMDb ID not found,CINE.pdf
Eso 709,IMDb ID not found,CINE.pdf
Espartaco 710,IMDb ID not found,CINE.pdf
Ecos mortales Stir of echoes,IMDb ID not found,CINE.pdf
Ecos en la oscuridad,IMDb ID not found,CINE.pdf
Especies III 711,IMDb ID not found,CINE.pdf
Espejos siniestros Mirrors  712,IMDb ID not found,CINE.pdf
"Esperanza vive en mi, La",IMDb ID not found,CINE.pdf
me 713,IMDb ID not found,CINE.pdf
Emily Brontë cumbres borrascosas,IMDb ID not found,CINE.pdf
El espíritu de la colmena 714,IMDb ID not found,CINE.pdf
Espíritu de la pasión 715,IMDb ID not found,CINE.pdf
Espionaje En Berlín 716,IMDb ID not found,CINE.pdf
"Esqueleto de la señora Morales, El 717",IMDb ID not found,CINE.pdf
¡Esta vivo! 719,IMDb ID not found,CINE.pdf
Esquizofrenia  718,IMDb ID not found,CINE.pdf
"Estaciones de la vida, Las",IMDb ID not found,CINE.pdf
"Estafa maestra, La  721",IMDb ID not found,CINE.pdf
"Estafa maestra, La : faena a la italiana",IMDb ID not found,CINE.pdf
Estoy viva,IMDb ID not found,CINE.pdf
Estas ruinas que ves  723,IMDb ID not found,CINE.pdf
hillside strangler 725,IMDb ID not found,CINE.pdf
Eros 697,IMDb ID not found,CINE.pdf
"Estrangulador de Hillside, El",IMDb ID not found,CINE.pdf
Estrella alcanzar una historia de,IMDb ID not found,CINE.pdf
"amistad y lecturas, La 726",IMDb ID not found,CINE.pdf
Estrellas del sur  727,IMDb ID not found,CINE.pdf
"Estudiante, El",IMDb ID not found,CINE.pdf
Eterno Resplandor de una mente sin,IMDb ID not found,CINE.pdf
recuerdos 729,IMDb ID not found,CINE.pdf
Every day  731,IMDb ID not found,CINE.pdf
Europa zentropa Europa,IMDb ID not found,CINE.pdf
Ex Máquina no hay nada más,IMDb ID not found,CINE.pdf
humano que la voluntad de sobrevivir,IMDb ID not found,CINE.pdf
"Ex mujer de mi vida, La  733",IMDb ID not found,CINE.pdf
ever seen 736,IMDb ID not found,CINE.pdf
Executive suite 735,IMDb ID not found,CINE.pdf
Expectro 737,IMDb ID not found,CINE.pdf
"Expiación, deseo y pecado  739",IMDb ID not found,CINE.pdf
Expreso de la muerte 741,IMDb ID not found,CINE.pdf
Estraños:Los,IMDb ID not found,CINE.pdf
Extraños en el paraíso,IMDb ID not found,CINE.pdf
"Falsificadores, Los",IMDb ID not found,CINE.pdf
Fanny & Alexander   751,IMDb ID not found,CINE.pdf
Fanny Hill 752,IMDb ID not found,CINE.pdf
"Fantasma de la libertad, El 753",IMDb ID not found,CINE.pdf
Fantasma de la opera. El,IMDb ID not found,CINE.pdf
"Fantasma de la opereta, El  755",IMDb ID not found,CINE.pdf
Fantasmas 756,IMDb ID not found,CINE.pdf
"Escándalos del rey Jorge, Los  701",IMDb ID not found,CINE.pdf
Farenheit 451 757,IMDb ID not found,CINE.pdf
"Faro, El",IMDb ID not found,CINE.pdf
"Favor, El",IMDb ID not found,CINE.pdf
Fauces  de la noche.Las 761,IMDb ID not found,CINE.pdf
Exorcista La versión nunca antes vista,IMDb ID not found,CINE.pdf
Expreso de media noche,IMDb ID not found,CINE.pdf
Expedientes secretos X,IMDb ID not found,CINE.pdf
pánico y locura en las vegas) 762,IMDb ID not found,CINE.pdf
Feast (atrapados) 763,IMDb ID not found,CINE.pdf
Fenómeno siniestro 2,IMDb ID not found,CINE.pdf
"Expreso de von Ryan, El",IMDb ID not found,CINE.pdf
"Fernández de Peralvillo, Los 765",IMDb ID not found,CINE.pdf
celebration  766,IMDb ID not found,CINE.pdf
Festen : la celebración,IMDb ID not found,CINE.pdf
"Festin de Babette, El 767",IMDb ID not found,CINE.pdf
"Fiebre del loco, La 769",IMDb ID not found,CINE.pdf
Fidel: libertador o dictador,IMDb ID not found,CINE.pdf
"Fieras, Las",IMDb ID not found,CINE.pdf
"Fiesta del chivo, La 771",IMDb ID not found,CINE.pdf
Figuras de la Pasión 773,IMDb ID not found,CINE.pdf
La fiesta inovidable The party 772,IMDb ID not found,CINE.pdf
happening  775,IMDb ID not found,CINE.pdf
Final fantasy : el espíritu en nosotros  776,IMDb ID not found,CINE.pdf
Fragmaentos del destino,IMDb ID not found,CINE.pdf
Fuerzas de la naturaleza,IMDb ID not found,CINE.pdf
"Fuga, La",IMDb ID not found,CINE.pdf
Fuimos héroes,IMDb ID not found,CINE.pdf
Garganta del diablo 819,IMDb ID not found,CINE.pdf
"Gatopardo, El 821",IMDb ID not found,CINE.pdf
Gattaca: experimento genético,IMDb ID not found,CINE.pdf
Gauguín:diario de un genio,IMDb ID not found,CINE.pdf
"Gendarme desconocido, El",IMDb ID not found,CINE.pdf
"Generala, La",IMDb ID not found,CINE.pdf
Gente de Roma Gente di Roma,IMDb ID not found,CINE.pdf
Gertrudis Bocanegra,IMDb ID not found,CINE.pdf
Ghost dog: el camino del samurai,IMDb ID not found,CINE.pdf
Gánster americano,IMDb ID not found,CINE.pdf
gangster  817,IMDb ID not found,CINE.pdf
falso mesías 818,IMDb ID not found,CINE.pdf
"Fin de los tiempos, El",IMDb ID not found,CINE.pdf
Ghost. La sombra del amor,IMDb ID not found,CINE.pdf
Gia  831,IMDb ID not found,CINE.pdf
Gigantes de acero,IMDb ID not found,CINE.pdf
Fuego Fatuo Le Feu Follet,IMDb ID not found,CINE.pdf
"Globo blanco, El",IMDb ID not found,CINE.pdf
Golpe bajo el juego final,IMDb ID not found,CINE.pdf
"Gato sin botas, El",IMDb ID not found,CINE.pdf
Gotcha: juego de la muerte,IMDb ID not found,CINE.pdf
Goya y la inquisición,IMDb ID not found,CINE.pdf
"Graduado, El",IMDb ID not found,CINE.pdf
"Gran amante, El",IMDb ID not found,CINE.pdf
"Gran belleza, La",IMDb ID not found,CINE.pdf
"Gran comilona, La 851",IMDb ID not found,CINE.pdf
Gran concierto.El,IMDb ID not found,CINE.pdf
"Gran Dictador, El",IMDb ID not found,CINE.pdf
"Gran Dictador, El  y Luces de la ciudad",IMDb ID not found,CINE.pdf
Gran Gatsby,IMDb ID not found,CINE.pdf
"Gran hotel Budapest, El",IMDb ID not found,CINE.pdf
"Gran jefe, El",IMDb ID not found,CINE.pdf
"Gran  makakikus, El 861",IMDb ID not found,CINE.pdf
"Gran papel, El",IMDb ID not found,CINE.pdf
"Gran Pez, El",IMDb ID not found,CINE.pdf
Grandes esperanzas,IMDb ID not found,CINE.pdf
Grbavica la revelación de Sara,IMDb ID not found,CINE.pdf
Greta Garbo: Ninotchka,IMDb ID not found,CINE.pdf
Grito de la lechuza 871,IMDb ID not found,CINE.pdf
"Gritos del silencio, Los",IMDb ID not found,CINE.pdf
Gritos en la oscuridad/ Hoguera del,IMDb ID not found,CINE.pdf
diablo. La 873,IMDb ID not found,CINE.pdf
Gritos  y  Susurros,IMDb ID not found,CINE.pdf
"Guerra de los mundos ,La",IMDb ID not found,CINE.pdf
worlds 877,IMDb ID not found,CINE.pdf
Guerra de los vendedores,IMDb ID not found,CINE.pdf
"Guerra del fuego, La",IMDb ID not found,CINE.pdf
Guerra de novias,IMDb ID not found,CINE.pdf
"Guerra santa, La 881",IMDb ID not found,CINE.pdf
"Guten tag, Ramón",IMDb ID not found,CINE.pdf
Guy Pearce ( Disco 1 : Amnesia -- Disco,IMDb ID not found,CINE.pdf
Miedo) 885,IMDb ID not found,CINE.pdf
Hable con ella,IMDb ID not found,CINE.pdf
"Habitación azul, La",IMDb ID not found,CINE.pdf
"Halcón maltés, El",IMDb ID not found,CINE.pdf
"Gran Houdini, El",IMDb ID not found,CINE.pdf
Half light Belive in the beyond,IMDb ID not found,CINE.pdf
Halloween 891,IMDb ID not found,CINE.pdf
Halloween : veinte años después,IMDb ID not found,CINE.pdf
"Gran truco, El",IMDb ID not found,CINE.pdf
Resurrección  892,IMDb ID not found,CINE.pdf
Hanna Arendt,IMDb ID not found,CINE.pdf
Hanna y sus hermanas,IMDb ID not found,CINE.pdf
Hard Candy : niña mala,IMDb ID not found,CINE.pdf
Harry el sucio,IMDb ID not found,CINE.pdf
Hasta el viento tiene miedo,IMDb ID not found,CINE.pdf
yard 839,IMDb ID not found,CINE.pdf
Helena de Troya : el deseo de la,IMDb ID not found,CINE.pdf
"Guerreros, Los",IMDb ID not found,CINE.pdf
Henry y June,IMDb ID not found,CINE.pdf
: El Gran Houdini --Disco 3 : Zona de,IMDb ID not found,CINE.pdf
Herencia de familia  912,IMDb ID not found,CINE.pdf
Hermanas diabólicas,IMDb ID not found,CINE.pdf
"Hermano sol, hermana luna 915",IMDb ID not found,CINE.pdf
Hermanos por siempre,IMDb ID not found,CINE.pdf
Hermosas tentaciones el diablo viste,IMDb ID not found,CINE.pdf
Heroe 918,IMDb ID not found,CINE.pdf
"Hijo de la novia, El 921",IMDb ID not found,CINE.pdf
"Hijo de Saúl Saul fia, El",IMDb ID not found,CINE.pdf
"Hijos de María Morales, Los",IMDb ID not found,CINE.pdf
"Hiroshima, mi amor",IMDb ID not found,CINE.pdf
amour  924,IMDb ID not found,CINE.pdf
Historia americana X,IMDb ID not found,CINE.pdf
Historia del camello que llora,IMDb ID not found,CINE.pdf
"Historia Oficial, La",IMDb ID not found,CINE.pdf
Historia de Sansón y Dalila :La 931,IMDb ID not found,CINE.pdf
"Historia sin fin, La",IMDb ID not found,CINE.pdf
Heavy qué pesado,IMDb ID not found,CINE.pdf
Historias cruzadas The help,IMDb ID not found,CINE.pdf
Historias de ultratumba,IMDb ID not found,CINE.pdf
Historias del metro,IMDb ID not found,CINE.pdf
[videograbaciones],IMDb ID not found,CINE.pdf
Historias en la cocina,IMDb ID not found,CINE.pdf
lives of altar boys  938,IMDb ID not found,CINE.pdf
Historias mínimas,IMDb ID not found,CINE.pdf
Hitler: el nacimiento del mal,IMDb ID not found,CINE.pdf
Hollywood: Departamento de,IMDb ID not found,CINE.pdf
homicidios 941,IMDb ID not found,CINE.pdf
Hombre de familia,IMDb ID not found,CINE.pdf
"Hombre de la máscara de hierro, El",IMDb ID not found,CINE.pdf
"Hombre de los hongos, El",IMDb ID not found,CINE.pdf
falda escolar,IMDb ID not found,CINE.pdf
"Hombre equivocado, El",IMDb ID not found,CINE.pdf
Hombre en llamas Man on fire,IMDb ID not found,CINE.pdf
Hombre de marmol,IMDb ID not found,CINE.pdf
Heroinas The Heroic Trio,IMDb ID not found,CINE.pdf
man 947,IMDb ID not found,CINE.pdf
"Hombre inquieto, El",IMDb ID not found,CINE.pdf
"Hombre lobo, El",IMDb ID not found,CINE.pdf
Hombre peligroso Lord of war  951,IMDb ID not found,CINE.pdf
Hombre mirando al sudeste,IMDb ID not found,CINE.pdf
"Hombre sin pasado, El",IMDb ID not found,CINE.pdf
"Hombre sin sombra,El",IMDb ID not found,CINE.pdf
Gravedad Gravity,IMDb ID not found,CINE.pdf
Hombre sin sombra 2.El,IMDb ID not found,CINE.pdf
del tigre : Los 955,IMDb ID not found,CINE.pdf
Honor de un guerrero 3.El,IMDb ID not found,CINE.pdf
Hombres que camínan sobre la cola,IMDb ID not found,CINE.pdf
historia de Abraham:La 926,IMDb ID not found,CINE.pdf
"Historia de Jacobo, La",IMDb ID not found,CINE.pdf
Horda.La,IMDb ID not found,CINE.pdf
"Horas del día, Las",IMDb ID not found,CINE.pdf
"Horas muertas, Las",IMDb ID not found,CINE.pdf
ew Hampshire  965,IMDb ID not found,CINE.pdf
Hotel sin salida,IMDb ID not found,CINE.pdf
Hoy morirás,IMDb ID not found,CINE.pdf
"Huésped, El",IMDb ID not found,CINE.pdf
"Huevo de la serpiente, El",IMDb ID not found,CINE.pdf
serpent's egg  972,IMDb ID not found,CINE.pdf
"Hugo, La Invención de",IMDb ID not found,CINE.pdf
Hulk: la muerte del hombre increíble,IMDb ID not found,CINE.pdf
Hundan al bismarck,IMDb ID not found,CINE.pdf
I.A. Inteligencia artificial 977,IMDb ID not found,CINE.pdf
In necuepaliztli in Aztlan Retorno a,IMDb ID not found,CINE.pdf
Aztlán 979,IMDb ID not found,CINE.pdf
I really hate my job: realmente odio mi,IMDb ID not found,CINE.pdf
trabajo 980,IMDb ID not found,CINE.pdf
"Indolentes, Los",IMDb ID not found,CINE.pdf
"Infancia de Iván, La",IMDb ID not found,CINE.pdf
Infierno. El 1001,IMDb ID not found,CINE.pdf
"Infierno, El",IMDb ID not found,CINE.pdf
Histeria: la historia del deseo,IMDb ID not found,CINE.pdf
"Infierno de todos tan temido, El",IMDb ID not found,CINE.pdf
"Horas, Las",IMDb ID not found,CINE.pdf
Hora de los héroes.La,IMDb ID not found,CINE.pdf
La hora del lobo Hour of the wolf,IMDb ID not found,CINE.pdf
"Infiltrados, Los",IMDb ID not found,CINE.pdf
"Informe pelícano, El",IMDb ID not found,CINE.pdf
Hotel Rwanda : la matanza,IMDb ID not found,CINE.pdf
Inframundo el despertar,IMDb ID not found,CINE.pdf
Inframundo Underworld,IMDb ID not found,CINE.pdf
"Ingrato,El",IMDb ID not found,CINE.pdf
"Idiotas, Los 983",IMDb ID not found,CINE.pdf
"Ilusión viaja en tranvía, La  985",IMDb ID not found,CINE.pdf
"Ilusionista, El 986",IMDb ID not found,CINE.pdf
Imágenes del más allá 987,IMDb ID not found,CINE.pdf
Imaginando Argentina,IMDb ID not found,CINE.pdf
Argentina 988,IMDb ID not found,CINE.pdf
"Imperdonables unforgiven, Los  989",IMDb ID not found,CINE.pdf
Empire  990,IMDb ID not found,CINE.pdf
Imperio : dos mundos chocan,IMDb ID not found,CINE.pdf
Ichi: El Asesino,IMDb ID not found,CINE.pdf
"Imperio de los sentidos, El 愛のコリーダ",IMDb ID not found,CINE.pdf
"Imperio de la fortuna, El  991",IMDb ID not found,CINE.pdf
El imperio del sol Empire of sun,IMDb ID not found,CINE.pdf
Imperio del dragón.El 993,IMDb ID not found,CINE.pdf
Implacable. El 995,IMDb ID not found,CINE.pdf
"Inadaptados, Los",IMDb ID not found,CINE.pdf
Incident  en una carretera perdida 997,IMDb ID not found,CINE.pdf
Inocencia Robada,IMDb ID not found,CINE.pdf
palace  1011,IMDb ID not found,CINE.pdf
"Inspector Bellamy, El",IMDb ID not found,CINE.pdf
"Intocables, Los",IMDb ID not found,CINE.pdf
( el amor cuesta caro) 1019,IMDb ID not found,CINE.pdf
"Intriga del collar, La",IMDb ID not found,CINE.pdf
"Infierno del odio, El",IMDb ID not found,CINE.pdf
"Inútiles, los",IMDb ID not found,CINE.pdf
Invictus Invictus,IMDb ID not found,CINE.pdf
Underworld awakening  1007,IMDb ID not found,CINE.pdf
"Ira de los dioses, La",IMDb ID not found,CINE.pdf
Irene y yo... mi otro yo,IMDb ID not found,CINE.pdf
Iris: recuerdos imborrables,IMDb ID not found,CINE.pdf
Irreversible Irréversible  1031,IMDb ID not found,CINE.pdf
Isla. La,IMDb ID not found,CINE.pdf
Isla .La,IMDb ID not found,CINE.pdf
"Isla encantada, La",IMDb ID not found,CINE.pdf
J.C.V.D,IMDb ID not found,CINE.pdf
Instinto  de media noche,IMDb ID not found,CINE.pdf
Jack y Jill,IMDb ID not found,CINE.pdf
Jackie Brown  1041,IMDb ID not found,CINE.pdf
Jamás morirás,IMDb ID not found,CINE.pdf
James mono: súper detective,IMDb ID not found,CINE.pdf
Intolerable cruelty Intolérable cruauté,IMDb ID not found,CINE.pdf
"Jardin del paraiso, El",IMDb ID not found,CINE.pdf
"Jardin secreto, El",IMDb ID not found,CINE.pdf
"Jardinero Fiel, El",IMDb ID not found,CINE.pdf
"Jaula de oro, La",IMDb ID not found,CINE.pdf
Jesús (la verdadera historia) 1051,IMDb ID not found,CINE.pdf
"Jinete Eléctrico, El",IMDb ID not found,CINE.pdf
"Jinete de la divina providencia, El",IMDb ID not found,CINE.pdf
Jinetes del espacio,IMDb ID not found,CINE.pdf
"Idiota, El  982",IMDb ID not found,CINE.pdf
"Jorobado de Notre Dame, El",IMDb ID not found,CINE.pdf
amazing techinicolor dreamcoat 1059,IMDb ID not found,CINE.pdf
Josie y las gatimelódicas,IMDb ID not found,CINE.pdf
"Joven manos de tijeras,El 1061",IMDb ID not found,CINE.pdf
the pussycats  1060,IMDb ID not found,CINE.pdf
"Joven con el arete de perla, La",IMDb ID not found,CINE.pdf
Jóvenes Pilotos,IMDb ID not found,CINE.pdf
Jovenes brujas,IMDb ID not found,CINE.pdf
Juana de Arco,IMDb ID not found,CINE.pdf
Juego de honor Coach Carter,IMDb ID not found,CINE.pdf
Juego de ladrones,IMDb ID not found,CINE.pdf
Juego de lágrimas,IMDb ID not found,CINE.pdf
"Juego de la muerte, El",IMDb ID not found,CINE.pdf
Juego del miedo 2,IMDb ID not found,CINE.pdf
"Juego perfecto, El",IMDb ID not found,CINE.pdf
Juego sangriento,IMDb ID not found,CINE.pdf
Juego Prohibido 1081,IMDb ID not found,CINE.pdf
Juego y pasión,IMDb ID not found,CINE.pdf
Juegos del corazón,IMDb ID not found,CINE.pdf
Juegos diábolicos Poltergeist,IMDb ID not found,CINE.pdf
Juegos mortales,IMDb ID not found,CINE.pdf
"Juegos, trampas y dos armas",IMDb ID not found,CINE.pdf
Jugando a ser Dios,IMDb ID not found,CINE.pdf
humeantes 1088,IMDb ID not found,CINE.pdf
Invasores del tesoro,IMDb ID not found,CINE.pdf
"juez del apocalipsis,El",IMDb ID not found,CINE.pdf
"Juez, El",IMDb ID not found,CINE.pdf
"Juicio de los hijos, El",IMDb ID not found,CINE.pdf
Julieta de los espíritus,IMDb ID not found,CINE.pdf
Jumanji Jumanji,IMDb ID not found,CINE.pdf
Hunchback of Notre Dame  1057,IMDb ID not found,CINE.pdf
"Juno : crecer, correr y tropezar",IMDb ID not found,CINE.pdf
la esquina) traducción en español 1097,IMDb ID not found,CINE.pdf
Kagemusha :the shadow warrior 1098,IMDb ID not found,CINE.pdf
Karate Kid 1101,IMDb ID not found,CINE.pdf
Karol el hombre que se convirtio en,IMDb ID not found,CINE.pdf
Pope  1103,IMDb ID not found,CINE.pdf
Kate y leopold,IMDb ID not found,CINE.pdf
Kino : la leyenda del Padre Negro  1110,IMDb ID not found,CINE.pdf
Kolya : el nombre de la esperanza  1111,IMDb ID not found,CINE.pdf
Koma 1112,IMDb ID not found,CINE.pdf
Kramer contra Kramer Kramer vs,IMDb ID not found,CINE.pdf
Kramer  1113,IMDb ID not found,CINE.pdf
La la land : una historia de amor  1114,IMDb ID not found,CINE.pdf
"Laberinto del fauno, El",IMDb ID not found,CINE.pdf
"labyrinth  Torresblanco, Álvaro",IMDb ID not found,CINE.pdf
Augustín. 1115,IMDb ID not found,CINE.pdf
Laberinto de mentiras 1116,IMDb ID not found,CINE.pdf
"lado oscuro del corazón, El 1117",IMDb ID not found,CINE.pdf
"Lado profundo del mar, El  1118",IMDb ID not found,CINE.pdf
Ladrona de corazón 1119,IMDb ID not found,CINE.pdf
Just Around the corner( A la vuelta de,IMDb ID not found,CINE.pdf
Kagemusha : la sombra del guerrero,IMDb ID not found,CINE.pdf
Lágrimas del sol  1121,IMDb ID not found,CINE.pdf
"Langosta, La 1122",IMDb ID not found,CINE.pdf
Lansky (el hombre que organizó el,IMDb ID not found,CINE.pdf
crimen) 1123,IMDb ID not found,CINE.pdf
Larry Crowne (el amor llama dos,IMDb ID not found,CINE.pdf
veces) 1125,IMDb ID not found,CINE.pdf
"Latido del tambor, El",IMDb ID not found,CINE.pdf
Lautrec 1127,IMDb ID not found,CINE.pdf
Lawrence de Arabia,IMDb ID not found,CINE.pdf
Le Havre el puerto de la esperanza,IMDb ID not found,CINE.pdf
Lea 1131,IMDb ID not found,CINE.pdf
Legally Blonde 1132,IMDb ID not found,CINE.pdf
"Lengua de las mariposas, La",IMDb ID not found,CINE.pdf
"Lenguaje del corazón, El 1135",IMDb ID not found,CINE.pdf
Leviathan Leviafan  1137,IMDb ID not found,CINE.pdf
"Ley de Herodes, La",IMDb ID not found,CINE.pdf
"Leyenda de las ballenas, La Whale",IMDb ID not found,CINE.pdf
Rider  1139,IMDb ID not found,CINE.pdf
"Leyenda de los invencibles, La 1141",IMDb ID not found,CINE.pdf
"Leyenda de 1900, La",IMDb ID not found,CINE.pdf
Leyenda de la espada perdida.La,IMDb ID not found,CINE.pdf
"Leyenda de los perdidos, La",IMDb ID not found,CINE.pdf
Leyenda del escorpión negro,IMDb ID not found,CINE.pdf
"Leyenda del diamante, La",IMDb ID not found,CINE.pdf
Leyenda del fantasma. La,IMDb ID not found,CINE.pdf
Leyenda del indomable Cool hand,IMDb ID not found,CINE.pdf
"Leyenda del jinete sin cabeza, La",IMDb ID not found,CINE.pdf
Leyenda de la velocidad. La,IMDb ID not found,CINE.pdf
"Leyes de la atracción, Las 1152",IMDb ID not found,CINE.pdf
leyes de la atracción:Las/  Lutero,IMDb ID not found,CINE.pdf
Liberen a willy 2,IMDb ID not found,CINE.pdf
Liam  1155,IMDb ID not found,CINE.pdf
"Libro de piedra, El",IMDb ID not found,CINE.pdf
"Libros de Próspero, Los 1157",IMDb ID not found,CINE.pdf
"Liga extraordinaria, La",IMDb ID not found,CINE.pdf
Limite vertical,IMDb ID not found,CINE.pdf
Línea mortal,IMDb ID not found,CINE.pdf
Lista mortal  1162,IMDb ID not found,CINE.pdf
"Listón blanco, El",IMDb ID not found,CINE.pdf
Llaménme Mike  1165,IMDb ID not found,CINE.pdf
Llanto de la mariposa,IMDb ID not found,CINE.pdf
"Llave de Sarah, La",IMDb ID not found,CINE.pdf
Juego de poder,IMDb ID not found,CINE.pdf
Juego del miedo 5,IMDb ID not found,CINE.pdf
Lo que ellas quieren 1171,IMDb ID not found,CINE.pdf
Locos de Ira,IMDb ID not found,CINE.pdf
Locuras en el oeste,IMDb ID not found,CINE.pdf
"luke, La 1147",IMDb ID not found,CINE.pdf
Leyendas de pasión,IMDb ID not found,CINE.pdf
"Leyendas de Rita, Las 1151",IMDb ID not found,CINE.pdf
Luces distantes,IMDb ID not found,CINE.pdf
"Luchador, El",IMDb ID not found,CINE.pdf
"Lugar sin límites, El",IMDb ID not found,CINE.pdf
"Lista de Schindler, La 1163",IMDb ID not found,CINE.pdf
Lujuria y traición,IMDb ID not found,CINE.pdf
Lulú en el puente 1191,IMDb ID not found,CINE.pdf
Luna amarga 1192,IMDb ID not found,CINE.pdf
Luna de Miel para Tres 1193,IMDb ID not found,CINE.pdf
Luna de papel,IMDb ID not found,CINE.pdf
Luna sangrienta 1195,IMDb ID not found,CINE.pdf
"Lunatico, El",IMDb ID not found,CINE.pdf
"Lunes al sol, Los",IMDb ID not found,CINE.pdf
Luz silenciosa,IMDb ID not found,CINE.pdf
Lobo de Wall Street 1172,IMDb ID not found,CINE.pdf
Mad Max II,IMDb ID not found,CINE.pdf
locas de Atar 1173,IMDb ID not found,CINE.pdf
Mad Max III,IMDb ID not found,CINE.pdf
"Madrecita,La",IMDb ID not found,CINE.pdf
"Magnificos, Los",IMDb ID not found,CINE.pdf
"Madre teresa, un corazón inagotable",IMDb ID not found,CINE.pdf
La 1207,IMDb ID not found,CINE.pdf
Magnolias de acero,IMDb ID not found,CINE.pdf
tiene una nota que dice fuera de,IMDb ID not found,CINE.pdf
región) 1214,IMDb ID not found,CINE.pdf
"Mala educación, La",IMDb ID not found,CINE.pdf
Malas enseñanzas,IMDb ID not found,CINE.pdf
Maldición de Rosewood. La,IMDb ID not found,CINE.pdf
Maldición de un reflejo.La,IMDb ID not found,CINE.pdf
"Malvada, La",IMDb ID not found,CINE.pdf
"Mandolina del capitán Corelli, La",IMDb ID not found,CINE.pdf
Capitan Correlli's mandolin  1224,IMDb ID not found,CINE.pdf
Manicomio siniestro,IMDb ID not found,CINE.pdf
Mansión del Pánico,IMDb ID not found,CINE.pdf
"Mantenidas sin sueños, Las",IMDb ID not found,CINE.pdf
"Manto sagrado, El",IMDb ID not found,CINE.pdf
Mapa a las estrellas Maps to the stars,IMDb ID not found,CINE.pdf
Marabunta,IMDb ID not found,CINE.pdf
Mar abierto. El ojo,IMDb ID not found,CINE.pdf
"Marca de la bestia,La",IMDb ID not found,CINE.pdf
"Marca del asesino, La",IMDb ID not found,CINE.pdf
Maestros de la noche.Los,IMDb ID not found,CINE.pdf
Marcha de valientes,IMDb ID not found,CINE.pdf
soldiers 1240,IMDb ID not found,CINE.pdf
Lost killers  1181,IMDb ID not found,CINE.pdf
"Mago de Oz, El",IMDb ID not found,CINE.pdf
Main Street: Calle principal (en la caja,IMDb ID not found,CINE.pdf
María llena eres de gracia,IMDb ID not found,CINE.pdf
Maria madre del hijo de dios,IMDb ID not found,CINE.pdf
"Marine, El",IMDb ID not found,CINE.pdf
Más allá de la duda,IMDb ID not found,CINE.pdf
Más allá de los sueños,IMDb ID not found,CINE.pdf
Más barato por docena,IMDb ID not found,CINE.pdf
Más grande historia jamás contada,IMDb ID not found,CINE.pdf
Más negro que la noche,IMDb ID not found,CINE.pdf
Masacre en Nueva York,IMDb ID not found,CINE.pdf
"Masculino, femenino",IMDb ID not found,CINE.pdf
Máxima riesgo,IMDb ID not found,CINE.pdf
Máxima velocidad 2,IMDb ID not found,CINE.pdf
Mejor... imposible,IMDb ID not found,CINE.pdf
"Mariposa, La",IMDb ID not found,CINE.pdf
Mejor que el sexo,IMDb ID not found,CINE.pdf
Más allá de las nubes,IMDb ID not found,CINE.pdf
Media noche en parís,IMDb ID not found,CINE.pdf
Memoria de los muertos .La,IMDb ID not found,CINE.pdf
Memoria de mis putas tristes,IMDb ID not found,CINE.pdf
Memorias de Antonia,IMDb ID not found,CINE.pdf
Mrs. Dalloway  1278,IMDb ID not found,CINE.pdf
Memorias de la señora Dalloway,IMDb ID not found,CINE.pdf
Memorias del subdesarrollo,IMDb ID not found,CINE.pdf
Mente criminal. La confesión,IMDb ID not found,CINE.pdf
Mentiras en Nueva York,IMDb ID not found,CINE.pdf
Mentira verdaderas,IMDb ID not found,CINE.pdf
"Mercader de Venecia, El",IMDb ID not found,CINE.pdf
Metro. El,IMDb ID not found,CINE.pdf
Metropolis Osamu Tezuka’s,IMDb ID not found,CINE.pdf
Metropolis  1293,IMDb ID not found,CINE.pdf
Mi bella dama,IMDb ID not found,CINE.pdf
Mi amor inmortal,IMDb ID not found,CINE.pdf
Mi Encuentro Conmigo,IMDb ID not found,CINE.pdf
Mi novio atómico Blast from the past,IMDb ID not found,CINE.pdf
Mi pareja equivocada,IMDb ID not found,CINE.pdf
Mi pareja es mi rival,IMDb ID not found,CINE.pdf
Mi vida como un perro,IMDb ID not found,CINE.pdf
Mickey ojos azules,IMDb ID not found,CINE.pdf
Memorias de una geisha,IMDb ID not found,CINE.pdf
Mente indomable,IMDb ID not found,CINE.pdf
"Mensajeros, Los",IMDb ID not found,CINE.pdf
Miedo punto com,IMDb ID not found,CINE.pdf
Mil cuatrocientos noventa y dos: la,IMDb ID not found,CINE.pdf
conquista del paraíso 1309,IMDb ID not found,CINE.pdf
Mil novecientos ochenta y cuatro,IMDb ID not found,CINE.pdf
Mil novecientos setenta y tres,IMDb ID not found,CINE.pdf
jamás acabarás de ser amor  1312,IMDb ID not found,CINE.pdf
Mataría por tú Trabajo,IMDb ID not found,CINE.pdf
"Mil y una noches, Las",IMDb ID not found,CINE.pdf
"Milagro Si lo crees, todo es posible",IMDb ID not found,CINE.pdf
"Milagro de Bern, El",IMDb ID not found,CINE.pdf
Millenium Mambo,IMDb ID not found,CINE.pdf
destino  1319,IMDb ID not found,CINE.pdf
"Minas del rey Salomón, Las King",IMDb ID not found,CINE.pdf
Slomon’s mines  1321,IMDb ID not found,CINE.pdf
Minority report Sentencia previa,IMDb ID not found,CINE.pdf
"Miroslava : mañana, ya no estaré aquí",IMDb ID not found,CINE.pdf
Mis dos mujeres,IMDb ID not found,CINE.pdf
Mis últimos días : invasiones bárbaras,IMDb ID not found,CINE.pdf
Mitad Siniestra,IMDb ID not found,CINE.pdf
"Miserables, Los",IMDb ID not found,CINE.pdf
Misión de justicia,IMDb ID not found,CINE.pdf
Miss Pettigrew un gran día para ellas :,IMDb ID not found,CINE.pdf
Mississippi en llamas,IMDb ID not found,CINE.pdf
"Misterio de Deauville, El",IMDb ID not found,CINE.pdf
"Misterio de la libélula, El",IMDb ID not found,CINE.pdf
"Misterio de Salems Lot, El",IMDb ID not found,CINE.pdf
Moisés y los 10 mandamientos,IMDb ID not found,CINE.pdf
"Momia regresa, La",IMDb ID not found,CINE.pdf
returns  1343,IMDb ID not found,CINE.pdf
Monster: asesina en serie,IMDb ID not found,CINE.pdf
Monte Cristo The count of Monte,IMDb ID not found,CINE.pdf
Cristo 1345,IMDb ID not found,CINE.pdf
"Mil nubes de paz cercan el cielo, amor",IMDb ID not found,CINE.pdf
Morgue. La,IMDb ID not found,CINE.pdf
mile  1316,IMDb ID not found,CINE.pdf
Milagros inesperados,IMDb ID not found,CINE.pdf
Morirse está en hebreo,IMDb ID not found,CINE.pdf
"Mosca, La",IMDb ID not found,CINE.pdf
Moscú en llamas,IMDb ID not found,CINE.pdf
"Muchachos no lloran, Los",IMDb ID not found,CINE.pdf
cry  1357,IMDb ID not found,CINE.pdf
Muchachos perdidos,IMDb ID not found,CINE.pdf
Mucho Más que  un crimen,IMDb ID not found,CINE.pdf
Muerte está con  nosotros.La,IMDb ID not found,CINE.pdf
"Muerte de un burócrata, La",IMDb ID not found,CINE.pdf
"Muerte de un poeta, La Little ashes",IMDb ID not found,CINE.pdf
Muerte de un Rey.La,IMDb ID not found,CINE.pdf
"Muerte le sienta bien, La",IMDb ID not found,CINE.pdf
Muerte negra,IMDb ID not found,CINE.pdf
"Muerte y la doncella, La",IMDb ID not found,CINE.pdf
Muhammad Alí: El invencible,IMDb ID not found,CINE.pdf
"Mujer de Benjamin, La",IMDb ID not found,CINE.pdf
"Mujer de mi hermano,La",IMDb ID not found,CINE.pdf
"Mujer que Vino del Mar, La",IMDb ID not found,CINE.pdf
"Mujer seductora, amante perfecta",IMDb ID not found,CINE.pdf
good woman  1377,IMDb ID not found,CINE.pdf
Mujeres  perfectas.Las,IMDb ID not found,CINE.pdf
Mundo cool,IMDb ID not found,CINE.pdf
business like show business  1384,IMDb ID not found,CINE.pdf
Miss Pettigrew lives for day 1333,IMDb ID not found,CINE.pdf
Muñeca inflable,IMDb ID not found,CINE.pdf
Muriendo por un sueño,IMDb ID not found,CINE.pdf
Música y Lágrimas,IMDb ID not found,CINE.pdf
ace una Estrella,IMDb ID not found,CINE.pdf
acido para provocar el infierno,IMDb ID not found,CINE.pdf
"acimiento de una nación, El- The",IMDb ID not found,CINE.pdf
"Mujer de arena, La",IMDb ID not found,CINE.pdf
birth of a nation 1396,IMDb ID not found,CINE.pdf
ada es para siempre,IMDb ID not found,CINE.pdf
aranja mecanica,IMDb ID not found,CINE.pdf
arciso Negro,IMDb ID not found,CINE.pdf
"áufragos II los piratas, Los",IMDb ID not found,CINE.pdf
aufragio,IMDb ID not found,CINE.pdf
azarín,IMDb ID not found,CINE.pdf
ebraska,IMDb ID not found,CINE.pdf
ed Kelly,IMDb ID not found,CINE.pdf
emesis enigmas,IMDb ID not found,CINE.pdf
ew World [Sinsegye - Sin-se-gae],IMDb ID not found,CINE.pdf
"ew York, New York",IMDb ID not found,CINE.pdf
i Idea,IMDb ID not found,CINE.pdf
icholas and Alexandra,IMDb ID not found,CINE.pdf
icotina cuando el destino te da el,IMDb ID not found,CINE.pdf
golpe 1412,IMDb ID not found,CINE.pdf
"ietos de don Venancio, Los",IMDb ID not found,CINE.pdf
"iebla, La",IMDb ID not found,CINE.pdf
"ieves del Kilimanjaro, Las",IMDb ID not found,CINE.pdf
inja assassin,IMDb ID not found,CINE.pdf
ine [i.e.9] songs,IMDb ID not found,CINE.pdf
"iña de mis ojos, La",IMDb ID not found,CINE.pdf
iño del sótano. El,IMDb ID not found,CINE.pdf
"Mundo de Sofía, El",IMDb ID not found,CINE.pdf
"iños del  brasil, Los",IMDb ID not found,CINE.pdf
iños del hombre,IMDb ID not found,CINE.pdf
irvana,IMDb ID not found,CINE.pdf
personnel  1428,IMDb ID not found,CINE.pdf
quiero dormir solo,IMDb ID not found,CINE.pdf
dejármelas largas 1432,IMDb ID not found,CINE.pdf
temas  a la oscuridad,IMDb ID not found,CINE.pdf
"che de los muertos vivientes, La",IMDb ID not found,CINE.pdf
che del asesino,IMDb ID not found,CINE.pdf
"che del crimen, La",IMDb ID not found,CINE.pdf
"che del Demonio, La",IMDb ID not found,CINE.pdf
"che Har shab Tanhai, La",IMDb ID not found,CINE.pdf
ches púrpura,IMDb ID not found,CINE.pdf
rteado,IMDb ID not found,CINE.pdf
"sferatu, el vampiro",IMDb ID not found,CINE.pdf
stalgia del pasado,IMDb ID not found,CINE.pdf
"iño con el pijama de rayas, El",IMDb ID not found,CINE.pdf
"Mundo está loco, loco, El",IMDb ID not found,CINE.pdf
Atlantis  1444,IMDb ID not found,CINE.pdf
ticias escritas con sangre,IMDb ID not found,CINE.pdf
"iños están Bien, Los",IMDb ID not found,CINE.pdf
"via polaca, La",IMDb ID not found,CINE.pdf
via que te vea,IMDb ID not found,CINE.pdf
"via siria, La",IMDb ID not found,CINE.pdf
"via vestía de negro, La",IMDb ID not found,CINE.pdf
viembre,IMDb ID not found,CINE.pdf
uestra música,IMDb ID not found,CINE.pdf
ueva gran estafa,IMDb ID not found,CINE.pdf
ueva cenicienta. La,IMDb ID not found,CINE.pdf
The new adventures of Madeline  1454,IMDb ID not found,CINE.pdf
sé si cortarme las venas o,IMDb ID not found,CINE.pdf
"uevas ropas del emperador, Las : la",IMDb ID not found,CINE.pdf
muerte de Napoleón,IMDb ID not found,CINE.pdf
ueve [i.e. 9] orgasmos,IMDb ID not found,CINE.pdf
ew clothe 1455,IMDb ID not found,CINE.pdf
unca estamos solos,IMDb ID not found,CINE.pdf
unca me abandones,IMDb ID not found,CINE.pdf
"unca me olvides, primer amor",IMDb ID not found,CINE.pdf
Rose 1463,IMDb ID not found,CINE.pdf
unca te vayas sin decir te quiero Left,IMDb ID not found,CINE.pdf
Luggage 1464,IMDb ID not found,CINE.pdf
Obsesión Obsession,IMDb ID not found,CINE.pdf
Ocho y media [i.e. 8 12] mujeres,IMDb ID not found,CINE.pdf
Ojo 2. El,IMDb ID not found,CINE.pdf
Ojos bien cerrados,IMDb ID not found,CINE.pdf
"Ojos de Julia, Los",IMDb ID not found,CINE.pdf
Ojos de serpiente,IMDb ID not found,CINE.pdf
"Olvidados, Los",IMDb ID not found,CINE.pdf
Olvídate de París,IMDb ID not found,CINE.pdf
Once a la medianoche,IMDb ID not found,CINE.pdf
Once:catorce [i.e. 11:14] : hora de morir,IMDb ID not found,CINE.pdf
One hour photo ( Retratos de una,IMDb ID not found,CINE.pdf
obsesión) 1481,IMDb ID not found,CINE.pdf
Operación dragón,IMDb ID not found,CINE.pdf
Ong- Bak : el nuevo dragón,IMDb ID not found,CINE.pdf
Operación Valkyrie,IMDb ID not found,CINE.pdf
Operación Valquiria,IMDb ID not found,CINE.pdf
Valkyrie  1484,IMDb ID not found,CINE.pdf
"Orfanato, El",IMDb ID not found,CINE.pdf
"Origen, El",IMDb ID not found,CINE.pdf
Oro y cobre,IMDb ID not found,CINE.pdf
"Oso, El",IMDb ID not found,CINE.pdf
unca Más,IMDb ID not found,CINE.pdf
"uevo mundo, El",IMDb ID not found,CINE.pdf
segunda oportunidad 1462,IMDb ID not found,CINE.pdf
unca te dejaré,IMDb ID not found,CINE.pdf
"Otra cara de septiembre, La",IMDb ID not found,CINE.pdf
Otoño en nueva york,IMDb ID not found,CINE.pdf
"Otra familia, La",IMDb ID not found,CINE.pdf
Otra Huérfana.La,IMDb ID not found,CINE.pdf
"Otra reina, La",IMDb ID not found,CINE.pdf
Otra película de huevos y un pollo,IMDb ID not found,CINE.pdf
"Otra virginidad, La",IMDb ID not found,CINE.pdf
"Otro lado del amor, El",IMDb ID not found,CINE.pdf
"Octavo día, El",IMDb ID not found,CINE.pdf
Ocho y medio,IMDb ID not found,CINE.pdf
"Otros, Los - The others",IMDb ID not found,CINE.pdf
"Paciente inglés, El",IMDb ID not found,CINE.pdf
"Pájaros, Los",IMDb ID not found,CINE.pdf
Pan y tulipanes,IMDb ID not found,CINE.pdf
"Panadera y el emperador, La  1511",IMDb ID not found,CINE.pdf
Pandilla salvaje The wild bunch,IMDb ID not found,CINE.pdf
Pandillas de Nueva York,IMDb ID not found,CINE.pdf
Pánico en altamar,IMDb ID not found,CINE.pdf
The pink panther strikes again 1516,IMDb ID not found,CINE.pdf
Para atrapar al ladrón,IMDb ID not found,CINE.pdf
thief  1520,IMDb ID not found,CINE.pdf
Pare de pecar,IMDb ID not found,CINE.pdf
Parecido a la felicidad,IMDb ID not found,CINE.pdf
"Paredes hablan,  Las",IMDb ID not found,CINE.pdf
"París, Clara y yo",IMDb ID not found,CINE.pdf
Pacto infernal,IMDb ID not found,CINE.pdf
Padre e hijo,IMDb ID not found,CINE.pdf
Palabra y utopía,IMDb ID not found,CINE.pdf
"París, te amo",IMDb ID not found,CINE.pdf
Partes usadas,IMDb ID not found,CINE.pdf
"Pasado me condena, El",IMDb ID not found,CINE.pdf
"Pasado nos condena, El",IMDb ID not found,CINE.pdf
Pantaleón y las visitadoras,IMDb ID not found,CINE.pdf
"Pantera rosa : ataca de nuevo, La",IMDb ID not found,CINE.pdf
Pasión al atardecer,IMDb ID not found,CINE.pdf
Ball 1530,IMDb ID not found,CINE.pdf
Papillón Papillon,IMDb ID not found,CINE.pdf
Papá por qué te fuiste,IMDb ID not found,CINE.pdf
"Papalote azul, El",IMDb ID not found,CINE.pdf
Pasión de Camile Claudel Camille,IMDb ID not found,CINE.pdf
"Claudel : violence et passion, La 1533",IMDb ID not found,CINE.pdf
"Pasión de Cristo, La",IMDb ID not found,CINE.pdf
Pasión de los fuertes,IMDb ID not found,CINE.pdf
Clementine  1535,IMDb ID not found,CINE.pdf
Pasión ilícita,IMDb ID not found,CINE.pdf
Pasión por áfrica,IMDb ID not found,CINE.pdf
"Pasión según Berenice, La",IMDb ID not found,CINE.pdf
Pasiones Privadas en Lugares,IMDb ID not found,CINE.pdf
titulos diferentes) 1539,IMDb ID not found,CINE.pdf
"Patrullero 777, El",IMDb ID not found,CINE.pdf
Pauline y Paulette,IMDb ID not found,CINE.pdf
"Peleador, El",IMDb ID not found,CINE.pdf
Pecados de guerra,IMDb ID not found,CINE.pdf
Peligro hombres- trabajando,IMDb ID not found,CINE.pdf
Pequeña miss sunshine,IMDb ID not found,CINE.pdf
sunshine  1554,IMDb ID not found,CINE.pdf
Pequeñas flores rojas,IMDb ID not found,CINE.pdf
Pequeñas heridas,IMDb ID not found,CINE.pdf
"Pequeño Buda, El",IMDb ID not found,CINE.pdf
"Pequeño fugitivo, El",IMDb ID not found,CINE.pdf
Pequeños milagros,IMDb ID not found,CINE.pdf
"Pequeño tallarin, El",IMDb ID not found,CINE.pdf
"Pequeño Vanya, El",IMDb ID not found,CINE.pdf
Perdido en Afganistán,IMDb ID not found,CINE.pdf
Perdidos en la noche,IMDb ID not found,CINE.pdf
dirty ninht.  1563,IMDb ID not found,CINE.pdf
Perdidos en Tokio,IMDb ID not found,CINE.pdf
"Perfecto asesino, El",IMDb ID not found,CINE.pdf
"Perfume : historia de un asesino, El",IMDb ID not found,CINE.pdf
Perfume de mujer,IMDb ID not found,CINE.pdf
Perfume de violetas,IMDb ID not found,CINE.pdf
"Perro Rabio, El",IMDb ID not found,CINE.pdf
"Perro sonriente, El",IMDb ID not found,CINE.pdf
Dixie  1571,IMDb ID not found,CINE.pdf
Públicos / La Vida que te Espera (se,IMDb ID not found,CINE.pdf
tiene dos cds en una misma caja con,IMDb ID not found,CINE.pdf
Pasiones Secretas Choses secrètes,IMDb ID not found,CINE.pdf
"Perros  de guerra, los",IMDb ID not found,CINE.pdf
Perros de reserva,IMDb ID not found,CINE.pdf
"Pianista, El",IMDb ID not found,CINE.pdf
"PI, el orden del caos",IMDb ID not found,CINE.pdf
"Pianista, La",IMDb ID not found,CINE.pdf
Somewhere in time  1580,IMDb ID not found,CINE.pdf
"Piel del deseo, La",IMDb ID not found,CINE.pdf
Pieza final.La,IMDb ID not found,CINE.pdf
Pijama para dos Lover come back,IMDb ID not found,CINE.pdf
Pinceladas de fuego,IMDb ID not found,CINE.pdf
Piso 13 .El,IMDb ID not found,CINE.pdf
"Placer de la seda, El",IMDb ID not found,CINE.pdf
Plan 9 del espacio exterior,IMDb ID not found,CINE.pdf
Plan perfecto .El,IMDb ID not found,CINE.pdf
Planeta de los simios,IMDb ID not found,CINE.pdf
Planeta de los simios. Revolución. El,IMDb ID not found,CINE.pdf
"Planeta salvaje, El",IMDb ID not found,CINE.pdf
Poison Ivy 2,IMDb ID not found,CINE.pdf
traducción al español 1598,IMDb ID not found,CINE.pdf
"Polivoces, Los",IMDb ID not found,CINE.pdf
"Poquianchis, Las",IMDb ID not found,CINE.pdf
Por amor al arte The shape of things,IMDb ID not found,CINE.pdf
Por amor o por deseo,IMDb ID not found,CINE.pdf
Por el lado oscuro del camino,IMDb ID not found,CINE.pdf
Secta  de los vampiros 1609,IMDb ID not found,CINE.pdf
Posibilidad de escape,IMDb ID not found,CINE.pdf
Post Tenebras Lux 1611,IMDb ID not found,CINE.pdf
"Pozo, El",IMDb ID not found,CINE.pdf
Precio de la codicia.El,IMDb ID not found,CINE.pdf
Pesadillas en la casa sombría,IMDb ID not found,CINE.pdf
Precio del mañana.El,IMDb ID not found,CINE.pdf
Pide al tiempo que vuelva,IMDb ID not found,CINE.pdf
"Piano, El",IMDb ID not found,CINE.pdf
Precious Preciosa,IMDb ID not found,CINE.pdf
"Premio, El",IMDb ID not found,CINE.pdf
Presagio Knowing,IMDb ID not found,CINE.pdf
"Primera noche, La",IMDb ID not found,CINE.pdf
Princesa que  quería vivir.La,IMDb ID not found,CINE.pdf
"Príncipe y yo, El - The prince and me",IMDb ID not found,CINE.pdf
"Principio, El",IMDb ID not found,CINE.pdf
Prisionero del rock and roll,IMDb ID not found,CINE.pdf
"Profecía, La - The omen",IMDb ID not found,CINE.pdf
Poder total,IMDb ID not found,CINE.pdf
de amor  1606,IMDb ID not found,CINE.pdf
"Por siempre: cenicienta, una historia",IMDb ID not found,CINE.pdf
"Poder y  La Avaricia, El",IMDb ID not found,CINE.pdf
Poseidos .Los ( tiene dos peliculas) y,IMDb ID not found,CINE.pdf
Profundo carmesí,IMDb ID not found,CINE.pdf
Proyecto andrómeda,IMDb ID not found,CINE.pdf
Promesa de amor,IMDb ID not found,CINE.pdf
"Provocación, La : Match point",IMDb ID not found,CINE.pdf
"Próximo hombre, El",IMDb ID not found,CINE.pdf
PSI. I love you,IMDb ID not found,CINE.pdf
Psicópata americano,IMDb ID not found,CINE.pdf
"Pueblo perdido de Switez,El",IMDb ID not found,CINE.pdf
"vidas, El 1621",IMDb ID not found,CINE.pdf
Presidente por un día,IMDb ID not found,CINE.pdf
Punto de quiebra Point break,IMDb ID not found,CINE.pdf
Punto de quiebre point break,IMDb ID not found,CINE.pdf
Puños de Bruce Lee,IMDb ID not found,CINE.pdf
"Procesos de las señoritas Vivanco, El",IMDb ID not found,CINE.pdf
Qué bello es vivir,IMDb ID not found,CINE.pdf
Qué hacemos con Maisie?,IMDb ID not found,CINE.pdf
"Que con niños se acuesta, El",IMDb ID not found,CINE.pdf
Que hora es allá?,IMDb ID not found,CINE.pdf
¡Que te calles!,IMDb ID not found,CINE.pdf
Planeta terror,IMDb ID not found,CINE.pdf
Quédate a mi lado,IMDb ID not found,CINE.pdf
the princess? 1662,IMDb ID not found,CINE.pdf
"Profesional, El",IMDb ID not found,CINE.pdf
Quién quiere matar a Bambi?,IMDb ID not found,CINE.pdf
Quiero ser famosa,IMDb ID not found,CINE.pdf
Quimera.La,IMDb ID not found,CINE.pdf
"Quimera de oro, La",IMDb ID not found,CINE.pdf
Quisiera ser millonario,IMDb ID not found,CINE.pdf
Quinto Mandamiento.El,IMDb ID not found,CINE.pdf
Prueba de vida,IMDb ID not found,CINE.pdf
august  1673,IMDb ID not found,CINE.pdf
"Rapto, El",IMDb ID not found,CINE.pdf
"Razón de la culpa, La",IMDb ID not found,CINE.pdf
"Rebelde, El",IMDb ID not found,CINE.pdf
apes 1591,IMDb ID not found,CINE.pdf
"Rebozo de Soledad, El",IMDb ID not found,CINE.pdf
Recien enterrados,IMDb ID not found,CINE.pdf
Quién mató a la princesa? Who shot,IMDb ID not found,CINE.pdf
"Red,  Retirados extremadamente",IMDb ID not found,CINE.pdf
Quieres ser John Malkovich? Being,IMDb ID not found,CINE.pdf
Red de mentiras,IMDb ID not found,CINE.pdf
John Malkovich  1664,IMDb ID not found,CINE.pdf
duros  1686,IMDb ID not found,CINE.pdf
Reeker/La invasión de los  muertos,IMDb ID not found,CINE.pdf
vivientes 1689,IMDb ID not found,CINE.pdf
Commercial Man  1691,IMDb ID not found,CINE.pdf
Rapsodia en agosto Rhapshody in,IMDb ID not found,CINE.pdf
Regreso a Cold Mountain,IMDb ID not found,CINE.pdf
Regreso al presente,IMDb ID not found,CINE.pdf
"Reina, La",IMDb ID not found,CINE.pdf
"Reina Margot, La",IMDb ID not found,CINE.pdf
"Reina de los condenados, La",IMDb ID not found,CINE.pdf
Reina de persia,IMDb ID not found,CINE.pdf
"Reinado del fuego, El",IMDb ID not found,CINE.pdf
Rent no day but today,IMDb ID not found,CINE.pdf
Replicant : asesino perfecto,IMDb ID not found,CINE.pdf
Requiem por un imperio,IMDb ID not found,CINE.pdf
Requiem por un sueño,IMDb ID not found,CINE.pdf
Rescantando al soldado Ryan,IMDb ID not found,CINE.pdf
private Ryan  1708,IMDb ID not found,CINE.pdf
"Resplandor, El",IMDb ID not found,CINE.pdf
"Reto, El",IMDb ID not found,CINE.pdf
Reto al destino,IMDb ID not found,CINE.pdf
"Retrato de Dorian Gray, El",IMDb ID not found,CINE.pdf
picture de Dorian Gray  1712,IMDb ID not found,CINE.pdf
Retrato de una mujer casada,IMDb ID not found,CINE.pdf
Retratos Mortales/ Visiones Siniestras,IMDb ID not found,CINE.pdf
Retratos de una pasión,IMDb ID not found,CINE.pdf
Revelación la señal,IMDb ID not found,CINE.pdf
Revenant El renacido,IMDb ID not found,CINE.pdf
"Reventón de los nerds, El",IMDb ID not found,CINE.pdf
"Revoltoso, El",IMDb ID not found,CINE.pdf
Rey escorpión.El,IMDb ID not found,CINE.pdf
Rey escorpión 3 .El,IMDb ID not found,CINE.pdf
Reyes de la calle Street kings,IMDb ID not found,CINE.pdf
Ringu 2,IMDb ID not found,CINE.pdf
Río místico Mystic river,IMDb ID not found,CINE.pdf
Río sangriento,IMDb ID not found,CINE.pdf
Río suzhou,IMDb ID not found,CINE.pdf
"Rito de la santa muerte, El",IMDb ID not found,CINE.pdf
"Rito, El",IMDb ID not found,CINE.pdf
"Refugio, El",IMDb ID not found,CINE.pdf
"Reglas de Víktor Vogel, Las",IMDb ID not found,CINE.pdf
millionaire 1669,IMDb ID not found,CINE.pdf
The jacket  1692,IMDb ID not found,CINE.pdf
Regresiones de un hombre muerto -,IMDb ID not found,CINE.pdf
"Rey del barrio, El",IMDb ID not found,CINE.pdf
Roma ciudad abierta,IMDb ID not found,CINE.pdf
Romeo debe morir,IMDb ID not found,CINE.pdf
Rey y yo. El,IMDb ID not found,CINE.pdf
"Sabor de la vida, El",IMDb ID not found,CINE.pdf
Saint Laurent Saint Laurent,IMDb ID not found,CINE.pdf
"Salario del miedo, El 1751",IMDb ID not found,CINE.pdf
Salems Lot,IMDb ID not found,CINE.pdf
"Saló, o, Los 120 días de Sodoma",IMDb ID not found,CINE.pdf
"Salvaje río, El",IMDb ID not found,CINE.pdf
"Sandalias del pescador, Las - The",IMDb ID not found,CINE.pdf
shoes of the fisherman  1757,IMDb ID not found,CINE.pdf
"Sangre iluminada, La",IMDb ID not found,CINE.pdf
"Sangre brota/ El asaltante, La",IMDb ID not found,CINE.pdf
Sangre eterna,IMDb ID not found,CINE.pdf
Sanjuro Tsubaki Sanjûrô,IMDb ID not found,CINE.pdf
Santo contra el hacha diabólica,IMDb ID not found,CINE.pdf
Santo contra la hija de Frankenstein,IMDb ID not found,CINE.pdf
Santo contra la mafia del vicio,IMDb ID not found,CINE.pdf
Santo contra los asesinos de otros,IMDb ID not found,CINE.pdf
Santo contra las lobas,IMDb ID not found,CINE.pdf
mundos  1771,IMDb ID not found,CINE.pdf
Santo contra los hombres infernales,IMDb ID not found,CINE.pdf
Santo contra los jinetes del terror,IMDb ID not found,CINE.pdf
Santo en el hotel de la muerte,IMDb ID not found,CINE.pdf
Santo en el museo de cera,IMDb ID not found,CINE.pdf
Santo en el tesoro de drácula,IMDb ID not found,CINE.pdf
Santo en la frontera del terror,IMDb ID not found,CINE.pdf
azteca  1779,IMDb ID not found,CINE.pdf
"Santo Luzbel, El",IMDb ID not found,CINE.pdf
Santo vs el asesino de la televisión,IMDb ID not found,CINE.pdf
Santo vs el espectro del estrangulador,IMDb ID not found,CINE.pdf
[viedograbación] 1782,IMDb ID not found,CINE.pdf
Santo y Blue Demon contra el dr,IMDb ID not found,CINE.pdf
Frankenstein  1783,IMDb ID not found,CINE.pdf
Santo y Blue Demon vs Drácula y el,IMDb ID not found,CINE.pdf
hombre lobo 1785,IMDb ID not found,CINE.pdf
Santo y Blue Demon en el mundo de,IMDb ID not found,CINE.pdf
Santo y Mantequilla Nápoles en la,IMDb ID not found,CINE.pdf
venganza de La llorona  1788,IMDb ID not found,CINE.pdf
Scream3,IMDb ID not found,CINE.pdf
Se busca novia The bachelor,IMDb ID not found,CINE.pdf
Se busca pareja Must love dogs,IMDb ID not found,CINE.pdf
"Secretaria, La",IMDb ID not found,CINE.pdf
Secreto de estado,IMDb ID not found,CINE.pdf
Santo contra la magia negra,IMDb ID not found,CINE.pdf
"Secreto de Mary Reilly, El",IMDb ID not found,CINE.pdf
"Secreto de Romelia, El",IMDb ID not found,CINE.pdf
"Secreto del Malabar princess, El",IMDb ID not found,CINE.pdf
Malabar princess  1801,IMDb ID not found,CINE.pdf
Secretos de alcoba Pillow talk,IMDb ID not found,CINE.pdf
Santo en la venganza de la momia,IMDb ID not found,CINE.pdf
Secretos del bosque,IMDb ID not found,CINE.pdf
Secretos de un matrimonio,IMDb ID not found,CINE.pdf
Secretos ocultos,IMDb ID not found,CINE.pdf
Secuestro en la familia,IMDb ID not found,CINE.pdf
Secuestradores de cuerpos,IMDb ID not found,CINE.pdf
Seductor de lujo,IMDb ID not found,CINE.pdf
"Segundo aire, El",IMDb ID not found,CINE.pdf
Seiscientas [i.e.600] millas el tráfico de,IMDb ID not found,CINE.pdf
arms no tiene lealtad,IMDb ID not found,CINE.pdf
Santo y el águila real,IMDb ID not found,CINE.pdf
Semilla de Maldad,IMDb ID not found,CINE.pdf
Sensatez Y Sentimientos,IMDb ID not found,CINE.pdf
Scar 3D,IMDb ID not found,CINE.pdf
"Sensualidad de Olga, La",IMDb ID not found,CINE.pdf
"Señor de las moscas, El",IMDb ID not found,CINE.pdf
Señales del más allá,IMDb ID not found,CINE.pdf
"Señora Beba, La",IMDb ID not found,CINE.pdf
Septiembre 11,IMDb ID not found,CINE.pdf
"Séptimo cielo, El",IMDb ID not found,CINE.pdf
"Septimo día, El",IMDb ID not found,CINE.pdf
El séptimo sello [videograbación],IMDb ID not found,CINE.pdf
The seventh seal  1824,IMDb ID not found,CINE.pdf
"Serendipity , señales de amor",IMDb ID not found,CINE.pdf
Sesenta segundos,IMDb ID not found,CINE.pdf
"Sexto día, El  [i.e. sexto] 6° día The 6th",IMDb ID not found,CINE.pdf
day 1829,IMDb ID not found,CINE.pdf
"Sexto sentido, El",IMDb ID not found,CINE.pdf
Shakespeare apasionado,IMDb ID not found,CINE.pdf
Shakespeare in love  1832,IMDb ID not found,CINE.pdf
Shattered lives( tradución en español:,IMDb ID not found,CINE.pdf
Shortbús: tu última parada,IMDb ID not found,CINE.pdf
vidas destrozadas) 1833,IMDb ID not found,CINE.pdf
"Show secreto, El",IMDb ID not found,CINE.pdf
los muertos  1784,IMDb ID not found,CINE.pdf
"Siempre a tu lado, Hachiko",IMDb ID not found,CINE.pdf
A dog's story  1838,IMDb ID not found,CINE.pdf
"Segunda noche,La",IMDb ID not found,CINE.pdf
Siempre hay tiempo para reír Funny,IMDb ID not found,CINE.pdf
people 1839,IMDb ID not found,CINE.pdf
pasado 1841,IMDb ID not found,CINE.pdf
Selma: el poder de un sueño Selma,IMDb ID not found,CINE.pdf
Seis mujeres para un asesino,IMDb ID not found,CINE.pdf
Siete [ i. e. 7] días,IMDb ID not found,CINE.pdf
Siete almas Seven pounds,IMDb ID not found,CINE.pdf
Siete [ i. e. 7] soles,IMDb ID not found,CINE.pdf
Siente años en el tibet,IMDb ID not found,CINE.pdf
"Siete copas, El",IMDb ID not found,CINE.pdf
"Siete Samurai, Los",IMDb ID not found,CINE.pdf
Simón del desierto,IMDb ID not found,CINE.pdf
Sin edad para el amor,IMDb ID not found,CINE.pdf
Sin lugar para los débiles,IMDb ID not found,CINE.pdf
Sr. Sra. Smith,IMDb ID not found,CINE.pdf
Sr. Venganza 1861,IMDb ID not found,CINE.pdf
snatchers  1807,IMDb ID not found,CINE.pdf
"Solista, El",IMDb ID not found,CINE.pdf
Siempre sabré lo que hiciste el verano,IMDb ID not found,CINE.pdf
Sombras tenebrosas Dark shadows,IMDb ID not found,CINE.pdf
"Siete machos, El",IMDb ID not found,CINE.pdf
Somos Marshall We are Marshall,IMDb ID not found,CINE.pdf
Son de mar,IMDb ID not found,CINE.pdf
"Sonrisa de Monalisa, La",IMDb ID not found,CINE.pdf
Sospechosos comunes,IMDb ID not found,CINE.pdf
Sonrisas de una noche de verano,IMDb ID not found,CINE.pdf
suspects  1879,IMDb ID not found,CINE.pdf
Soy espía,IMDb ID not found,CINE.pdf
Soy el hermano de Josh Polonsky,IMDb ID not found,CINE.pdf
Soy huérfano,IMDb ID not found,CINE.pdf
Sociedad de los poetas muertos,IMDb ID not found,CINE.pdf
alcance 1885,IMDb ID not found,CINE.pdf
Slaughter night (noche de la,IMDb ID not found,CINE.pdf
matanza) traducción en eapañol 1886,IMDb ID not found,CINE.pdf
Stalker la zona,IMDb ID not found,CINE.pdf
Starsky y Hutch 1891,IMDb ID not found,CINE.pdf
Su nombre es Jenifer,IMDb ID not found,CINE.pdf
Sueño de fuga,IMDb ID not found,CINE.pdf
Solo los niños van al cielo 1871,IMDb ID not found,CINE.pdf
redemption  1894,IMDb ID not found,CINE.pdf
"Sueño del caimán, El",IMDb ID not found,CINE.pdf
"Sueños de Akira Kurosawa, Los",IMDb ID not found,CINE.pdf
Sueños de orquesta,IMDb ID not found,CINE.pdf
"Sustituto, El",IMDb ID not found,CINE.pdf
Talentoso sr. ripley .El,IMDb ID not found,CINE.pdf
Tan espeso como el chocolate,IMDb ID not found,CINE.pdf
Tango  1911,IMDb ID not found,CINE.pdf
"Tarea prohibida, La",IMDb ID not found,CINE.pdf
Taxi 1913,IMDb ID not found,CINE.pdf
Taxi Teherán 1915,IMDb ID not found,CINE.pdf
lesser God  1916,IMDb ID not found,CINE.pdf
Temporada de patos,IMDb ID not found,CINE.pdf
Solo contra sí mismo,IMDb ID not found,CINE.pdf
Temporada de sequia  1921,IMDb ID not found,CINE.pdf
"Tercer tiro, El",IMDb ID not found,CINE.pdf
Sueños ocultos,IMDb ID not found,CINE.pdf
Super policias,IMDb ID not found,CINE.pdf
Swordfish : Acceso autorizado,IMDb ID not found,CINE.pdf
Terror a bordo,IMDb ID not found,CINE.pdf
Terror bajo la nieve,IMDb ID not found,CINE.pdf
Terror en la antartida,IMDb ID not found,CINE.pdf
Testigo mudo,IMDb ID not found,CINE.pdf
"(('Pétalo Carmesí, Flor Blanca) 1936",IMDb ID not found,CINE.pdf
The drawer boy el dibujante,IMDb ID not found,CINE.pdf
The Glimmer man  1941,IMDb ID not found,CINE.pdf
The keeper(traducida al español El,IMDb ID not found,CINE.pdf
protector) 1944,IMDb ID not found,CINE.pdf
The men who stare at goats (Hombres,IMDb ID not found,CINE.pdf
"que miran fijamente las cabras,los) 1946",IMDb ID not found,CINE.pdf
Rojo amanecer,IMDb ID not found,CINE.pdf
Rojo como el cielo,IMDb ID not found,CINE.pdf
Timecop 2 1931,IMDb ID not found,CINE.pdf
dulce) 1958,IMDb ID not found,CINE.pdf
The sweetest thing ( La cosa más,IMDb ID not found,CINE.pdf
The Tenant(quimérico inquilino) El,IMDb ID not found,CINE.pdf
Thomas esta enamorado 1961,IMDb ID not found,CINE.pdf
Tiempo de mentir,IMDb ID not found,CINE.pdf
Tiempo para morir Harsh times,IMDb ID not found,CINE.pdf
La tiendita de los horrores The Little,IMDb ID not found,CINE.pdf
"Tierra de la gran promesa, La",IMDb ID not found,CINE.pdf
golden door  1970,IMDb ID not found,CINE.pdf
Tierra extranjera,IMDb ID not found,CINE.pdf
The prodigal 1951,IMDb ID not found,CINE.pdf
Tigre y el dragón. El,IMDb ID not found,CINE.pdf
"Tigre de Santa Julia, El",IMDb ID not found,CINE.pdf
"Tigre y la nieve, El",IMDb ID not found,CINE.pdf
Terror en chernóbil,IMDb ID not found,CINE.pdf
Terror en el aire,IMDb ID not found,CINE.pdf
Almodóvar. 1995,IMDb ID not found,CINE.pdf
"Tortugas pueden volar,  Las",IMDb ID not found,CINE.pdf
can fly 2006,IMDb ID not found,CINE.pdf
"Transportador, El",IMDb ID not found,CINE.pdf
Yuen  2014,IMDb ID not found,CINE.pdf
Tras la Tormenta,IMDb ID not found,CINE.pdf
Koreeda.. 2016,IMDb ID not found,CINE.pdf
Tras líneas enemigas Behind enemy,IMDb ID not found,CINE.pdf
lines  2017,IMDb ID not found,CINE.pdf
Trenes rigurosamente vigilados,IMDb ID not found,CINE.pdf
Tres mil [i.e.3000] millas al infierno,IMDb ID not found,CINE.pdf
Shop of Horrors  1968,IMDb ID not found,CINE.pdf
Miles to Graceland  2025,IMDb ID not found,CINE.pdf
Tienes un e-mail You’ve got mail,IMDb ID not found,CINE.pdf
Trece días,IMDb ID not found,CINE.pdf
El triángulo The Triangle,IMDb ID not found,CINE.pdf
"Triunfo del amor, El",IMDb ID not found,CINE.pdf
Tribunal en fuga,IMDb ID not found,CINE.pdf
Truman show historia de una vida,IMDb ID not found,CINE.pdf
Turbulencia 2,IMDb ID not found,CINE.pdf
Tutia,IMDb ID not found,CINE.pdf
Tuya en septiembre,IMDb ID not found,CINE.pdf
U-Quinientos setenta y uno [i.e. 571] La,IMDb ID not found,CINE.pdf
batalla del atlántico U-571 2046,IMDb ID not found,CINE.pdf
"Última cena, La",IMDb ID not found,CINE.pdf
"Última noche de la humanidad, La",IMDb ID not found,CINE.pdf
"Última noche, La",IMDb ID not found,CINE.pdf
rak noi nid mahasan,IMDb ID not found,CINE.pdf
"última vida en el universo, La - Ruang",IMDb ID not found,CINE.pdf
Universe  2051,IMDb ID not found,CINE.pdf
"Último camino, El",IMDb ID not found,CINE.pdf
"Último emperador, El",IMDb ID not found,CINE.pdf
"último maestro del aire, El - The last",IMDb ID not found,CINE.pdf
airbender 2054,IMDb ID not found,CINE.pdf
"Último paciente Chronic, El",IMDb ID not found,CINE.pdf
"Último rey de Escocia, El",IMDb ID not found,CINE.pdf
"Último samurai, El",IMDb ID not found,CINE.pdf
"Último tren a Auswitch, El",IMDb ID not found,CINE.pdf
"Últimos días de mi vida, Los",IMDb ID not found,CINE.pdf
Un amor italiano,IMDb ID not found,CINE.pdf
Un amor loco,IMDb ID not found,CINE.pdf
Un amor muy especial,IMDb ID not found,CINE.pdf
All about Adam  Garden state. 1994,IMDb ID not found,CINE.pdf
Un amor surrealista Marie & Bruce,IMDb ID not found,CINE.pdf
Un beso más - The last kiss,IMDb ID not found,CINE.pdf
Tu que estás vivo,IMDb ID not found,CINE.pdf
Un crimen perfecto,IMDb ID not found,CINE.pdf
Un destello en la obscuridad,IMDb ID not found,CINE.pdf
Un domingo maravilloso,IMDb ID not found,CINE.pdf
Un dulce olor a muerte,IMDb ID not found,CINE.pdf
"Última tentación de Cristo, La",IMDb ID not found,CINE.pdf
Un gallo con muchos huevos,IMDb ID not found,CINE.pdf
Un gato sobre el tejado caliente,IMDb ID not found,CINE.pdf
Un gran chico,IMDb ID not found,CINE.pdf
Un grito  antes de morir,IMDb ID not found,CINE.pdf
Un hilito de sangre: un temprano,IMDb ID not found,CINE.pdf
despertar 2081,IMDb ID not found,CINE.pdf
Un Hombre Solitario,IMDb ID not found,CINE.pdf
Un horizonte lejano,IMDb ID not found,CINE.pdf
vie 2059,IMDb ID not found,CINE.pdf
Un milagro para Henry,IMDb ID not found,CINE.pdf
Un amor inesperado,IMDb ID not found,CINE.pdf
Un milagro para Lorenzo,IMDb ID not found,CINE.pdf
Un monstruo de mil cabezas,IMDb ID not found,CINE.pdf
Un oscuro secreto,IMDb ID not found,CINE.pdf
Un Perro andaluz,IMDb ID not found,CINE.pdf
Un regalo sangriento,IMDb ID not found,CINE.pdf
Un ángel enamorado,IMDb ID not found,CINE.pdf
Un sueño posible The blind side,IMDb ID not found,CINE.pdf
Una acción civil,IMDb ID not found,CINE.pdf
Una carta de amor,IMDb ID not found,CINE.pdf
Una chica perturbada,IMDb ID not found,CINE.pdf
Una Dama sin Pudor,IMDb ID not found,CINE.pdf
Una Eva y dos Adanes,IMDb ID not found,CINE.pdf
Una Lección de Vida,IMDb ID not found,CINE.pdf
Una mente Brillante,IMDb ID not found,CINE.pdf
Una muerte Inesperada,IMDb ID not found,CINE.pdf
Una mujer en África,IMDb ID not found,CINE.pdf
Una noche en la  ópera,IMDb ID not found,CINE.pdf
Una Serie de eventos Desafortunados,IMDb ID not found,CINE.pdf
Una sola entrega,IMDb ID not found,CINE.pdf
Una venus en visón,IMDb ID not found,CINE.pdf
Una vez que naces,IMDb ID not found,CINE.pdf
Una vida en siete días,IMDb ID not found,CINE.pdf
Unas dulces mentiras,IMDb ID not found,CINE.pdf
"Único, El",IMDb ID not found,CINE.pdf
Usted es muy guapo,IMDb ID not found,CINE.pdf
V de Venganza,IMDb ID not found,CINE.pdf
Un puente demasiado lejos,IMDb ID not found,CINE.pdf
Vacaciones de invierno,IMDb ID not found,CINE.pdf
Vacaciones de Mr. Bean,IMDb ID not found,CINE.pdf
Vacaciones en la obscuridad,IMDb ID not found,CINE.pdf
Valmont : relaciones peligrosas,IMDb ID not found,CINE.pdf
Valor bajo fuego,IMDb ID not found,CINE.pdf
"Valor de amar,El",IMDb ID not found,CINE.pdf
"Vampiro, el",IMDb ID not found,CINE.pdf
Vecinos y enemigos,IMDb ID not found,CINE.pdf
Veinticinco años de historias,IMDb ID not found,CINE.pdf
animadas : cortometrajes de,IMDb ID not found,CINE.pdf
darkly  2106,IMDb ID not found,CINE.pdf
Veinticuatro [i.e 24] en busca de la,IMDb ID not found,CINE.pdf
cuadros de terror 2140,IMDb ID not found,CINE.pdf
Veintisiete bodas,IMDb ID not found,CINE.pdf
Veintiún gramos,IMDb ID not found,CINE.pdf
Veneno para las hadas,IMDb ID not found,CINE.pdf
Vengadora/Testigos de un crimen,IMDb ID not found,CINE.pdf
Vengador. El,IMDb ID not found,CINE.pdf
Vengador del futuro Total recall,IMDb ID not found,CINE.pdf
Venganza despiadada,IMDb ID not found,CINE.pdf
Ventajas de ser invisible,IMDb ID not found,CINE.pdf
"Ventana Indiscreta, La",IMDb ID not found,CINE.pdf
Venganza yakuza,IMDb ID not found,CINE.pdf
"Ventana secreta, La",IMDb ID not found,CINE.pdf
"Versus, el combate final Versus",IMDb ID not found,CINE.pdf
Vertigo/ La sombra  de una duda,IMDb ID not found,CINE.pdf
Una mirada a la oscuridad,IMDb ID not found,CINE.pdf
(Doble DVD) 2161,IMDb ID not found,CINE.pdf
"Vía lactea, La",IMDb ID not found,CINE.pdf
Victima. La,IMDb ID not found,CINE.pdf
Vida acuática con Steve Zissou,IMDb ID not found,CINE.pdf
"Vida conyugal, La",IMDb ID not found,CINE.pdf
"Vida de Adele, La",IMDb ID not found,CINE.pdf
of Brian  2171,IMDb ID not found,CINE.pdf
"Vida de David  Gale, La",IMDb ID not found,CINE.pdf
"Vida de los otros, La",IMDb ID not found,CINE.pdf
"Vida de nadie, La",IMDb ID not found,CINE.pdf
"Vida es bella, La",IMDb ID not found,CINE.pdf
"Vida es un milagro, La",IMDb ID not found,CINE.pdf
"Vida inútil de Pito Pérez, La",IMDb ID not found,CINE.pdf
"Vida prometida, La La vie promise",IMDb ID not found,CINE.pdf
Ghost river  2178,IMDb ID not found,CINE.pdf
Vida se amputa en seco : y otros,IMDb ID not found,CINE.pdf
"cortometrajes, La 2179",IMDb ID not found,CINE.pdf
Vida sin mi.La,IMDb ID not found,CINE.pdf
"Versión de mi vida, La",IMDb ID not found,CINE.pdf
version  2159,IMDb ID not found,CINE.pdf
"Vidas de Celia, Las",IMDb ID not found,CINE.pdf
Vidas en Común,IMDb ID not found,CINE.pdf
"Viejo y el mar, El",IMDb ID not found,CINE.pdf
Viólame Baise-Moi,IMDb ID not found,CINE.pdf
"Violetero, El",IMDb ID not found,CINE.pdf
"Viajo porque preciso, vuelvo porque te",IMDb ID not found,CINE.pdf
amo  2164,IMDb ID not found,CINE.pdf
Veinticuatro cuadros de terror,IMDb ID not found,CINE.pdf
Violines en el cielo Departures,IMDb ID not found,CINE.pdf
"Virgenes suicidas, Las",IMDb ID not found,CINE.pdf
"Vida de Brian, La",IMDb ID not found,CINE.pdf
"Viuda Negra, La",IMDb ID not found,CINE.pdf
Vivir de nuevo Reprise,IMDb ID not found,CINE.pdf
"Vizconde de Montecristo, El",IMDb ID not found,CINE.pdf
Vladimir en Buenos Aires,IMDb ID not found,CINE.pdf
Vodka limón,IMDb ID not found,CINE.pdf
Volando alto Eddie the eagle,IMDb ID not found,CINE.pdf
Voraz Raw,IMDb ID not found,CINE.pdf
"Vuelo de la cigüeña, El",IMDb ID not found,CINE.pdf
"Vuelo del fénix, El",IMDb ID not found,CINE.pdf
"Vuelta al mundo en 80 días,La",IMDb ID not found,CINE.pdf
Vuelven los siete magníficos,IMDb ID not found,CINE.pdf
Walking on Water: cenizas en el Agua,IMDb ID not found,CINE.pdf
Watchmen : relatos del navío negro,IMDb ID not found,CINE.pdf
Watchmen : tales of the black,IMDb ID not found,CINE.pdf
freighter 2215,IMDb ID not found,CINE.pdf
Ward contra ward,IMDb ID not found,CINE.pdf
"Violín, El",IMDb ID not found,CINE.pdf
"Virgen de los sicarios, La",IMDb ID not found,CINE.pdf
Virgen y Culpable a los 41,IMDb ID not found,CINE.pdf
Virgen a los 40 años,IMDb ID not found,CINE.pdf
quieren  2219,IMDb ID not found,CINE.pdf
Whistle stop [Señal de parada],IMDb ID not found,CINE.pdf
Y ahora damas y caballeros,IMDb ID not found,CINE.pdf
Y dónde están las rubias? White,IMDb ID not found,CINE.pdf
chicks  2224,IMDb ID not found,CINE.pdf
Y tú qué@v!* sabes?,IMDb ID not found,CINE.pdf
Yo amo huckabees,IMDb ID not found,CINE.pdf
Yo soy Sam,IMDb ID not found,CINE.pdf
"Vuelcos del corazón, Los",IMDb ID not found,CINE.pdf
"Zapatillas rojas, Las",IMDb ID not found,CINE.pdf
mundo  2234,IMDb ID not found,CINE.pdf
"Zona, La",IMDb ID not found,CINE.pdf
Zona de guerra,IMDb ID not found,CINE.pdf
"Cambio, El ; Crates",IMDb ID not found,CINE.pdf
"Cuerpo, El  ; El tercer milagro The",IMDb ID not found,CINE.pdf
Body ; The Third Miracle  503,IMDb ID not found,CINE.pdf
Garage Olimpo ; Himalaya ; Panic ; El,IMDb ID not found,CINE.pdf
"Víspera, La",IMDb ID not found,CINE.pdf
Redondo ; Tres historias de amor,IMDb ID not found,CINE.pdf
Todo sobre Adam ; Tiempo de volver,IMDb ID not found,CINE.pdf
& ladies and gentlemen  2223,IMDb ID not found,CINE.pdf
Zona de Miedo,IMDb ID not found,CINE.pdf
Zona Muerta.La,IMDb ID not found,CINE.pdf
ueve,IMDb ID not found,CINE.pdf
Catálogo Documentales,IMDb ID not found,DOCUMENTALES.pdf
Memoria secundaria[cd-rom],IMDb ID not found,DOCUMENTALES.pdf
internet por internet,IMDb ID not found,DOCUMENTALES.pdf
Localización de información específica en la web[cd-,IMDb ID not found,DOCUMENTALES.pdf
Sistema integral automatizado de bibliotecas de la,IMDb ID not found,DOCUMENTALES.pdf
universdad de colima,IMDb ID not found,DOCUMENTALES.pdf
Puertos y Periféricos,IMDb ID not found,DOCUMENTALES.pdf
Microsoft Visual C++.net standard,IMDb ID not found,DOCUMENTALES.pdf
Sistema Integral Automatizado de Bibliotecas de la,IMDb ID not found,DOCUMENTALES.pdf
Universidad de Colima[CD-ROM],IMDb ID not found,DOCUMENTALES.pdf
Archivo Dr. Silvio Zavala[cd-rom],IMDb ID not found,DOCUMENTALES.pdf
Pimienta y mostaza[Recurso electrónico] :periódico,IMDb ID not found,DOCUMENTALES.pdf
Catálogo de la historieta mexicana del siglo XX [CD-,IMDb ID not found,DOCUMENTALES.pdf
Catálogo del archivo histórico de la Casa de Moneda,IMDb ID not found,DOCUMENTALES.pdf
de México [CD-ROM],IMDb ID not found,DOCUMENTALES.pdf
Guía del Archivo Histórico de Salinas del Peñón,IMDb ID not found,DOCUMENTALES.pdf
Blanco 1713-1945[recurso electrónico],IMDb ID not found,DOCUMENTALES.pdf
Francisco del Paso y Troncoso; Archivo,IMDb ID not found,DOCUMENTALES.pdf
Fondos bibliográficos conventuales[cd-rom],IMDb ID not found,DOCUMENTALES.pdf
Administración de los recursos informativos [CD-,IMDb ID not found,DOCUMENTALES.pdf
Athena [CD-ROM]: full system sample: self-runnin,IMDb ID not found,DOCUMENTALES.pdf
Imágenes  fotográficas del arte mexicano en la,IMDb ID not found,DOCUMENTALES.pdf
Biblioteca de las Artes,IMDb ID not found,DOCUMENTALES.pdf
Digital manuscripts library [CD-ROM] second,IMDb ID not found,DOCUMENTALES.pdf
Microprocesadores[cd-rom],IMDb ID not found,DOCUMENTALES.pdf
collection [Bibliotheca Alexandrina],IMDb ID not found,DOCUMENTALES.pdf
Archivos históricos de la casa de Morelos[cd-rom] :,IMDb ID not found,DOCUMENTALES.pdf
siglo XVII -siglo XX,IMDb ID not found,DOCUMENTALES.pdf
diciembre 1998,IMDb ID not found,DOCUMENTALES.pdf
Servicio de prensa mexicana[cd-rom]abril 1992-,IMDb ID not found,DOCUMENTALES.pdf
Manual de criterios de evaluación[CD-ROM] :,IMDb ID not found,DOCUMENTALES.pdf
estudios sobre las Culturas Contemporáneas,IMDb ID not found,DOCUMENTALES.pdf
testimonial de un linaje indio,IMDb ID not found,DOCUMENTALES.pdf
Astrología[cd-rom],IMDb ID not found,DOCUMENTALES.pdf
Escritura audiovisual digital,IMDb ID not found,DOCUMENTALES.pdf
Dioses y astrología mesoamericana[cd-rom],IMDb ID not found,DOCUMENTALES.pdf
La espiritualidad[cd-rom],IMDb ID not found,DOCUMENTALES.pdf
Desarrollo de la memoria[cd-rom] :incremente su memoria a su,IMDb ID not found,DOCUMENTALES.pdf
máximo potencial,IMDb ID not found,DOCUMENTALES.pdf
Problemas de aprendizaje[cd-rom],IMDb ID not found,DOCUMENTALES.pdf
Laboratorio de comunicaciones ópticas [CD-ROM],IMDb ID not found,DOCUMENTALES.pdf
Fenetres sur le territoire Marocain [CD-ROM],IMDb ID not found,DOCUMENTALES.pdf
Estado de mexico: conpendio censal del siglo XX,IMDb ID not found,DOCUMENTALES.pdf
Distrito federal: compendio censal del siglo XX,IMDb ID not found,DOCUMENTALES.pdf
Oaxaca  [CD-ROM]:,IMDb ID not found,DOCUMENTALES.pdf
"Argumentos, estudios críticos de la sociedad  XX",IMDb ID not found,DOCUMENTALES.pdf
Aniversario [videograbación],IMDb ID not found,DOCUMENTALES.pdf
Mujeres y Hombres en México 2013,IMDb ID not found,DOCUMENTALES.pdf
"Treasures of Yugoslavia: etnography, archeological",IMDb ID not found,DOCUMENTALES.pdf
"site, monasteries, cites and places [CD ROM]",IMDb ID not found,DOCUMENTALES.pdf
Triton[cd-rom] :antología 1997-2002,IMDb ID not found,DOCUMENTALES.pdf
Computación para principiantes,IMDb ID not found,DOCUMENTALES.pdf
Archivo histórico del movimiento homosexual en,IMDb ID not found,DOCUMENTALES.pdf
Personas adultas mayores [CD-ROM]: personas que,IMDb ID not found,DOCUMENTALES.pdf
Anales del Museo Nacional de México[cd-rom] :1877-,IMDb ID not found,DOCUMENTALES.pdf
Mother boards[cd-rom],IMDb ID not found,DOCUMENTALES.pdf
viven con VIH/SIDA ; personas con discapacidad,IMDb ID not found,DOCUMENTALES.pdf
"Desafíos económicos, fiscales y judiciales (Foro",IMDb ID not found,DOCUMENTALES.pdf
Internacional sobre la No-Discriminación),IMDb ID not found,DOCUMENTALES.pdf
Códice Techialoyan García Granados[cd-rom],IMDb ID not found,DOCUMENTALES.pdf
Memoria RAM[cd-rom,IMDb ID not found,DOCUMENTALES.pdf
Sistema para la consulta de información de,IMDb ID not found,DOCUMENTALES.pdf
estadisticas sobre relaciones laborales de jurisdicc,IMDb ID not found,DOCUMENTALES.pdf
Libaneses en México [CD-ROM],IMDb ID not found,DOCUMENTALES.pdf
Compila Tratados VIII (Instrumentos Internacionales,IMDb ID not found,DOCUMENTALES.pdf
El códice de Cholula[cd-rom] :la exaltación,IMDb ID not found,DOCUMENTALES.pdf
Judicial de la Federación 2008,IMDb ID not found,DOCUMENTALES.pdf
empresa [CD-ROM],IMDb ID not found,DOCUMENTALES.pdf
Empresa incluyente [CD-ROM]: por una nueva,IMDb ID not found,DOCUMENTALES.pdf
Relatos sobre energía,IMDb ID not found,DOCUMENTALES.pdf
Patrimonio natural de México: cien casos de éxito,IMDb ID not found,DOCUMENTALES.pdf
Compila tratados IV [CD-ROM}: instrumentos,IMDb ID not found,DOCUMENTALES.pdf
Diagnostico sobre la implementacion de la reforma,IMDb ID not found,DOCUMENTALES.pdf
constitucional de derechos humanos de 2011,IMDb ID not found,DOCUMENTALES.pdf
La constitucion y su interpretacion por el poder,IMDb ID not found,DOCUMENTALES.pdf
judicial de la federacion,IMDb ID not found,DOCUMENTALES.pdf
Legislación fiscal y su interpretación por el Poder,IMDb ID not found,DOCUMENTALES.pdf
Justicia fiscal y administrativa 2005 [CD-ROM],IMDb ID not found,DOCUMENTALES.pdf
Judicial de la Federación [CD-ROM],IMDb ID not found,DOCUMENTALES.pdf
Régimen jurídico del deporte en México,IMDb ID not found,DOCUMENTALES.pdf
Legislación penal y su interpretación por el Poder,IMDb ID not found,DOCUMENTALES.pdf
Catálogo de reglamentos de agua en México siglo,IMDb ID not found,DOCUMENTALES.pdf
Junio 2010,IMDb ID not found,DOCUMENTALES.pdf
"IUS 2010 Jurisprudencisa y Tesis Aisladas, Junio 1917-",IMDb ID not found,DOCUMENTALES.pdf
Legislación civil y su interpretación por el Poder,IMDb ID not found,DOCUMENTALES.pdf
Esto no es un cuento... es trata de personas [CD-,IMDb ID not found,DOCUMENTALES.pdf
Poder Judicial de la Federación [CD-ROM],IMDb ID not found,DOCUMENTALES.pdf
Legislación mercantil y su interpretación por el,IMDb ID not found,DOCUMENTALES.pdf
Decisiones relevantes de la suprema corte de,IMDb ID not found,DOCUMENTALES.pdf
"junio 1917- jullio 2004 CD 1,CD 2, CD 3",IMDb ID not found,DOCUMENTALES.pdf
IUS 2004 [CD-ROM]: jurisprudencia y tesis aisladas,IMDb ID not found,DOCUMENTALES.pdf
Compila VIII [CD-ROM]: legislación federal y del,IMDb ID not found,DOCUMENTALES.pdf
Boletin del archivo general de la nacion,IMDb ID not found,DOCUMENTALES.pdf
Data systems: a road safety manual,IMDb ID not found,DOCUMENTALES.pdf
Las Huellas del Silencio,IMDb ID not found,DOCUMENTALES.pdf
Sistema para la consulta de informacion de,IMDb ID not found,DOCUMENTALES.pdf
estadistica judiciales en materia penal,IMDb ID not found,DOCUMENTALES.pdf
y su correlación con las tesis emitidas por el Poder,IMDb ID not found,DOCUMENTALES.pdf
"Centenario de Lecumberri, El [CD-ROM]",IMDb ID not found,DOCUMENTALES.pdf
-2006,IMDb ID not found,DOCUMENTALES.pdf
Asesor pedagógico de secundaria [CD-ROM],IMDb ID not found,DOCUMENTALES.pdf
Aprender a aprender [CD-ROM]: plus 16,IMDb ID not found,DOCUMENTALES.pdf
cultura laboral 2003-2005,IMDb ID not found,DOCUMENTALES.pdf
"Aprendizajes, Tecnologías: Realidades y perspectivas CD 371.334 S45",IMDb ID not found,DOCUMENTALES.pdf
Conoces la canción? [CD-ROM]: música en inglés,IMDb ID not found,DOCUMENTALES.pdf
Memorias del primer encuentro de teoría de,IMDb ID not found,DOCUMENTALES.pdf
Himno Nacional Mexicano,IMDb ID not found,DOCUMENTALES.pdf
Complementos de matemáticas [CD-ROM],IMDb ID not found,DOCUMENTALES.pdf
Álgebra y mathematica [CD-ROM],IMDb ID not found,DOCUMENTALES.pdf
Iniciación a las matemáticas empresariales [CD-,IMDb ID not found,DOCUMENTALES.pdf
Vectores,IMDb ID not found,DOCUMENTALES.pdf
Dominando el espacio: Geometría,IMDb ID not found,DOCUMENTALES.pdf
Travesía por el cosmos [CD-ROM],IMDb ID not found,DOCUMENTALES.pdf
"Sistema solar, El [CD-ROM]",IMDb ID not found,DOCUMENTALES.pdf
Química 1 : Química inorgánica,IMDb ID not found,DOCUMENTALES.pdf
Guía para la interpretación de cartografía de erosión,IMDb ID not found,DOCUMENTALES.pdf
del suelo escala 1: 250 000,IMDb ID not found,DOCUMENTALES.pdf
"Mamiferos, Los",IMDb ID not found,DOCUMENTALES.pdf
Didavision: Ideas que cambiaron al mundo,IMDb ID not found,DOCUMENTALES.pdf
junio 1917- jullio 2004 CD 1,IMDb ID not found,DOCUMENTALES.pdf
Didavision:Eventos que cambiaron al mundo,IMDb ID not found,DOCUMENTALES.pdf
Tecnología electrónica :Libro electrónico,IMDb ID not found,DOCUMENTALES.pdf
Auditoria {CD-ROM},IMDb ID not found,DOCUMENTALES.pdf
Distrito Federal 2003,IMDb ID not found,DOCUMENTALES.pdf
Museo virreinal de Zinacantepec [05],IMDb ID not found,DOCUMENTALES.pdf
Museo taller Nishizawa [03],IMDb ID not found,DOCUMENTALES.pdf
Culturas populares [02],IMDb ID not found,DOCUMENTALES.pdf
Arte Moderno [01],IMDb ID not found,DOCUMENTALES.pdf
Felipe Santago Gutierrez [04],IMDb ID not found,DOCUMENTALES.pdf
Los grandes momentos del arte Vol 1,IMDb ID not found,DOCUMENTALES.pdf
Los grandes momentos del arte Vol 2,IMDb ID not found,DOCUMENTALES.pdf
Los grandes momentos del arte Vol 4,IMDb ID not found,DOCUMENTALES.pdf
Los grandes momentos del arte Vol 3,IMDb ID not found,DOCUMENTALES.pdf
Los grandes momentos del arte Vol 5,IMDb ID not found,DOCUMENTALES.pdf
Los grandes momentos del arte Vol 6,IMDb ID not found,DOCUMENTALES.pdf
Los grandes momentos del arte Vol 7,IMDb ID not found,DOCUMENTALES.pdf
Los grandes momentos del arte Vol 8,IMDb ID not found,DOCUMENTALES.pdf
Panorama anual del observatorio laboral mexicano,IMDb ID not found,DOCUMENTALES.pdf
Historia del pensamiento económico: economía y,IMDb ID not found,DOCUMENTALES.pdf
Los grandes momentos del arte Vol 9,IMDb ID not found,DOCUMENTALES.pdf
Los grandes momentos del arte Vol 10,IMDb ID not found,DOCUMENTALES.pdf
Los grandes momentos del arte Vol 11,IMDb ID not found,DOCUMENTALES.pdf
Los grandes momentos del arte Vol 12,IMDb ID not found,DOCUMENTALES.pdf
"Foro, periódico de legislación y jurisprudencia 1876-",IMDb ID not found,DOCUMENTALES.pdf
Enciclopedia electrónica mesoamericana Vol 1,IMDb ID not found,DOCUMENTALES.pdf
Historia universal del arte : el museo ideal del siglo,IMDb ID not found,DOCUMENTALES.pdf
Enciclopedia electrónica mesoamericana Vol 3,IMDb ID not found,DOCUMENTALES.pdf
Enciclopedia electrónica mesoamericana Vol 4,IMDb ID not found,DOCUMENTALES.pdf
Enciclopedia electrónica mesoamericana Vol 2,IMDb ID not found,DOCUMENTALES.pdf
Enciclopedia electrónica mesoamericana Vol 6,IMDb ID not found,DOCUMENTALES.pdf
Enciclopedia electrónica mesoamericana Vol 7,IMDb ID not found,DOCUMENTALES.pdf
Enciclopedia electrónica mesoamericana Vol 9,IMDb ID not found,DOCUMENTALES.pdf
Enciclopedia electrónica mesoamericana Vol 10,IMDb ID not found,DOCUMENTALES.pdf
Enciclopedia electrónica mesoamericana Vol 8,IMDb ID not found,DOCUMENTALES.pdf
Enciclopedia electrónica mesoamericana Vol 11,IMDb ID not found,DOCUMENTALES.pdf
Enciclopedia electrónica mesoamericana Vol 12,IMDb ID not found,DOCUMENTALES.pdf
Enciclopedia electrónica mesoamericana Vol 13,IMDb ID not found,DOCUMENTALES.pdf
Enciclopedia electrónica mesoamericana Vol 16,IMDb ID not found,DOCUMENTALES.pdf
Enciclopedia electrónica mesoamericana Vol 19,IMDb ID not found,DOCUMENTALES.pdf
Enciclopedia electrónica mesoamericana Vol 18,IMDb ID not found,DOCUMENTALES.pdf
Enciclopedia electrónica mesoamericana Vol 23,IMDb ID not found,DOCUMENTALES.pdf
Enciclopedia electrónica mesoamericana Vol 22,IMDb ID not found,DOCUMENTALES.pdf
Enciclopedia electrónica mesoamericana Vol 24,IMDb ID not found,DOCUMENTALES.pdf
Enciclopedia electrónica mesoamericana Vol 27,IMDb ID not found,DOCUMENTALES.pdf
Enciclopedia electrónica mesoamericana Vol 28,IMDb ID not found,DOCUMENTALES.pdf
Enciclopedia electrónica mesoamericana Vol 34,IMDb ID not found,DOCUMENTALES.pdf
Time-saber standards for Landscape architecture,IMDb ID not found,DOCUMENTALES.pdf
Internacional The monasteries of the Fruske Gora,IMDb ID not found,DOCUMENTALES.pdf
Internacional Monastery Moraca|,IMDb ID not found,DOCUMENTALES.pdf
Internacional Gracanica Monastery,IMDb ID not found,DOCUMENTALES.pdf
Cuadernos de Arquitectura INBA,IMDb ID not found,DOCUMENTALES.pdf
Mejores prácticas internacionales de diseño,IMDb ID not found,DOCUMENTALES.pdf
Memoria del proyecto [CD ROM] miss Lupita,IMDb ID not found,DOCUMENTALES.pdf
Mileseva,IMDb ID not found,DOCUMENTALES.pdf
México en un espejo: los ex votos de San Juan de los,IMDb ID not found,DOCUMENTALES.pdf
Colección Tabasco,IMDb ID not found,DOCUMENTALES.pdf
Homenaje Nacional a Débora Arango,IMDb ID not found,DOCUMENTALES.pdf
El mundo indigena: iconografía de la luz Volumen 1,IMDb ID not found,DOCUMENTALES.pdf
El mundo indigena: iconografía de la luz Volumen 4,IMDb ID not found,DOCUMENTALES.pdf
El mundo indigena: iconografía de la luz Volumen 2,IMDb ID not found,DOCUMENTALES.pdf
El mundo indigena: iconografía de la luz Volumen 3,IMDb ID not found,DOCUMENTALES.pdf
El mundo indigena: iconografía de la luz Volumen 5,IMDb ID not found,DOCUMENTALES.pdf
El mundo indigena: iconografía de la luz Volumen 6,IMDb ID not found,DOCUMENTALES.pdf
Sembrando sonidos; música y voces de la niñez,IMDb ID not found,DOCUMENTALES.pdf
Bailes Folkloricos de México,IMDb ID not found,DOCUMENTALES.pdf
percusiones),IMDb ID not found,DOCUMENTALES.pdf
Treinta y cuatro sonatas de un manuscrito ánonimo,IMDb ID not found,DOCUMENTALES.pdf
Ciudad Infierno; Eln teatro de Julio Castillo,IMDb ID not found,DOCUMENTALES.pdf
Julio Castillo El niño que no me deja en paz,IMDb ID not found,DOCUMENTALES.pdf
En batalla: el teatro de Ludwik Margules,IMDb ID not found,DOCUMENTALES.pdf
optimidad en el CIESAS [CD-ROM],IMDb ID not found,DOCUMENTALES.pdf
Enciclopedia electrónica mesoamericana Vol 5,IMDb ID not found,DOCUMENTALES.pdf
Miguel Sabido: el teatro ritual,IMDb ID not found,DOCUMENTALES.pdf
Ignacio Retes : Ocupación teatrista,IMDb ID not found,DOCUMENTALES.pdf
Melo Tomsich : El fuego de la pasión incendiando la,IMDb ID not found,DOCUMENTALES.pdf
Cincuenta y dos de las más relevantes obras de la,IMDb ID not found,DOCUMENTALES.pdf
literatura universal,IMDb ID not found,DOCUMENTALES.pdf
Stories to tell in company of others,IMDb ID not found,DOCUMENTALES.pdf
Treinta y ocho de las más relevantes obras de la,IMDb ID not found,DOCUMENTALES.pdf
literatura universal a tu alcance II,IMDb ID not found,DOCUMENTALES.pdf
El viaje entretenido Huerta Calvo Javier,IMDb ID not found,DOCUMENTALES.pdf
Alfonso Reyes digital [CD-ROM]: obras completas y,IMDb ID not found,DOCUMENTALES.pdf
dos epistolarios,IMDb ID not found,DOCUMENTALES.pdf
Khazars: lexicon cosri,IMDb ID not found,DOCUMENTALES.pdf
Hazarski recnik [CD-ROM],IMDb ID not found,DOCUMENTALES.pdf
arraciones mayas,IMDb ID not found,DOCUMENTALES.pdf
Kuxa´an t´aan: voz de Mayab [grabación sonora],IMDb ID not found,DOCUMENTALES.pdf
Cantares de cuetzalan: Nekuikatilmej tein poemas,IMDb ID not found,DOCUMENTALES.pdf
Temas de historia oral de dos naciones de América,IMDb ID not found,DOCUMENTALES.pdf
en español y náhuatl 1973,IMDb ID not found,DOCUMENTALES.pdf
Latina [CD-ROM]: Argentina y México,IMDb ID not found,DOCUMENTALES.pdf
Las 104 ciudades del patrimonio mundial (UNESCO)  CD 911 C53,IMDb ID not found,DOCUMENTALES.pdf
Protagonistas de la gran historia de México,IMDb ID not found,DOCUMENTALES.pdf
Biografias de personajes hy sus obras,IMDb ID not found,DOCUMENTALES.pdf
Benito Juárez: biografía [DVD]: Bicentenario de su,IMDb ID not found,DOCUMENTALES.pdf
atalicio,IMDb ID not found,DOCUMENTALES.pdf
antología crítica,IMDb ID not found,DOCUMENTALES.pdf
San Luis Potosí en la obra de Francisco de la Maza:,IMDb ID not found,DOCUMENTALES.pdf
Epnepaniuhqui Nácar (ritual Alegórico para,IMDb ID not found,DOCUMENTALES.pdf
Taiwan yearbook 2005 {cd-rom}/ Government,IMDb ID not found,DOCUMENTALES.pdf
Prehispánicas) vol.1,IMDb ID not found,DOCUMENTALES.pdf
Enciclopedia multimedia de México,IMDb ID not found,DOCUMENTALES.pdf
Enciclopedia multimedia de México (La nueva,IMDb ID not found,DOCUMENTALES.pdf
Consultor matemático [CD-ROM],IMDb ID not found,DOCUMENTALES.pdf
Enciclopedia multimedia de México (México siglo,IMDb ID not found,DOCUMENTALES.pdf
XIX) vol.8,IMDb ID not found,DOCUMENTALES.pdf
México 1900-2000 Un siglo en imágenes {cd-rom},IMDb ID not found,DOCUMENTALES.pdf
México: un paseo por la historia,IMDb ID not found,DOCUMENTALES.pdf
Cultura heritage of Kosovo and Metohija [CD ROM],IMDb ID not found,DOCUMENTALES.pdf
contemporáneo interactivo,IMDb ID not found,DOCUMENTALES.pdf
Visiones de la arqueología en el siglo XXI: simposio,IMDb ID not found,DOCUMENTALES.pdf
La concha en los ornamentos del atavío de los,IMDb ID not found,DOCUMENTALES.pdf
Enciclopedia Histórica del renacimiento {CD-ROM},IMDb ID not found,DOCUMENTALES.pdf
dioses mexica,IMDb ID not found,DOCUMENTALES.pdf
La Independencia de México 1810,IMDb ID not found,DOCUMENTALES.pdf
Enciclopedia multimedia de México (Culturas,IMDb ID not found,DOCUMENTALES.pdf
Momentos estelares del Ejército y Fuerza Aérea,IMDb ID not found,DOCUMENTALES.pdf
José Maria Morelos y Pavón documentos de su vida,IMDb ID not found,DOCUMENTALES.pdf
España) vol.5,IMDb ID not found,DOCUMENTALES.pdf
y lucha revolucionaria,IMDb ID not found,DOCUMENTALES.pdf
La guerra de 1846-1848 En defensa de la patria,IMDb ID not found,DOCUMENTALES.pdf
Bailes Folkloricos de México Música Festiva,IMDb ID not found,DOCUMENTALES.pdf
La piramide del saber {CD ROM},IMDb ID not found,DOCUMENTALES.pdf
Huaves Disco Pueblos indigenas del México,IMDb ID not found,DOCUMENTALES.pdf
Rutas sonoras del bicentenario; Fonoteca Nacional,IMDb ID not found,DOCUMENTALES.pdf
"México, su revolución y su historia",IMDb ID not found,DOCUMENTALES.pdf
Organización y catalogacion del archivo de Ernesto,IMDb ID not found,DOCUMENTALES.pdf
Documentos Históricos de la revolución mexicana,IMDb ID not found,DOCUMENTALES.pdf
Metodo multimodal de catalogacion visual para la,IMDb ID not found,DOCUMENTALES.pdf
México en la Memoria del Mundo (La obra Fray,IMDb ID not found,DOCUMENTALES.pdf
difucion electronica de archivos,IMDb ID not found,DOCUMENTALES.pdf
México en la Memoria del Mundo(Dos cédulas,IMDb ID not found,DOCUMENTALES.pdf
Bernardino de sahagún) VOL 1,IMDb ID not found,DOCUMENTALES.pdf
reales:Titulo de villa y escudo de armas de xalapa),IMDb ID not found,DOCUMENTALES.pdf
México en la Memoria del Mundo (Expediente 1715,IMDb ID not found,DOCUMENTALES.pdf
México en la Memoria del Mundo(Archivo de,IMDb ID not found,DOCUMENTALES.pdf
con restos de un colibri del Fondo de la Inquisición),IMDb ID not found,DOCUMENTALES.pdf
"comerciantes,1757 a 1850)VOL4",IMDb ID not found,DOCUMENTALES.pdf
México en la Memoria del Mundo(Los archivos de,IMDb ID not found,DOCUMENTALES.pdf
tres tesoros de la cultural popular mexicana)VOL 5,IMDb ID not found,DOCUMENTALES.pdf
México en la Memoria del Mundo(Fondo,IMDb ID not found,DOCUMENTALES.pdf
México en la Memoria del Mundo(50 encuentros de,IMDb ID not found,DOCUMENTALES.pdf
correspondencia de Virreyes 1664-1821)VOL7,IMDb ID not found,DOCUMENTALES.pdf
"Cuaxicala,Municipio dé huauchinango)VOL 6",IMDb ID not found,DOCUMENTALES.pdf
México en la Memoria del Mundo(El Códice de,IMDb ID not found,DOCUMENTALES.pdf
música y danza indígena) VOL 8,IMDb ID not found,DOCUMENTALES.pdf
México en la Memoria del Mundo Aqui nos toco,IMDb ID not found,DOCUMENTALES.pdf
vivir. Videogramas 1978-2009)VOL 9,IMDb ID not found,DOCUMENTALES.pdf
"Guinness world records, 2 :",IMDb ID not found,DOCUMENTALES.pdf
acional)VOL 10,IMDb ID not found,DOCUMENTALES.pdf
periódicas mexicanas(1728-1917)de la hemeroteca,IMDb ID not found,DOCUMENTALES.pdf
"Guinness world records, 1 :",IMDb ID not found,DOCUMENTALES.pdf
Mundos espectaculares [videograbación],IMDb ID not found,DOCUMENTALES.pdf
México en la Memoria del Mundo(Publicaciones,IMDb ID not found,DOCUMENTALES.pdf
"Guinness world records, 3 :",IMDb ID not found,DOCUMENTALES.pdf
"Vázquez, Christian Regnier",IMDb ID not found,DOCUMENTALES.pdf
Ovnis. Nuestro pasado extraterrestre,IMDb ID not found,DOCUMENTALES.pdf
Del quehacer al hacer en el centro INAH Querétaro,IMDb ID not found,DOCUMENTALES.pdf
"Mente humana, La: V.3 Haciendo amigos",IMDb ID not found,DOCUMENTALES.pdf
El big-bang dentro de ti,IMDb ID not found,DOCUMENTALES.pdf
Ciencias ocultas V.1,IMDb ID not found,DOCUMENTALES.pdf
Ciencias ocultas V.3,IMDb ID not found,DOCUMENTALES.pdf
Ciencias ocultas V.2,IMDb ID not found,DOCUMENTALES.pdf
Ciencias ocultas V.4,IMDb ID not found,DOCUMENTALES.pdf
La batalla de Josué,IMDb ID not found,DOCUMENTALES.pdf
Las cruzadas,IMDb ID not found,DOCUMENTALES.pdf
Antiguos héroes griegos,IMDb ID not found,DOCUMENTALES.pdf
David el gigante,IMDb ID not found,DOCUMENTALES.pdf
Hades :el infierno de los griegos,IMDb ID not found,DOCUMENTALES.pdf
infantil y salud,IMDb ID not found,DOCUMENTALES.pdf
Scientology: una perspectiva general,IMDb ID not found,DOCUMENTALES.pdf
Profecias mayas,IMDb ID not found,DOCUMENTALES.pdf
iño fidencio,IMDb ID not found,DOCUMENTALES.pdf
De la tele a la boca una reflexión sobre desarrollo,IMDb ID not found,DOCUMENTALES.pdf
Palabra de fotógrafo testimonios sobre el 68,IMDb ID not found,DOCUMENTALES.pdf
Guaranis: el pueblo de la selva,IMDb ID not found,DOCUMENTALES.pdf
Llanura del rio de la vida,IMDb ID not found,DOCUMENTALES.pdf
Trinchera sonora voces y miradas de radio,IMDb ID not found,DOCUMENTALES.pdf
Mongoles y nenets vivir en siviera,IMDb ID not found,DOCUMENTALES.pdf
Pigmeos y hamer: crecer en africa,IMDb ID not found,DOCUMENTALES.pdf
Himalaya: las fuentes del Gnages,IMDb ID not found,DOCUMENTALES.pdf
Más allá del reglamento avatares de un embajador,IMDb ID not found,DOCUMENTALES.pdf
Mnong: los ultimos jinetes de elefantes,IMDb ID not found,DOCUMENTALES.pdf
Planeta humano,IMDb ID not found,DOCUMENTALES.pdf
Cortando y Pegando Cuerpos Movimientos en,IMDb ID not found,DOCUMENTALES.pdf
Km. C-62 un nómada del riel,IMDb ID not found,DOCUMENTALES.pdf
mexicano Vicente Muñoz Arroyo 1974-1977,IMDb ID not found,DOCUMENTALES.pdf
Bengala: el delta de la esperansa,IMDb ID not found,DOCUMENTALES.pdf
Oaxaca [videograbación],IMDb ID not found,DOCUMENTALES.pdf
Para tratarnos igual (P.Temporada),IMDb ID not found,DOCUMENTALES.pdf
Para tratarnos igual (S.Temporada),IMDb ID not found,DOCUMENTALES.pdf
Trabajo domestico:trabajo decente,IMDb ID not found,DOCUMENTALES.pdf
Voces de mujeres de la Costa Chica de Guerrero y,IMDb ID not found,DOCUMENTALES.pdf
Trincheras compartidas entre mujeres y hombres:,IMDb ID not found,DOCUMENTALES.pdf
Las americas tienen color,IMDb ID not found,DOCUMENTALES.pdf
Contribuyendo en la construcción de la sociedad,IMDb ID not found,DOCUMENTALES.pdf
Sueños y palabras sabias de las comunidades,IMDb ID not found,DOCUMENTALES.pdf
Este México lo conocemos mejor que el mapa,IMDb ID not found,DOCUMENTALES.pdf
tsotsiles y tseltales,IMDb ID not found,DOCUMENTALES.pdf
(incluyente),IMDb ID not found,DOCUMENTALES.pdf
"Cine indigenista, El (Semana Santa entre los mayos",IMDb ID not found,DOCUMENTALES.pdf
"Cine indigenista, El (Jíkuri Neirra) : la danza del",IMDb ID not found,DOCUMENTALES.pdf
"Cine indigenista, El (La música y los mixes)",IMDb ID not found,DOCUMENTALES.pdf
"Cine indigenista, El (Una mayordomía)",IMDb ID not found,DOCUMENTALES.pdf
"Cine indigenista, El (Cuando la niebla levante)",IMDb ID not found,DOCUMENTALES.pdf
"Cine indigenista, El",IMDb ID not found,DOCUMENTALES.pdf
Te vimos un segundo ─,IMDb ID not found,DOCUMENTALES.pdf
"Cine indigenista, El (En clave de sol)",IMDb ID not found,DOCUMENTALES.pdf
"Cine indigenista, El (Papaloapan mazatecos)",IMDb ID not found,DOCUMENTALES.pdf
"Cine indigenista, El (Con el alma entre los dientes)(2) DVD 306,08972 C56",IMDb ID not found,DOCUMENTALES.pdf
"Cine indigenista, El (Mara'acame cantador y",IMDb ID not found,DOCUMENTALES.pdf
"Cine indigenista, El (Tierra de los tepehuas, La)",IMDb ID not found,DOCUMENTALES.pdf
Conducta  impropia,IMDb ID not found,DOCUMENTALES.pdf
"Cine indigenista, El (Nuevos horizontes)",IMDb ID not found,DOCUMENTALES.pdf
Pueblos indígenas de México 2: Pidiendo vida,IMDb ID not found,DOCUMENTALES.pdf
Pueblos indígenas de México 4: Saname con tu,IMDb ID not found,DOCUMENTALES.pdf
Pueblos indígenas de México 5: La fiesta de la,IMDb ID not found,DOCUMENTALES.pdf
Pueblos indígenas de México 3: Generación  futura,IMDb ID not found,DOCUMENTALES.pdf
Pueblos indígenas de México 1 : Una danza de moros,IMDb ID not found,DOCUMENTALES.pdf
Pueblos indígenas de México 10: La judea nayeerijte,IMDb ID not found,DOCUMENTALES.pdf
Pueblos indígenas de México 7: Construyendo,IMDb ID not found,DOCUMENTALES.pdf
Pueblos indígenas de México 6: Conciencia de vida,IMDb ID not found,DOCUMENTALES.pdf
Pueblos indígenas de México 9: Caracol purpura,IMDb ID not found,DOCUMENTALES.pdf
Pueblos indígenas de México 8: Policia comunitaria,IMDb ID not found,DOCUMENTALES.pdf
Cha'anil paax yeetel kaayro'ob le maya 'o ok 'ot,IMDb ID not found,DOCUMENTALES.pdf
La historia Del Fascismo,IMDb ID not found,DOCUMENTALES.pdf
Una amauroto p urhepecha,IMDb ID not found,DOCUMENTALES.pdf
De fiestas y mujeres en juchitán,IMDb ID not found,DOCUMENTALES.pdf
República Árabe Saharaui Democrática,IMDb ID not found,DOCUMENTALES.pdf
Herencia del tirano [videograbación]: Balaguer y el,IMDb ID not found,DOCUMENTALES.pdf
"poder,La",IMDb ID not found,DOCUMENTALES.pdf
El poder del jefe I (un largometraje de Rafael,IMDb ID not found,DOCUMENTALES.pdf
"Violencia del poder los doce años de Balaguer, La",IMDb ID not found,DOCUMENTALES.pdf
Lecciones veloz para Zafirah,IMDb ID not found,DOCUMENTALES.pdf
"Revolución de los alcatraces, La",IMDb ID not found,DOCUMENTALES.pdf
Of pain and hope : asylum a past that is still present,IMDb ID not found,DOCUMENTALES.pdf
Llegada de los niños españoles a la ciudad de,IMDb ID not found,DOCUMENTALES.pdf
Los herederos de humboldt,IMDb ID not found,DOCUMENTALES.pdf
Swords life on the line : primera temporada,IMDb ID not found,DOCUMENTALES.pdf
"Island of Peace, The",IMDb ID not found,DOCUMENTALES.pdf
Foro: Hacia el Diseño de Estrategias a Favor de las,IMDb ID not found,DOCUMENTALES.pdf
"víctimas del Delito, Manzanillo, Colima",IMDb ID not found,DOCUMENTALES.pdf
"Batalla de las cruces,La",IMDb ID not found,DOCUMENTALES.pdf
Colección Encuentro #1 Historia de un país,IMDb ID not found,DOCUMENTALES.pdf
Colección Encuentro # 4 Pequeños universos,IMDb ID not found,DOCUMENTALES.pdf
Colección Encuentro # 2 Geografías,IMDb ID not found,DOCUMENTALES.pdf
Colección Encuentro # 6 La palabra/ Escritores en,IMDb ID not found,DOCUMENTALES.pdf
Colección Encuentro #7 Contraplano,IMDb ID not found,DOCUMENTALES.pdf
Colección Encuentro # 8 Deporte Argentino,IMDb ID not found,DOCUMENTALES.pdf
Colección Encuentro # 11 El monitor,IMDb ID not found,DOCUMENTALES.pdf
Colección Encuentro # 9 Azulunala,IMDb ID not found,DOCUMENTALES.pdf
Colección Encuentro # 12 Paseando con los,IMDb ID not found,DOCUMENTALES.pdf
Colección Encuentro # 13 El cuerpo humano,IMDb ID not found,DOCUMENTALES.pdf
Resistencia Modulada 3,IMDb ID not found,DOCUMENTALES.pdf
UNAM México [videograbación] : guía de sitios y,IMDb ID not found,DOCUMENTALES.pdf
learn china´s,IMDb ID not found,DOCUMENTALES.pdf
"Xantolo : el día que se unen el cielo, la tierra y el",IMDb ID not found,DOCUMENTALES.pdf
Dia del niño Bvasconcelos,IMDb ID not found,DOCUMENTALES.pdf
Auka! Mitología yumana,IMDb ID not found,DOCUMENTALES.pdf
Hñahni. Palabras para buscar un mezquite,IMDb ID not found,DOCUMENTALES.pdf
Los niños piensan sobre la escritura,IMDb ID not found,DOCUMENTALES.pdf
The vampire´s Tears,IMDb ID not found,DOCUMENTALES.pdf
Ciencia y tecnología [videograbación] II,IMDb ID not found,DOCUMENTALES.pdf
Ciencia y tecnología [videograbación] I,IMDb ID not found,DOCUMENTALES.pdf
Ecuaciones diferenciales,IMDb ID not found,DOCUMENTALES.pdf
Como matsimisar ganancias,IMDb ID not found,DOCUMENTALES.pdf
Estadistica a priori y a posteriori,IMDb ID not found,DOCUMENTALES.pdf
"Cosmos,El:Carl Sagan",IMDb ID not found,DOCUMENTALES.pdf
"Universo, El [videograbación]",IMDb ID not found,DOCUMENTALES.pdf
"Universo, El [videograbación] Contiene 4 CD´S",IMDb ID not found,DOCUMENTALES.pdf
¿Qué onda con la gravitacion?,IMDb ID not found,DOCUMENTALES.pdf
Earthlight special edition,IMDb ID not found,DOCUMENTALES.pdf
Planeta Tierra como nunca lo habias visto,IMDb ID not found,DOCUMENTALES.pdf
Planeta Tierra V.1 :De polo a polo /Las,IMDb ID not found,DOCUMENTALES.pdf
montañas/Llanuras/Selvas,IMDb ID not found,DOCUMENTALES.pdf
Planeta Tierra V.2 :Bajios /Bosques/Oceanos,IMDb ID not found,DOCUMENTALES.pdf
profundo/El agua dulce/Las cuevas,IMDb ID not found,DOCUMENTALES.pdf
Planeta Tierra V.3 : Los deseirtos /Mundo de hielo/El,IMDb ID not found,DOCUMENTALES.pdf
Colección Encuentro  0 CD de Navegación,IMDb ID not found,DOCUMENTALES.pdf
"Tierra, La : El poder del planeta V.1 Volcanes /",IMDb ID not found,DOCUMENTALES.pdf
"Tierra,La : El poder del planeta V.3 La excepcional",IMDb ID not found,DOCUMENTALES.pdf
Seis grados que podrían cambiar el mundo Six,IMDb ID not found,DOCUMENTALES.pdf
Océano viviente,IMDb ID not found,DOCUMENTALES.pdf
Planeta azul: DVD 1. Una historia natural de los,IMDb ID not found,DOCUMENTALES.pdf
océanos (el abismo) 2.  (Haciendo olas,IMDb ID not found,DOCUMENTALES.pdf
Profundidades en peligro) 3. (Mareas océanicas,IMDb ID not found,DOCUMENTALES.pdf
Costas) 4. (Océano abiertp: Mares congelados) 5,IMDb ID not found,DOCUMENTALES.pdf
Atlantis [videograbación]: Un mundo más allá de las,IMDb ID not found,DOCUMENTALES.pdf
Clima extremo tornado,IMDb ID not found,DOCUMENTALES.pdf
ature´s fury,IMDb ID not found,DOCUMENTALES.pdf
Ciencia y tecnología [videograbación] III,IMDb ID not found,DOCUMENTALES.pdf
"Animales y plantas [videograbación]: 1. Aves, peces",IMDb ID not found,DOCUMENTALES.pdf
Animales y plantas [videograbación]: 2. Insectos y,IMDb ID not found,DOCUMENTALES.pdf
"mamíferos, caballos salvajes",IMDb ID not found,DOCUMENTALES.pdf
Home nuestro planeta,IMDb ID not found,DOCUMENTALES.pdf
Reino animal: Cita en la antartida,IMDb ID not found,DOCUMENTALES.pdf
Reino animal: El Ecuador el poder del sol,IMDb ID not found,DOCUMENTALES.pdf
Reino animal: El Ecuador el poder del frio,IMDb ID not found,DOCUMENTALES.pdf
Reino animal:La gran migración,IMDb ID not found,DOCUMENTALES.pdf
Reino animal: Hormigas gigantes,IMDb ID not found,DOCUMENTALES.pdf
Reino animal: El reino del orangutan,IMDb ID not found,DOCUMENTALES.pdf
Reino animal: El lobo de Etiopia,IMDb ID not found,DOCUMENTALES.pdf
Reino animal: Magia en indonesia,IMDb ID not found,DOCUMENTALES.pdf
la ballena; tras las huellas del caribú,IMDb ID not found,DOCUMENTALES.pdf
Discovery Channel (León vs Tigre) [videograbación],IMDb ID not found,DOCUMENTALES.pdf
Alas de sobrevivencia,IMDb ID not found,DOCUMENTALES.pdf
[videograbación] Vol. 2,IMDb ID not found,DOCUMENTALES.pdf
Vida a sangre fria,IMDb ID not found,DOCUMENTALES.pdf
Cazadores letales [videograbación],IMDb ID not found,DOCUMENTALES.pdf
pasos del oso blanco [videograbación]  Vol. 3,IMDb ID not found,DOCUMENTALES.pdf
Cocodrilos asesinos,IMDb ID not found,DOCUMENTALES.pdf
"Vida de las aves, La",IMDb ID not found,DOCUMENTALES.pdf
Linea de batalla,IMDb ID not found,DOCUMENTALES.pdf
Enemigos eternos: hienas y leones,IMDb ID not found,DOCUMENTALES.pdf
Grizzly man [videograbación],IMDb ID not found,DOCUMENTALES.pdf
Increible maquina humana: la,IMDb ID not found,DOCUMENTALES.pdf
Cerebro [videograbación]: el universo dentro de,IMDb ID not found,DOCUMENTALES.pdf
sotros: 5. Más allá de la mente,IMDb ID not found,DOCUMENTALES.pdf
Arrullos y sentimientos de los mazatecos,IMDb ID not found,DOCUMENTALES.pdf
aandi,IMDb ID not found,DOCUMENTALES.pdf
En las profundidades del océano,IMDb ID not found,DOCUMENTALES.pdf
Super engordame,IMDb ID not found,DOCUMENTALES.pdf
Pilates y yoga para principiantes,IMDb ID not found,DOCUMENTALES.pdf
El placer de la relajacion,IMDb ID not found,DOCUMENTALES.pdf
Cárcdel de carne [videograbación],IMDb ID not found,DOCUMENTALES.pdf
Mi multi es mi multi : historia oral del Multifamiliar,IMDb ID not found,DOCUMENTALES.pdf
La luna en calzones ; La institutriz de Arcimboldo,IMDb ID not found,DOCUMENTALES.pdf
México en Alemania y Austria [videograbación],IMDb ID not found,DOCUMENTALES.pdf
México en Francia [videograbación],IMDb ID not found,DOCUMENTALES.pdf
México en Gran Bretaña [videograbación],IMDb ID not found,DOCUMENTALES.pdf
"reptiles, volcanes y líquenes, dinosaurios, el mundo",IMDb ID not found,DOCUMENTALES.pdf
México en Italia y en el Vaticano [videograbación],IMDb ID not found,DOCUMENTALES.pdf
Ars Magna : historia del arte universal Vol 1,IMDb ID not found,DOCUMENTALES.pdf
Ars Magna : historia del arte universal Vol 2,IMDb ID not found,DOCUMENTALES.pdf
Sistema solar [videograbación],IMDb ID not found,DOCUMENTALES.pdf
Ars Magna : historia del arte universal Vol 3,IMDb ID not found,DOCUMENTALES.pdf
Ars Magna : historia del arte universal Vol 4,IMDb ID not found,DOCUMENTALES.pdf
Ars Magna : historia del arte universal Vol 6,IMDb ID not found,DOCUMENTALES.pdf
Ars Magna : historia del arte universal Vol 5,IMDb ID not found,DOCUMENTALES.pdf
Ars Magna : historia del arte universal Vol 9,IMDb ID not found,DOCUMENTALES.pdf
Ars Magna : historia del arte universal Vol 10,IMDb ID not found,DOCUMENTALES.pdf
Historia y arte {videograbación} Vol 1,IMDb ID not found,DOCUMENTALES.pdf
Historia y arte {videograbación} Vol 3,IMDb ID not found,DOCUMENTALES.pdf
El baño de Artemisa [videograbación],IMDb ID not found,DOCUMENTALES.pdf
El buen restaurador ama lo antiguo testimonio del,IMDb ID not found,DOCUMENTALES.pdf
arquitecto Ricardo de Robina,IMDb ID not found,DOCUMENTALES.pdf
testimonio del arquitecto Luis Ortiz Macedo,IMDb ID not found,DOCUMENTALES.pdf
Oscar Niemeyer [videograbación] el arquitecto del,IMDb ID not found,DOCUMENTALES.pdf
Cincuenta años de historia Auditorio Nacional,IMDb ID not found,DOCUMENTALES.pdf
Las claves del romántico Vol 1,IMDb ID not found,DOCUMENTALES.pdf
Las claves del romántico Vol 2,IMDb ID not found,DOCUMENTALES.pdf
Las claves del romántico Vol 3,IMDb ID not found,DOCUMENTALES.pdf
"Oyé, bájale el volumen [videograbación]",IMDb ID not found,DOCUMENTALES.pdf
"Juan O Gorman y la biblioteca Prior, Jorge",IMDb ID not found,DOCUMENTALES.pdf
El invierno de Houdon,IMDb ID not found,DOCUMENTALES.pdf
El hombre del turbante,IMDb ID not found,DOCUMENTALES.pdf
El festin de Herodes de Donatello [videograbación],IMDb ID not found,DOCUMENTALES.pdf
Malgré Tout [videograbación],IMDb ID not found,DOCUMENTALES.pdf
por que su tierra vuelva a brillar,IMDb ID not found,DOCUMENTALES.pdf
Tierra brillante: el sueño de una mujer purepecha,IMDb ID not found,DOCUMENTALES.pdf
El pastoral de Conile de Jean Moulin,IMDb ID not found,DOCUMENTALES.pdf
Manitas mágicas III,IMDb ID not found,DOCUMENTALES.pdf
Ars Magna : historia del arte universal Vol 7,IMDb ID not found,DOCUMENTALES.pdf
Ars Magna : historia del arte universal Vol 8,IMDb ID not found,DOCUMENTALES.pdf
El poder del arte [videograbación] : la historia de Vol,IMDb ID not found,DOCUMENTALES.pdf
SVMMA Pictorica : Historia Universal de la pintura,IMDb ID not found,DOCUMENTALES.pdf
Historia y arte {videograbación} Vol 2,IMDb ID not found,DOCUMENTALES.pdf
Logbook 1-11 (bitácora en video) 2011-2014,IMDb ID not found,DOCUMENTALES.pdf
Campo abierto [videograbación],IMDb ID not found,DOCUMENTALES.pdf
The tiger lives [videograbación],IMDb ID not found,DOCUMENTALES.pdf
Vol VII,IMDb ID not found,DOCUMENTALES.pdf
Vol IX,IMDb ID not found,DOCUMENTALES.pdf
Vol VIII,IMDb ID not found,DOCUMENTALES.pdf
El cristo de Pretorio,IMDb ID not found,DOCUMENTALES.pdf
La danza inconclusa de Matisse,IMDb ID not found,DOCUMENTALES.pdf
La recepción de Enrique de Orleans duque de,IMDb ID not found,DOCUMENTALES.pdf
Longuev,IMDb ID not found,DOCUMENTALES.pdf
La virgen de guirnalda,IMDb ID not found,DOCUMENTALES.pdf
Leonardo da Vinci y la música,IMDb ID not found,DOCUMENTALES.pdf
El papa San Gregorio rodeado de Santos y Santas de DVD 759.9493 E43 P36,IMDb ID not found,DOCUMENTALES.pdf
Doscientos segundos : una visión de la historia de,IMDb ID not found,DOCUMENTALES.pdf
Moacir: arte bruto,IMDb ID not found,DOCUMENTALES.pdf
Cuatrocientos cincuenta años de lucha: homenaje al,IMDb ID not found,DOCUMENTALES.pdf
El estudiante perseguido por un crs en vieux colomb,IMDb ID not found,DOCUMENTALES.pdf
Luminico una experiencia visual en concierto hacia,IMDb ID not found,DOCUMENTALES.pdf
el interior de la conciencia,IMDb ID not found,DOCUMENTALES.pdf
Sombras de la noche: compositores,IMDb ID not found,DOCUMENTALES.pdf
Cuando vayas al fandango,IMDb ID not found,DOCUMENTALES.pdf
La señora de Senonnes,IMDb ID not found,DOCUMENTALES.pdf
Vol X,IMDb ID not found,DOCUMENTALES.pdf
Luis Pescentti: no quiero ir a dormir,IMDb ID not found,DOCUMENTALES.pdf
Espiritu de las artes [videograbación],IMDb ID not found,DOCUMENTALES.pdf
La traviata [videograbación],IMDb ID not found,DOCUMENTALES.pdf
Tiajuana: sonidos del Nortec,IMDb ID not found,DOCUMENTALES.pdf
Cuarteto Latinoamericano [videograbación] 30 aniv,IMDb ID not found,DOCUMENTALES.pdf
Ópera prima [videograbación] ¡La banda!,IMDb ID not found,DOCUMENTALES.pdf
aniversario Centro Cultural del Bosque,IMDb ID not found,DOCUMENTALES.pdf
Journey to Mecca In the footsteps of Ibn Battuta,IMDb ID not found,DOCUMENTALES.pdf
Las viejas y las jóvenes de Francisco Goya,IMDb ID not found,DOCUMENTALES.pdf
Raymundo Gleyzer,IMDb ID not found,DOCUMENTALES.pdf
"México, la revolución congelada; colección",IMDb ID not found,DOCUMENTALES.pdf
Los origenes de la cinematografía científica,IMDb ID not found,DOCUMENTALES.pdf
Hannibal :La peor pesadilla de Roma,IMDb ID not found,DOCUMENTALES.pdf
Gladiadores [videograbación] la brutal verdad,IMDb ID not found,DOCUMENTALES.pdf
Caminando con monstruos [videograbación]: la vida,IMDb ID not found,DOCUMENTALES.pdf
"Parque prehistórico Bennett, Sid, prod",IMDb ID not found,DOCUMENTALES.pdf
Con la muerte en la mira [videograbación],IMDb ID not found,DOCUMENTALES.pdf
El paraíso de Hafner [videograbación],IMDb ID not found,DOCUMENTALES.pdf
Génesis [videograbación],IMDb ID not found,DOCUMENTALES.pdf
El otro muro Simone Bitton dir,IMDb ID not found,DOCUMENTALES.pdf
La sociedad de la nieve [videograbación],IMDb ID not found,DOCUMENTALES.pdf
Gente de Roma [videograbación] Gente di Roma,IMDb ID not found,DOCUMENTALES.pdf
Agnus Dei Cordero de Dios,IMDb ID not found,DOCUMENTALES.pdf
Cine secuencias [videograbación],IMDb ID not found,DOCUMENTALES.pdf
"El color de los olivos Rivas Carolina, dir",IMDb ID not found,DOCUMENTALES.pdf
Cuatro labios [videograbación],IMDb ID not found,DOCUMENTALES.pdf
Del olvido al no me acuerdo [videograbación],IMDb ID not found,DOCUMENTALES.pdf
Digna: hasta el último aliento [videograbación],IMDb ID not found,DOCUMENTALES.pdf
Cuatro videos; Fernando Frías de la Parra,IMDb ID not found,DOCUMENTALES.pdf
Hasta el último trago- corazón [videograbación],IMDb ID not found,DOCUMENTALES.pdf
Tres miniaturas de Eugenio [videogranación],IMDb ID not found,DOCUMENTALES.pdf
Los herederos [videograbación],IMDb ID not found,DOCUMENTALES.pdf
La isla de la juventud [videogranación],IMDb ID not found,DOCUMENTALES.pdf
Miguel Ruiz Moncada y el cine,IMDb ID not found,DOCUMENTALES.pdf
La pasión de María Elena [videograbación],IMDb ID not found,DOCUMENTALES.pdf
arrativa breve {cortometrajes 2013 IMCINE} 01,IMDb ID not found,DOCUMENTALES.pdf
"¿Dónde están sus historias? Pereda, Nicolás",IMDb ID not found,DOCUMENTALES.pdf
"Juntos Pereda, Nicolás",IMDb ID not found,DOCUMENTALES.pdf
"Los mejores temas Pereda, Nicolás",IMDb ID not found,DOCUMENTALES.pdf
"Verano de Goliat Pereda, Nicolás",IMDb ID not found,DOCUMENTALES.pdf
"Perpetuum mobile Pereda, Nicolás",IMDb ID not found,DOCUMENTALES.pdf
"Señorita extraviada Portillo, Lourdes",IMDb ID not found,DOCUMENTALES.pdf
¿Quién diablos es Juliette? [videogranación],IMDb ID not found,DOCUMENTALES.pdf
Recuerdos [videograbación],IMDb ID not found,DOCUMENTALES.pdf
Mentiras piadosas [videograbación],IMDb ID not found,DOCUMENTALES.pdf
"Trece pueblos en defensa del agua, el aire y la tierra",IMDb ID not found,DOCUMENTALES.pdf
"¿Y tú cuanto cuestas? So, what´s your price?",IMDb ID not found,DOCUMENTALES.pdf
Colección Santiago Álvarez [videograbación],IMDb ID not found,DOCUMENTALES.pdf
"Suite Habana Pérez Fernando, dir",IMDb ID not found,DOCUMENTALES.pdf
The Roosevelts [videogranación] An intimate history,IMDb ID not found,DOCUMENTALES.pdf
Vol dvd 1,IMDb ID not found,DOCUMENTALES.pdf
Vol dvd 2,IMDb ID not found,DOCUMENTALES.pdf
Vol dvd 3,IMDb ID not found,DOCUMENTALES.pdf
Vol dvd 4,IMDb ID not found,DOCUMENTALES.pdf
Vol dvd 5,IMDb ID not found,DOCUMENTALES.pdf
Vol dvd 6,IMDb ID not found,DOCUMENTALES.pdf
"Fahrenheit 9/11 Moore Michael, dir",IMDb ID not found,DOCUMENTALES.pdf
"Masacre en Columbine Moore, Michael, dir",IMDb ID not found,DOCUMENTALES.pdf
La marcha de los pingüinos,IMDb ID not found,DOCUMENTALES.pdf
"Muhammad Alí: el invencible Gries, Tom, dir",IMDb ID not found,DOCUMENTALES.pdf
Sicko la pervisión del sueño americano,IMDb ID not found,DOCUMENTALES.pdf
Sueño vive The dreams is alive,IMDb ID not found,DOCUMENTALES.pdf
El telón de azúcar [videograbación],IMDb ID not found,DOCUMENTALES.pdf
Vivir de nuevo {cineteca nacional},IMDb ID not found,DOCUMENTALES.pdf
Boys meets girl; Omnie [videograbación],IMDb ID not found,DOCUMENTALES.pdf
Colección 40/25 Joyas del cine colombiano,IMDb ID not found,DOCUMENTALES.pdf
el cine colombiano,IMDb ID not found,DOCUMENTALES.pdf
Movimientos sociales a través del cine colombiano,IMDb ID not found,DOCUMENTALES.pdf
El cazador de cocodrilos [videograbación],IMDb ID not found,DOCUMENTALES.pdf
La marcha de los pingüinos 2,IMDb ID not found,DOCUMENTALES.pdf
Cirque du Soleil Cirque du Soleil : Varekai,IMDb ID not found,DOCUMENTALES.pdf
Cirque du Soleil Saltimbanco,IMDb ID not found,DOCUMENTALES.pdf
La guerrilla y la esperanza [videograbación] :Luci,IMDb ID not found,DOCUMENTALES.pdf
Cirque du Soleil presenta,IMDb ID not found,DOCUMENTALES.pdf
arrativa breve infantil {cortometrajes 2014 IMCINE},IMDb ID not found,DOCUMENTALES.pdf
arrativa breve {cortometrajes 2014 IMCINE},IMDb ID not found,DOCUMENTALES.pdf
Quebranto [videograbación],IMDb ID not found,DOCUMENTALES.pdf
Línea de 3: Atenas 2004,IMDb ID not found,DOCUMENTALES.pdf
Outros (dulces) Bárbaros [videograbación],IMDb ID not found,DOCUMENTALES.pdf
Mexican boys 2 short films by Ivete Lucas,IMDb ID not found,DOCUMENTALES.pdf
"Voces silenciadas, libertad amenazada",IMDb ID not found,DOCUMENTALES.pdf
[videogranación],IMDb ID not found,DOCUMENTALES.pdf
Abril [videograbación] la trinchera del honor,IMDb ID not found,DOCUMENTALES.pdf
Isis herida [videograbación] Hermed Isis,IMDb ID not found,DOCUMENTALES.pdf
"El cometa; Fuentes, Ivonne, dir",IMDb ID not found,DOCUMENTALES.pdf
Tres documentales de Elisa Lipkau [videograbación],IMDb ID not found,DOCUMENTALES.pdf
André Rieu: Fiesta mexicana,IMDb ID not found,DOCUMENTALES.pdf
Las águilas humanas [videograbación],IMDb ID not found,DOCUMENTALES.pdf
Ex votos FONCA,IMDb ID not found,DOCUMENTALES.pdf
Acolman; Aroma mexiquense,IMDb ID not found,DOCUMENTALES.pdf
Amanalco; Aroma mexiquense,IMDb ID not found,DOCUMENTALES.pdf
Aculco; Aroma mexiquense,IMDb ID not found,DOCUMENTALES.pdf
Amanatepec; Aroma mexiquense,IMDb ID not found,DOCUMENTALES.pdf
Amecameca; Aroma mexiquense,IMDb ID not found,DOCUMENTALES.pdf
Almoloya de Alquisiras; Aroma mexiquense,IMDb ID not found,DOCUMENTALES.pdf
Apaxco; Aroma mexiquense,IMDb ID not found,DOCUMENTALES.pdf
Atizapán de zaragoza; Aroma mexiquense,IMDb ID not found,DOCUMENTALES.pdf
Atlacomulco; Aroma mexiquense,IMDb ID not found,DOCUMENTALES.pdf
Atlautla; Aroma mexiquense,IMDb ID not found,DOCUMENTALES.pdf
Ayapango; Aroma mexiquense,IMDb ID not found,DOCUMENTALES.pdf
Chalco; Aroma mexiquense,IMDb ID not found,DOCUMENTALES.pdf
Chapa de Mota; Aroma mexiquense,IMDb ID not found,DOCUMENTALES.pdf
Chapultepec; Aroma mexiquense,IMDb ID not found,DOCUMENTALES.pdf
Cuautitlán; Aroma mexiquense,IMDb ID not found,DOCUMENTALES.pdf
Chicolapan; Aroma mexiquense,IMDb ID not found,DOCUMENTALES.pdf
Chiconcuac; Aroma mexiquense,IMDb ID not found,DOCUMENTALES.pdf
Ecatzingo; Aroma mexiquense,IMDb ID not found,DOCUMENTALES.pdf
Ecatepec; Aroma mexiquense,IMDb ID not found,DOCUMENTALES.pdf
Huixquilucan; Aroma mexiquense,IMDb ID not found,DOCUMENTALES.pdf
El oro; Aroma mexiquense,IMDb ID not found,DOCUMENTALES.pdf
Ixtapaluca; Aroma mexiquense,IMDb ID not found,DOCUMENTALES.pdf
Ixtapa de la sal; Aroma mexiquense,IMDb ID not found,DOCUMENTALES.pdf
Jipilco; Aroma mexiquense,IMDb ID not found,DOCUMENTALES.pdf
Los reyes la paz; Aroma mexiquense,IMDb ID not found,DOCUMENTALES.pdf
Luvianos; Aroma mexiquense,IMDb ID not found,DOCUMENTALES.pdf
Lerma de Villada; Aroma mexiquense,IMDb ID not found,DOCUMENTALES.pdf
Metepec; Aroma mexiquense,IMDb ID not found,DOCUMENTALES.pdf
Melchor Ocampo; Aroma mexiquense,IMDb ID not found,DOCUMENTALES.pdf
arrativa breve infantil {cortometrajes 2013 IMCINE},IMDb ID not found,DOCUMENTALES.pdf
Mexicaltzingo; Aroma mexiquense,IMDb ID not found,DOCUMENTALES.pdf
aucalpan de Juárez; Aroma mexiquense,IMDb ID not found,DOCUMENTALES.pdf
extlalpan; Aroma mexiquense,IMDb ID not found,DOCUMENTALES.pdf
icolás Romero; Aroma mexiquense,IMDb ID not found,DOCUMENTALES.pdf
paltepec; Aroma mexiquense,IMDb ID not found,DOCUMENTALES.pdf
Otumba; Aroma mexiquense,IMDb ID not found,DOCUMENTALES.pdf
Otzolotepec; Aroma mexiquense,IMDb ID not found,DOCUMENTALES.pdf
Teoloyucán; Aroma mexiquense,IMDb ID not found,DOCUMENTALES.pdf
Tecámac; Aroma mexiquense,IMDb ID not found,DOCUMENTALES.pdf
Tonanitla; Aroma mexiquense,IMDb ID not found,DOCUMENTALES.pdf
Tultepec; Aroma mexiquense,IMDb ID not found,DOCUMENTALES.pdf
Texcoco; Aroma mexiquense,IMDb ID not found,DOCUMENTALES.pdf
Un viaje a estridentopolis [videograbación],IMDb ID not found,DOCUMENTALES.pdf
Tejupilco; Aroma mexiquense,IMDb ID not found,DOCUMENTALES.pdf
Tenancingo; Aroma mexiquense,IMDb ID not found,DOCUMENTALES.pdf
Tlatlaya; Aroma mexiquense,IMDb ID not found,DOCUMENTALES.pdf
"Ladrones viejos, Los",IMDb ID not found,DOCUMENTALES.pdf
Tepetlixpa; Aroma mexiquense,IMDb ID not found,DOCUMENTALES.pdf
Tultitlán; Aroma mexiquense,IMDb ID not found,DOCUMENTALES.pdf
Santiago Tianguistengo; Aroma mexiquense,IMDb ID not found,DOCUMENTALES.pdf
San Mateo Atenco; Aroma mexiquense,IMDb ID not found,DOCUMENTALES.pdf
San Antonio La isla; Aroma mexiquense,IMDb ID not found,DOCUMENTALES.pdf
San Bartolo Morelos; Aroma mexiquense,IMDb ID not found,DOCUMENTALES.pdf
Santa María Rayón; Aroma mexiquense,IMDb ID not found,DOCUMENTALES.pdf
Santa Cruz Atizapán; Aroma mexiquense,IMDb ID not found,DOCUMENTALES.pdf
Xalatlaco; Aroma mexiquense,IMDb ID not found,DOCUMENTALES.pdf
Xonacatlán; Aroma mexiquense,IMDb ID not found,DOCUMENTALES.pdf
Recuerdos del toreo en México [videograbación],IMDb ID not found,DOCUMENTALES.pdf
Tauromaquia [videograbación],IMDb ID not found,DOCUMENTALES.pdf
Los toros vistos por el noticiero cine mundial (1955-,IMDb ID not found,DOCUMENTALES.pdf
"Suite de teatro mexicano; Cobo Felgueres, Eugenio",IMDb ID not found,DOCUMENTALES.pdf
Lurwik Margules: la poesía de la dirección,IMDb ID not found,DOCUMENTALES.pdf
La libreta verde de Nellie 1.0,IMDb ID not found,DOCUMENTALES.pdf
Matíz de luz,IMDb ID not found,DOCUMENTALES.pdf
Tlalmanalco; Aroma mexiquense,IMDb ID not found,DOCUMENTALES.pdf
Papalotla; Aroma mexiquense,IMDb ID not found,DOCUMENTALES.pdf
La libreta verde de Nellie,IMDb ID not found,DOCUMENTALES.pdf
The best of the Bolshoi Ballet,IMDb ID not found,DOCUMENTALES.pdf
Miguel Ángel explosión de un autorretrato / prod,IMDb ID not found,DOCUMENTALES.pdf
Tándem Cía. de Danza,IMDb ID not found,DOCUMENTALES.pdf
La percepción del espectador,IMDb ID not found,DOCUMENTALES.pdf
"Dominió, matemáticas y toma de decisiones",IMDb ID not found,DOCUMENTALES.pdf
Toluca; Aroma mexiquense,IMDb ID not found,DOCUMENTALES.pdf
Ciudad Olimpia el año en que fuimos modernos,IMDb ID not found,DOCUMENTALES.pdf
ascar [videograbación],IMDb ID not found,DOCUMENTALES.pdf
Batalla de los Dioses:Beowulf,IMDb ID not found,DOCUMENTALES.pdf
Acambay; Aroma mexiquense,IMDb ID not found,DOCUMENTALES.pdf
Los otros molinos del Quijote [videograbación],IMDb ID not found,DOCUMENTALES.pdf
Historia de la humanidad: grandes civilizaciones de,IMDb ID not found,DOCUMENTALES.pdf
Leyendas de la historia; Capítulo: Akenathon y,IMDb ID not found,DOCUMENTALES.pdf
efertiti,IMDb ID not found,DOCUMENTALES.pdf
Leyendes de la historia; Capítulo: Alejandro El,IMDb ID not found,DOCUMENTALES.pdf
Leyendas de la historia; Capítulo: Casanova Mago de,IMDb ID not found,DOCUMENTALES.pdf
Leyendas de la historia; Capítulo: Destruyan Cartago:,IMDb ID not found,DOCUMENTALES.pdf
La caida de un imperio,IMDb ID not found,DOCUMENTALES.pdf
Leyendes de la historia; Capítulo: Federico II,IMDb ID not found,DOCUMENTALES.pdf
Leyendas de la historia; Capítulo: Lucrecia Borgía,IMDb ID not found,DOCUMENTALES.pdf
Leyendes de la historia; Capítulo: Marco Polo,IMDb ID not found,DOCUMENTALES.pdf
Leyendes de la historia; Capítulo: La muerte llega a,IMDb ID not found,DOCUMENTALES.pdf
Leyendes de la historia; Capítulo: Nabuconodosor los,IMDb ID not found,DOCUMENTALES.pdf
misterios de babilonia,IMDb ID not found,DOCUMENTALES.pdf
Leyendes de la historia; Capítulo: El oro del,IMDb ID not found,DOCUMENTALES.pdf
Leyendes de la historia; Capítulo: Ricardo corazón de,IMDb ID not found,DOCUMENTALES.pdf
Leyendas de la historia; Capítulo: Las siete maravillas,IMDb ID not found,DOCUMENTALES.pdf
Puntos de vista [videograbación] el deporte en,IMDb ID not found,DOCUMENTALES.pdf
Leyendas de la historia; Capítulo: El sueño del Taj,IMDb ID not found,DOCUMENTALES.pdf
The best of Champ Car World Series,IMDb ID not found,DOCUMENTALES.pdf
Leyendas de la historia; Capítulo: The Beijing,IMDb ID not found,DOCUMENTALES.pdf
Temascalcingo; Aroma mexiquense,IMDb ID not found,DOCUMENTALES.pdf
Tepotzotlán; Aroma mexiquense,IMDb ID not found,DOCUMENTALES.pdf
Leyendes de la historia; Capítulo: Death of warrior,IMDb ID not found,DOCUMENTALES.pdf
El corno emplumado: una historia [videograbación],IMDb ID not found,DOCUMENTALES.pdf
Leyendes de la historia; Capítulo: La historia de,IMDb ID not found,DOCUMENTALES.pdf
masacre de los Judios,IMDb ID not found,DOCUMENTALES.pdf
Paseo por el patrimonio; Los dominios del león Vol 1,IMDb ID not found,DOCUMENTALES.pdf
Paseo por el patrimonio; Invierno en Yellowstone Vol,IMDb ID not found,DOCUMENTALES.pdf
Paseo por el patrimonio; Espacios Naturales de,IMDb ID not found,DOCUMENTALES.pdf
Pseo por el patrimonio; Tras las huellas del Islam Vol,IMDb ID not found,DOCUMENTALES.pdf
Paseo por el patrimonio; El Nilo río de los dioses Vol,IMDb ID not found,DOCUMENTALES.pdf
Paseo por el patrimonio; Los templos de la selva Vol,IMDb ID not found,DOCUMENTALES.pdf
Paseo por el patrimonio; La corte europea Vol 9,IMDb ID not found,DOCUMENTALES.pdf
Paseo por el patrimonio; Maravillas de oriente Vol 10,IMDb ID not found,DOCUMENTALES.pdf
Paseo por el patrimonio; Construcciones del poder I,IMDb ID not found,DOCUMENTALES.pdf
Paseo por el patrimonio; Construcciones del poder II,IMDb ID not found,DOCUMENTALES.pdf
Paseo por el patrimonio; Lugares de leyenda Vol 13,IMDb ID not found,DOCUMENTALES.pdf
La tierra: La atmósfera: El escudo invisible,IMDb ID not found,DOCUMENTALES.pdf
La tierra: El hielo: Testigo de la historia,IMDb ID not found,DOCUMENTALES.pdf
La tiera: Los océanos: La fuerza del agua,IMDb ID not found,DOCUMENTALES.pdf
La tierra: Un planeta único,IMDb ID not found,DOCUMENTALES.pdf
La tierra: Los volcanes: El poder del fuego,IMDb ID not found,DOCUMENTALES.pdf
Planeta encantado [videograbación] Vol 1,IMDb ID not found,DOCUMENTALES.pdf
Planeta encantado [videograbación] Vol 2,IMDb ID not found,DOCUMENTALES.pdf
Planeta encantado [videograbación] Vol 3,IMDb ID not found,DOCUMENTALES.pdf
Planeta encantado [videograbación] Vol 4,IMDb ID not found,DOCUMENTALES.pdf
Planeta sagrado,IMDb ID not found,DOCUMENTALES.pdf
Deseo de vivir: La voz del amigo [videograbación],IMDb ID not found,DOCUMENTALES.pdf
del Ghetto de Versovia,IMDb ID not found,DOCUMENTALES.pdf
Leyendes de la historia; Capítulo: El levantamiento,IMDb ID not found,DOCUMENTALES.pdf
Leyendes de la historia; Capítulo: La noche de la,IMDb ID not found,DOCUMENTALES.pdf
España Vol 4,IMDb ID not found,DOCUMENTALES.pdf
Paseo por el patrimonio; Los dioses griegos Vol 8,IMDb ID not found,DOCUMENTALES.pdf
Massai: Los guerreros de la lluvia,IMDb ID not found,DOCUMENTALES.pdf
"Ruta México ; Estado de México, Morelos, Querétaro",IMDb ID not found,DOCUMENTALES.pdf
San Sebastián del Oeste [videograbación],IMDb ID not found,DOCUMENTALES.pdf
Amazonas: Amazon [videograbación],IMDb ID not found,DOCUMENTALES.pdf
Abismo Amazónico,IMDb ID not found,DOCUMENTALES.pdf
Eden hasta el fín del mundo  [videograbación],IMDb ID not found,DOCUMENTALES.pdf
En busca de la verdad; Gigantes de la isla de Pascua,IMDb ID not found,DOCUMENTALES.pdf
Biografía del poder; Enrique Krauze,IMDb ID not found,DOCUMENTALES.pdf
Alejandro Magno(señor de la guerra,IMDb ID not found,DOCUMENTALES.pdf
Hitler y Stalin,IMDb ID not found,DOCUMENTALES.pdf
"Los Hitlers; Christiansen, Kai, dir",IMDb ID not found,DOCUMENTALES.pdf
Hitler; su verdadera historia,IMDb ID not found,DOCUMENTALES.pdf
El verdadero Drácula,IMDb ID not found,DOCUMENTALES.pdf
Moctezuma [videograbación] (El último emperador,IMDb ID not found,DOCUMENTALES.pdf
El misterio de Tutankhamón: Egiptomanía,IMDb ID not found,DOCUMENTALES.pdf
Biografía:Lenin,IMDb ID not found,DOCUMENTALES.pdf
Paseo por el patrimonio; Dragones de Komodo Vol 2 DVD 909 P37,IMDb ID not found,DOCUMENTALES.pdf
Mariano Otero:la obra perdurable de una vida fugaz,IMDb ID not found,DOCUMENTALES.pdf
"Atatür Örnek, Tolga, dir",IMDb ID not found,DOCUMENTALES.pdf
La historia del Che Guevara [videograbación],IMDb ID not found,DOCUMENTALES.pdf
La vida en México en el siglo XX [Videoteca Histórica,IMDb ID not found,DOCUMENTALES.pdf
Tomo II 1920-1939],IMDb ID not found,DOCUMENTALES.pdf
Pierre Bergé,IMDb ID not found,DOCUMENTALES.pdf
Un retrato de Diego Rivera [videograbación],IMDb ID not found,DOCUMENTALES.pdf
Biografía: Freddie Mercury,IMDb ID not found,DOCUMENTALES.pdf
"Kurt Cobain [videograbación] Schnak, AJ",IMDb ID not found,DOCUMENTALES.pdf
"i muy, muy… ni tan, tan… simplemente Tin Tan",IMDb ID not found,DOCUMENTALES.pdf
"Márquez, Manuel",IMDb ID not found,DOCUMENTALES.pdf
Michael Jordan Máximo,IMDb ID not found,DOCUMENTALES.pdf
Marqués de Sade,IMDb ID not found,DOCUMENTALES.pdf
Comentarios sobre Sor Juuana de reconocidas,IMDb ID not found,DOCUMENTALES.pdf
personalidades [videograbación] Coments about Sor,IMDb ID not found,DOCUMENTALES.pdf
Elisa Bonaparte [videograbación],IMDb ID not found,DOCUMENTALES.pdf
Juana from well-known personalities,IMDb ID not found,DOCUMENTALES.pdf
Las ciudades perdidas de la antigüedad (Las ciudad,IMDb ID not found,DOCUMENTALES.pdf
desaparecida del Faraon) Vol. 1,IMDb ID not found,DOCUMENTALES.pdf
Las ciudades perdidas de la antigüedad (El valle,IMDb ID not found,DOCUMENTALES.pdf
Las ciudades perdidas de la antigüedad (Los señores,IMDb ID not found,DOCUMENTALES.pdf
oscuros de Hattusa) Vol. 3,IMDb ID not found,DOCUMENTALES.pdf
Tumbas antiguas (voces de la muerte) National,IMDb ID not found,DOCUMENTALES.pdf
Egipto en busca de la eternidad; National,IMDb ID not found,DOCUMENTALES.pdf
Egipto Eterno en busca de las tumbas perdidas;,IMDb ID not found,DOCUMENTALES.pdf
ational Geographic,IMDb ID not found,DOCUMENTALES.pdf
Egipto: Los secretos de los faraones; National,IMDb ID not found,DOCUMENTALES.pdf
Egipto: Un imperio de ingeniería (Egypt:,IMDb ID not found,DOCUMENTALES.pdf
Engineering an empire); The history channel,IMDb ID not found,DOCUMENTALES.pdf
Misterios de Egipto: Amuletos y rituales mágicos,IMDb ID not found,DOCUMENTALES.pdf
La maldición de Tutankamon; Natonal Geographic,IMDb ID not found,DOCUMENTALES.pdf
Mundos perdidos; El imperio egipcio: Ramsés (Lost,IMDb ID not found,DOCUMENTALES.pdf
worlds: Ramses Egyptian Empiere) The history,IMDb ID not found,DOCUMENTALES.pdf
Grecia:secretos del pasado,IMDb ID not found,DOCUMENTALES.pdf
Secretos de la Antigüedad:la garra griega,IMDb ID not found,DOCUMENTALES.pdf
The hittites hititler,IMDb ID not found,DOCUMENTALES.pdf
Irlandesa-Epopeya en el Báltico Vol. 1,IMDb ID not found,DOCUMENTALES.pdf
Descubrir Europa (Europa desde el aire) Balada,IMDb ID not found,DOCUMENTALES.pdf
Un amor loco (L´amour fou) Yves Saint Laurent-,IMDb ID not found,DOCUMENTALES.pdf
Las dos Fridas [videograbación],IMDb ID not found,DOCUMENTALES.pdf
islas Británicas- Colores de Francia Vol .2,IMDb ID not found,DOCUMENTALES.pdf
el horizonte- Luces de Italia Vol. 3,IMDb ID not found,DOCUMENTALES.pdf
Descubrir Europa (Europa desde el aire) España en,IMDb ID not found,DOCUMENTALES.pdf
Descubrir Europa (Europa desde el aire) Paisajes de,IMDb ID not found,DOCUMENTALES.pdf
Escandinavia-Hacia el cabo norte Vol. 5,IMDb ID not found,DOCUMENTALES.pdf
Potosí Vol. 3,IMDb ID not found,DOCUMENTALES.pdf
Descubrir Europa (Europa desde el aire) Odisea,IMDb ID not found,DOCUMENTALES.pdf
Descubrir Europa (Europa Salvaje) Las eras glaciares,IMDb ID not found,DOCUMENTALES.pdf
Descubrir Europa (Europa Salvaje) Génesis Vol. 6,IMDb ID not found,DOCUMENTALES.pdf
Descubrir Europa (Europa Salvaje) El dominio de lo,IMDb ID not found,DOCUMENTALES.pdf
salvaje Vol. 8,IMDb ID not found,DOCUMENTALES.pdf
Descubrir Europa (Grandes Civilizaciones) Maravillas,IMDb ID not found,DOCUMENTALES.pdf
de Grecia Vol. 10,IMDb ID not found,DOCUMENTALES.pdf
Descubrir Europa (Grandes Civilizaciones) Grandes,IMDb ID not found,DOCUMENTALES.pdf
construcciones de Roma Vol. 11,IMDb ID not found,DOCUMENTALES.pdf
Descubrir Europa (Pueblos que crearon Europa) Las,IMDb ID not found,DOCUMENTALES.pdf
pueblos Germánicos Vol. 13,IMDb ID not found,DOCUMENTALES.pdf
Descubrir Europa,IMDb ID not found,DOCUMENTALES.pdf
Europa en la encrucijada Vol. 14,IMDb ID not found,DOCUMENTALES.pdf
cimientos de Europa Vol. 15,IMDb ID not found,DOCUMENTALES.pdf
Itinerarios culturales Europeos; Guía de consulta;,IMDb ID not found,DOCUMENTALES.pdf
Historia de Europa; Descubrir Europa Vol. 16,IMDb ID not found,DOCUMENTALES.pdf
Una historia del Tibet,IMDb ID not found,DOCUMENTALES.pdf
Charlas mexicanas [videograbación]: con José,IMDb ID not found,DOCUMENTALES.pdf
Vasconcelos (México) Vol: 1,IMDb ID not found,DOCUMENTALES.pdf
Vasconcelos (Hernán Cortés) Vol: 2,IMDb ID not found,DOCUMENTALES.pdf
Vasconcelos (Virreinato) Vol: 3,IMDb ID not found,DOCUMENTALES.pdf
Vasconcelos (Porfirio Díaz) Vol: 4,IMDb ID not found,DOCUMENTALES.pdf
Vasconcelos (El petroleo) Vol: 5,IMDb ID not found,DOCUMENTALES.pdf
Enciclopedia de México Multimedia,IMDb ID not found,DOCUMENTALES.pdf
Discutamos México 2010 Temp. 01 El mundo,IMDb ID not found,DOCUMENTALES.pdf
"mesoamericano, Pensamiento en el mundo antiguo",IMDb ID not found,DOCUMENTALES.pdf
Discutamos México 2010 Temp. 01 Mesoamérica,IMDb ID not found,DOCUMENTALES.pdf
Descubrir Europa (Europa desde el aire) Viaje por las,IMDb ID not found,DOCUMENTALES.pdf
México virreinal Vol.2,IMDb ID not found,DOCUMENTALES.pdf
Grandes temas fundacionales Vol.3,IMDb ID not found,DOCUMENTALES.pdf
Discutamos México 2010 Temp. 01 México virreinal,IMDb ID not found,DOCUMENTALES.pdf
"Ruta México ; Oaxaca, Campeche Vol. 5",IMDb ID not found,DOCUMENTALES.pdf
Griega- Archipiélagos de Croacia Vol. 4,IMDb ID not found,DOCUMENTALES.pdf
"fundacionales, La independencia Vol.4",IMDb ID not found,DOCUMENTALES.pdf
"independencia, México independiente Vol.5",IMDb ID not found,DOCUMENTALES.pdf
Discutamos México 2010 Temp. 01  La,IMDb ID not found,DOCUMENTALES.pdf
Discutamos México 2010 Temp. 01  México,IMDb ID not found,DOCUMENTALES.pdf
"Independiente, Benito Juárez: Alianzas y rupturas",IMDb ID not found,DOCUMENTALES.pdf
Descubrir Europa (Europa Salvaje) Un nuevo milenio,IMDb ID not found,DOCUMENTALES.pdf
Discutamos México 2010 Temp. 01  El porfiriato,IMDb ID not found,DOCUMENTALES.pdf
"independiente, El porfiriato  Vol.7",IMDb ID not found,DOCUMENTALES.pdf
Revolución mexicana Vol.8,IMDb ID not found,DOCUMENTALES.pdf
Discutamos México 2010 Temp. 01  Revolución,IMDb ID not found,DOCUMENTALES.pdf
"mexicana, Emiliano Zapata y la lucha agraria Vol.9",IMDb ID not found,DOCUMENTALES.pdf
Descubrir Europa (Pueblos que crearon Europa) Los,IMDb ID not found,DOCUMENTALES.pdf
Discutamos México 2010 Temp. 01 Revolución,IMDb ID not found,DOCUMENTALES.pdf
Carranza Vol.10,IMDb ID not found,DOCUMENTALES.pdf
"un nuevo país, El general Lázaro Cárdenas Vol.1",IMDb ID not found,DOCUMENTALES.pdf
Discutamos México 2010 Temp. 02 México moderno,IMDb ID not found,DOCUMENTALES.pdf
El detonante: El movimiento de 1968   Vol.2,IMDb ID not found,DOCUMENTALES.pdf
Discutamoso México 2010  Temp. 02 Gustavo Díaz,IMDb ID not found,DOCUMENTALES.pdf
"Ordaz, De Echeverria Vol. 3",IMDb ID not found,DOCUMENTALES.pdf
Discutamos México 2010 Temp. 02 El federalismo,IMDb ID not found,DOCUMENTALES.pdf
mexicano Vol. 5,IMDb ID not found,DOCUMENTALES.pdf
Discutamos México 2010 Temp. 03 México visto por,IMDb ID not found,DOCUMENTALES.pdf
"los mexicanos, México visto por los extranjeros Vol. 1",IMDb ID not found,DOCUMENTALES.pdf
Discutamos México 2010 Temp. 03 Quiénes somos,IMDb ID not found,DOCUMENTALES.pdf
los mexicanos Vol. 2,IMDb ID not found,DOCUMENTALES.pdf
Discutamos México 2010 Temp. 03 México cruce de,IMDb ID not found,DOCUMENTALES.pdf
"culturas, las fuerzas armadas Vol. 3",IMDb ID not found,DOCUMENTALES.pdf
Discutamos México 2010 Temp. 03 Mujeres en la,IMDb ID not found,DOCUMENTALES.pdf
"historia de México, Mujeres en el arte y la cultura Vol",IMDb ID not found,DOCUMENTALES.pdf
Discutamos México 2010 Temp. 03 Derechos,IMDb ID not found,DOCUMENTALES.pdf
Discutamos México 2010 Temp. 03 Comercio,IMDb ID not found,DOCUMENTALES.pdf
"Humanos, México y los organismos internacionales",IMDb ID not found,DOCUMENTALES.pdf
"exterior, Las religiones en la historia de México Vol. 6",IMDb ID not found,DOCUMENTALES.pdf
Discutamos México 2010 Temp. 03 La política,IMDb ID not found,DOCUMENTALES.pdf
Discutamos México 2010 Temp. 03 Sistema político,IMDb ID not found,DOCUMENTALES.pdf
"cultural, petróleo Vol. 7",IMDb ID not found,DOCUMENTALES.pdf
mexicano Vol. 8,IMDb ID not found,DOCUMENTALES.pdf
Discutamos México 2010 Temp. 04 México y el,IMDb ID not found,DOCUMENTALES.pdf
"futuro, Prospectiva internacional Vol. 8",IMDb ID not found,DOCUMENTALES.pdf
Discutamos México 2010 Temp. 03 México en un,IMDb ID not found,DOCUMENTALES.pdf
Discutamos México 2010 Temp. 04 Prospectiva,IMDb ID not found,DOCUMENTALES.pdf
caleidoscopio Vol. 9,IMDb ID not found,DOCUMENTALES.pdf
demográfica y laboral Vol. 7,IMDb ID not found,DOCUMENTALES.pdf
Discutamos México 2010 Temp. 03 Literatura,IMDb ID not found,DOCUMENTALES.pdf
Discutamos México 2010 Temp. 01 Grandes temas,IMDb ID not found,DOCUMENTALES.pdf
"mexicana acutual, poesía, teatro Vol. 10",IMDb ID not found,DOCUMENTALES.pdf
"Discutamos México 2010 Temp. 04 Música, Corridos",IMDb ID not found,DOCUMENTALES.pdf
"y Música popular, fotografía Vol. 1",IMDb ID not found,DOCUMENTALES.pdf
Discutamos México 2010 Temp. 04 Publicidad,IMDb ID not found,DOCUMENTALES.pdf
"Historia, Arqueología, Filosofía Vol. 2",IMDb ID not found,DOCUMENTALES.pdf
Discutamos México 2010 Temp. 04 Astronomía,IMDb ID not found,DOCUMENTALES.pdf
primeras invasiones Vol. 12,IMDb ID not found,DOCUMENTALES.pdf
"mexicana, Derecho, Sociología, Economía Vol. 3",IMDb ID not found,DOCUMENTALES.pdf
Discutamos México 2010 Temp. 04 Ingeniería,IMDb ID not found,DOCUMENTALES.pdf
Discutamos México 2010 Temp. 04 Medio ambiente,IMDb ID not found,DOCUMENTALES.pdf
"Cambio climático, los niños Vol. 5",IMDb ID not found,DOCUMENTALES.pdf
"deporte, Turismo Vol. 6",IMDb ID not found,DOCUMENTALES.pdf
Discutamos México 2010 Temp. 02 Historia mínima,IMDb ID not found,DOCUMENTALES.pdf
"de los estados y municipios, Hacía la consolidación",IMDb ID not found,DOCUMENTALES.pdf
democrática (2000-2010) Vol.4,IMDb ID not found,DOCUMENTALES.pdf
Discutamos México 2010 Temp. 02 La transición,IMDb ID not found,DOCUMENTALES.pdf
democrática Vol. 6,IMDb ID not found,DOCUMENTALES.pdf
"mexicana, La constitución de 1917 y el gobierno de",IMDb ID not found,DOCUMENTALES.pdf
Discutamos México 2010 Temp. 02 Organizaciones,IMDb ID not found,DOCUMENTALES.pdf
Políticas Vol. 7,IMDb ID not found,DOCUMENTALES.pdf
Discutamos México 2010 2010 Temp. 02 Discusión,IMDb ID not found,DOCUMENTALES.pdf
Tomo III 1940-1959],IMDb ID not found,DOCUMENTALES.pdf
Tomo V 1980-2000],IMDb ID not found,DOCUMENTALES.pdf
Tomo IV 1960-1979],IMDb ID not found,DOCUMENTALES.pdf
Buscando al hombre sagrado,IMDb ID not found,DOCUMENTALES.pdf
Historias arqueológicas del Bajío Zaragoza,IMDb ID not found,DOCUMENTALES.pdf
Peralta Historias Arqueológicas del Bajío,IMDb ID not found,DOCUMENTALES.pdf
Años de la Revolución Mexicana (Los rollos,IMDb ID not found,DOCUMENTALES.pdf
Los Juicios de la Revolución: el plan de la Noria VOL 1 DVD 972.09 J84,IMDb ID not found,DOCUMENTALES.pdf
Los juicios de la Revolución: La rebelión de los,IMDb ID not found,DOCUMENTALES.pdf
Serdán. VOL 2,IMDb ID not found,DOCUMENTALES.pdf
Los Juicios de la Revolución: el plan de San Luis VOL,IMDb ID not found,DOCUMENTALES.pdf
Los Juicios de la Revolución: el levantamiento del,IMDb ID not found,DOCUMENTALES.pdf
sur VOL 4,IMDb ID not found,DOCUMENTALES.pdf
Los Juicios de la Revolución: la toma de Zacatecas,IMDb ID not found,DOCUMENTALES.pdf
Los Juicios de la Revolución: la serie VOL 6,IMDb ID not found,DOCUMENTALES.pdf
La tradición Teuchitlán (Descubriendo el antiguo,IMDb ID not found,DOCUMENTALES.pdf
Morelia de mis amores Secretaria de Turismo,IMDb ID not found,DOCUMENTALES.pdf
Occidente de México),IMDb ID not found,DOCUMENTALES.pdf
Conociendo Cuautepec,IMDb ID not found,DOCUMENTALES.pdf
Bi100: rumbo al Bicentenario Vol. 1,IMDb ID not found,DOCUMENTALES.pdf
maldito de las piramides) Vol. 2,IMDb ID not found,DOCUMENTALES.pdf
Discutamos México 2010 Temp. 02 Construcción de,IMDb ID not found,DOCUMENTALES.pdf
rumbo al Bicentenario Vol.2,IMDb ID not found,DOCUMENTALES.pdf
Mujeres X Bi100: rumbo al Bicentenario Vol. 3,IMDb ID not found,DOCUMENTALES.pdf
pública Vol. 9,IMDb ID not found,DOCUMENTALES.pdf
Discutamos México 2010 Temp. 02 Los sindicatos,IMDb ID not found,DOCUMENTALES.pdf
Las mujeres en la revolución Bi100: rumbo al,IMDb ID not found,DOCUMENTALES.pdf
Discutamos México 2010 Temp. 02 Educación Vol. 10  DVD 972 T37 D57i,IMDb ID not found,DOCUMENTALES.pdf
La Decena Trágica Bi100: rumbo al bicentenario Vol,IMDb ID not found,DOCUMENTALES.pdf
El primer día de la decena trágica Bi100: rumbo al,IMDb ID not found,DOCUMENTALES.pdf
Días de guardar Bi100 :rumbo al Bicentenario Vol.8,IMDb ID not found,DOCUMENTALES.pdf
Bicentenario Vol.9,IMDb ID not found,DOCUMENTALES.pdf
Los rituales del caos Bi100 :rumbo al bicentenario,IMDb ID not found,DOCUMENTALES.pdf
"Monsavais, el del Estanquillo Bi100 :rumbo al",IMDb ID not found,DOCUMENTALES.pdf
Bicentenario Vol.11,IMDb ID not found,DOCUMENTALES.pdf
Expedición 1808 Bi100 rumbo al Bicentenario Vol.12,IMDb ID not found,DOCUMENTALES.pdf
Madero muerto memoria vivaBi100  :rumbo al,IMDb ID not found,DOCUMENTALES.pdf
Bicentenario Vol.13,IMDb ID not found,DOCUMENTALES.pdf
"Yo, Alvaro el fantasma de la Bombilla Bi100: rumbo",IMDb ID not found,DOCUMENTALES.pdf
al Bicentenario Vol.14,IMDb ID not found,DOCUMENTALES.pdf
Encuéntrame en el polvo de la ciudad Bi100: rumbo,IMDb ID not found,DOCUMENTALES.pdf
al Bicentenario Vo.15,IMDb ID not found,DOCUMENTALES.pdf
La historia en la ciudad Bi100: rumbo al Bicentenario,IMDb ID not found,DOCUMENTALES.pdf
"El cura, la niña y el ciego Bi100 rumbo al",IMDb ID not found,DOCUMENTALES.pdf
Bicentenario Vol.17,IMDb ID not found,DOCUMENTALES.pdf
Independiente Bi100: rumbo al Bicentenario Vol.18,IMDb ID not found,DOCUMENTALES.pdf
San Juan Atzingo,IMDb ID not found,DOCUMENTALES.pdf
Caducidad Bi100 rumbo al Bicentenario Vol.19,IMDb ID not found,DOCUMENTALES.pdf
"Yo por favor, con ganas Bi100 rumbo al Bicentenario",IMDb ID not found,DOCUMENTALES.pdf
Re.evolución es Revolución Bi100: rumbo al,IMDb ID not found,DOCUMENTALES.pdf
Bicentenario Vol.21,IMDb ID not found,DOCUMENTALES.pdf
El peso de la libertad Bi100 :rumbo al Bicentenario,IMDb ID not found,DOCUMENTALES.pdf
Botellas al mar Bi100 :rumbo al Bicentenario Vol.23,IMDb ID not found,DOCUMENTALES.pdf
Mi revolución Bi100 :rumbo al Bicentenario Vol.24,IMDb ID not found,DOCUMENTALES.pdf
Bicentenario Vol.4,IMDb ID not found,DOCUMENTALES.pdf
i un minuto de silencio Bi100 :rumbo al,IMDb ID not found,DOCUMENTALES.pdf
Bicentenario Vol.6,IMDb ID not found,DOCUMENTALES.pdf
Bicentenario Vol.25,IMDb ID not found,DOCUMENTALES.pdf
Pacto de Xochimilco Bi100: rumbo al Bicentenario,IMDb ID not found,DOCUMENTALES.pdf
Pies de bronce Bi100 :rumbo al Bicentenario Vol.26,IMDb ID not found,DOCUMENTALES.pdf
Revolución Bi100 :rumbo al Bicentenario Vol.27,IMDb ID not found,DOCUMENTALES.pdf
Felicidades Bi100 :rumbo al Bicentenario Vol.28,IMDb ID not found,DOCUMENTALES.pdf
El asalto o el inmutable Monsaváis Bi100: rumbo al,IMDb ID not found,DOCUMENTALES.pdf
"Tetralogía: retrato hablado, ciudad y poder Bi100",IMDb ID not found,DOCUMENTALES.pdf
¿Libertad? Bi100 rumbo al Bicentenario Vol.30,IMDb ID not found,DOCUMENTALES.pdf
rumbo al Bicentenario Vol.29,IMDb ID not found,DOCUMENTALES.pdf
Personajes [videograbacion],IMDb ID not found,DOCUMENTALES.pdf
Retratos de ciudad [videograbación],IMDb ID not found,DOCUMENTALES.pdf
Motozintla,IMDb ID not found,DOCUMENTALES.pdf
"Cuba: caminos de revolución Che Guevara, donde",IMDb ID not found,DOCUMENTALES.pdf
Cuba: caminos de revolución Antes del 59 Vol. 2,IMDb ID not found,DOCUMENTALES.pdf
Cuba: caminos de revolución Los 4 años que,IMDb ID not found,DOCUMENTALES.pdf
estremecieron al mundo Vol. 3,IMDb ID not found,DOCUMENTALES.pdf
Cuba: caminos de revolución Una isla en la corriente,IMDb ID not found,DOCUMENTALES.pdf
Cuba: caminos de revolución La solidaridad,IMDb ID not found,DOCUMENTALES.pdf
internacional Vol. 5,IMDb ID not found,DOCUMENTALES.pdf
Cuba: caminos de revolución Momentos con Fidel,IMDb ID not found,DOCUMENTALES.pdf
Momias Incas,IMDb ID not found,DOCUMENTALES.pdf
Juego las canciones,IMDb ID not found,DOCUMENTALES.pdf
Videoteca histórica; México del siglo XX,IMDb ID not found,DOCUMENTALES.pdf
"México a través de los siglos (Primera época, Historia",IMDb ID not found,DOCUMENTALES.pdf
antigua) vol.1,IMDb ID not found,DOCUMENTALES.pdf
México a través de los siglos (El virreinato) vol.2,IMDb ID not found,DOCUMENTALES.pdf
México a través de los siglos (La independencia) vol.3 MM972 M49,IMDb ID not found,DOCUMENTALES.pdf
México a través de los siglos,IMDb ID not found,DOCUMENTALES.pdf
México a través de los siglos (La reforma) vol.5,IMDb ID not found,DOCUMENTALES.pdf
La Independencia de México en tres etapas Bi100:,IMDb ID not found,DOCUMENTALES.pdf
"México a través de los siglos (Porfiriato, la revolución",IMDb ID not found,DOCUMENTALES.pdf
y época actual) vol.6,IMDb ID not found,DOCUMENTALES.pdf
Gérman Arcimiegas. El hombre que Nació con el,IMDb ID not found,DOCUMENTALES.pdf
Veracruz: huasteco Baile regional,IMDb ID not found,DOCUMENTALES.pdf
Sremski Karlovci [CD-ROM],IMDb ID not found,DOCUMENTALES.pdf
Sveti Save [CD-ROM],IMDb ID not found,DOCUMENTALES.pdf
Srbija u doba Nemanjica [Cd-Rom]: [od knezevine d,IMDb ID not found,DOCUMENTALES.pdf
"Blagojevic, Milos]",IMDb ID not found,DOCUMENTALES.pdf
Aetos & sulun´s exhibition  [cd-rom],IMDb ID not found,DOCUMENTALES.pdf
"Tamaulipas: centro sur, Baile reginal",IMDb ID not found,DOCUMENTALES.pdf
Turquía [DVD],IMDb ID not found,DOCUMENTALES.pdf
Hilandarska biblioteka [cd-rom]: 8 vekova/ koord,IMDb ID not found,DOCUMENTALES.pdf
Estilos de vida [videograbación],IMDb ID not found,DOCUMENTALES.pdf
Reto DOCSDF 2011 [videograbación],IMDb ID not found,DOCUMENTALES.pdf
LAROUSSE : ALEMAN FACIL: PRIMER,IMDb ID not found,IDIOMAS.pdf
Oaxaca Colección: Imágenes de México,IMDb ID not found,DOCUMENTALES.pdf
unca jámas se lo imaginan Vol. 1,IMDb ID not found,DOCUMENTALES.pdf
LAROUSSE : ALEMAN FACIL: ESENCIAL,IMDb ID not found,IDIOMAS.pdf
Alemán para hipanohablantes,IMDb ID not found,IDIOMAS.pdf
Chinese for everyone,IMDb ID not found,IDIOMAS.pdf
Cartas y multimedia de caracteres,IMDb ID not found,IDIOMAS.pdf
LAROUSSE : FRANCES FACIL: PRIMER,IMDb ID not found,IDIOMAS.pdf
LAROUSSE : FRANCES FACIL:,IMDb ID not found,IDIOMAS.pdf
Francés en la empresa,IMDb ID not found,IDIOMAS.pdf
CAMPUS D METHODE DE FRANCAIS,IMDb ID not found,IDIOMAS.pdf
COMPREHENSION ORALE NIVEAU 1,IMDb ID not found,IDIOMAS.pdf
EXPRESSION ORALE NIVEAU 1,IMDb ID not found,IDIOMAS.pdf
FRANCES EXPRESS : EL FRANCES DE,IMDb ID not found,IDIOMAS.pdf
HOY A SU ALCANCE,IMDb ID not found,IDIOMAS.pdf
Grammaire 450 nouveaurt exercices,IMDb ID not found,IDIOMAS.pdf
Inglés de cada día,IMDb ID not found,IDIOMAS.pdf
LAROUSSE : INGLES FACIL : PRIMER,IMDb ID not found,IDIOMAS.pdf
Inglés en la empresa,IMDb ID not found,IDIOMAS.pdf
LAROUSSE : INGLES FACIL JUNIOR,IMDb ID not found,IDIOMAS.pdf
Larousse inglés fácil Nivel 0,IMDb ID not found,IDIOMAS.pdf
Larousse inglés fácil [CD-ROM]. : Nivel 1,IMDb ID not found,IDIOMAS.pdf
INGLES EXPRESS : EL INGLES A SU,IMDb ID not found,IDIOMAS.pdf
Junior english alive,IMDb ID not found,IDIOMAS.pdf
Curso interactivo de inglés océano,IMDb ID not found,IDIOMAS.pdf
Tutor interactivo plus curso interactivo,IMDb ID not found,IDIOMAS.pdf
Alemán en la empresa,IMDb ID not found,IDIOMAS.pdf
Movie talk aprenda inglés con las,IMDb ID not found,IDIOMAS.pdf
Larousse alemán método inicial :,IMDb ID not found,IDIOMAS.pdf
estrellas de Hollywood: Asesinato en,IMDb ID not found,IDIOMAS.pdf
estrellas de Hollywood: Paraíso fatal,IMDb ID not found,IDIOMAS.pdf
estrellas de Hollywood: El florista,IMDb ID not found,IDIOMAS.pdf
Chino interactivo,IMDb ID not found,IDIOMAS.pdf
petrificado,IMDb ID not found,IDIOMAS.pdf
estrellas de Hollywood: Un crimen de,IMDb ID not found,IDIOMAS.pdf
Inglés : método integral básico,IMDb ID not found,IDIOMAS.pdf
objetivo: aprender practicando,IMDb ID not found,IDIOMAS.pdf
Accelerated english one,IMDb ID not found,IDIOMAS.pdf
Hablemos todos inglés 1,IMDb ID not found,IDIOMAS.pdf
Hablemos todos ingles : Libro 3,IMDb ID not found,IDIOMAS.pdf
Hablemos todos inglés 3,IMDb ID not found,IDIOMAS.pdf
Curso de inglés,IMDb ID not found,IDIOMAS.pdf
Curso de inglés 2,IMDb ID not found,IDIOMAS.pdf
CURSO MULTIMEDIA DE INGLES,IMDb ID not found,IDIOMAS.pdf
LAROUSSE : ITALIANO FACIL: PRIMER,IMDb ID not found,IDIOMAS.pdf
LAROUSSE ITALIANO FACIL: ESENCIA,IMDb ID not found,IDIOMAS.pdf
LAROUSSE : JAPONES FACIL: PRIMER,IMDb ID not found,IDIOMAS.pdf
Ruso para hispanohablantes libro de,IMDb ID not found,IDIOMAS.pdf
curso 1,IMDb ID not found,IDIOMAS.pdf
Ruso para hispanohablantes : nivel 2,IMDb ID not found,IDIOMAS.pdf
A BRIGHT MOON,IMDb ID not found,PELICULAS CHINAS.pdf
A GIMPSE OF THE ANCIENT TOWN OF PHOENIX,IMDb ID not found,PELICULAS CHINAS.pdf
A REVIEW OF THE CENTENNIAL DEVELOPMENT,IMDb ID not found,PELICULAS CHINAS.pdf
OF CHINA´S FILM INDUSTRY,IMDb ID not found,PELICULAS CHINAS.pdf
A TALE OF TWO CHINESE,IMDb ID not found,PELICULAS CHINAS.pdf
ALXA A MYSTERIOUS AREA OF CHINA,IMDb ID not found,PELICULAS CHINAS.pdf
AN AUTOBIOGRAPHY OF A WORLD WAR II,IMDb ID not found,PELICULAS CHINAS.pdf
objetivo: resultados rápidos,IMDb ID not found,IDIOMAS.pdf
Alemán : curso intensivo con CD,IMDb ID not found,IDIOMAS.pdf
AN OUTLINE OF CHINESE DANCE ART,IMDb ID not found,PELICULAS CHINAS.pdf
BANJIULUNBU-A SMALL VILLAGE IN TIBET,IMDb ID not found,PELICULAS CHINAS.pdf
ANGEL VERA,IMDb ID not found,PELICULAS CHINAS.pdf
Hablemos todos ingles : Libro 2,IMDb ID not found,IDIOMAS.pdf
Hablemos todos ingles : Libro 1,IMDb ID not found,IDIOMAS.pdf
Hablemos todos Inglés 2,IMDb ID not found,IDIOMAS.pdf
BIOGRAPHY OF KINQ GESAR,IMDb ID not found,PELICULAS CHINAS.pdf
BLAK-FACED SPOONBILL,IMDb ID not found,PELICULAS CHINAS.pdf
CHINESE INSTRUMENTAL MUSIC,IMDb ID not found,PELICULAS CHINAS.pdf
CHINESE QIPAO,IMDb ID not found,PELICULAS CHINAS.pdf
CHINESE MUSIC AT A GLANCE,IMDb ID not found,PELICULAS CHINAS.pdf
COLOURS OF THE BLIND,IMDb ID not found,PELICULAS CHINAS.pdf
CULTURAL AMBASSADOR;MR.MEI LANFANG,IMDb ID not found,PELICULAS CHINAS.pdf
EARLY SPRING IN FEBRUARY,IMDb ID not found,PELICULAS CHINAS.pdf
EXPERIENCING HONG KONG,IMDb ID not found,PELICULAS CHINAS.pdf
EARTH AND FIRE-CHINESE PORCELAIN,IMDb ID not found,PELICULAS CHINAS.pdf
FAREWELL TO DEATH,IMDb ID not found,PELICULAS CHINAS.pdf
FEMALE COACH AND MALE PLAYERS,IMDb ID not found,PELICULAS CHINAS.pdf
FREE AND UNRESTRAINED TIBETAN PAINTING,IMDb ID not found,PELICULAS CHINAS.pdf
GUASHA THE TREATMENT,IMDb ID not found,PELICULAS CHINAS.pdf
HE ZHANHAO THE BUTTERFLY CLOVERS,IMDb ID not found,PELICULAS CHINAS.pdf
INTERWOVEN CIVILIZATIONS,IMDb ID not found,PELICULAS CHINAS.pdf
JIMMY´S STORY,IMDb ID not found,PELICULAS CHINAS.pdf
JASMINE WOMAN,IMDb ID not found,PELICULAS CHINAS.pdf
JINLING CUKTURAL ATTRACTIONS,IMDb ID not found,PELICULAS CHINAS.pdf
LAOPSANG´S WORLD,IMDb ID not found,PELICULAS CHINAS.pdf
LETTER FROM UNKNOWN WOMAN,IMDb ID not found,PELICULAS CHINAS.pdf
LEARN CHINA’S ART OF ENJOYING TEA WITH,IMDb ID not found,PELICULAS CHINAS.pdf
LIANGYOU,IMDb ID not found,PELICULAS CHINAS.pdf
MEMORABLE YEARS,IMDb ID not found,PELICULAS CHINAS.pdf
LOVE STORY BY TEA,IMDb ID not found,PELICULAS CHINAS.pdf
MERCHANTS ON THE ANCIENT SILK ROAD,IMDb ID not found,PELICULAS CHINAS.pdf
DRAGON BOAT DIARY,IMDb ID not found,PELICULAS CHINAS.pdf
CRAFTS OF BEIJING,IMDb ID not found,PELICULAS CHINAS.pdf
MY ONE HUNDRED NINETHINTH -MY 1919,IMDb ID not found,PELICULAS CHINAS.pdf
MY DAD MY MOM,IMDb ID not found,PELICULAS CHINAS.pdf
EW  CHINAS CULTURE AND ARTS IN 50 YEARS,IMDb ID not found,PELICULAS CHINAS.pdf
EXTRAORDINARY 21 HOURS,IMDb ID not found,PELICULAS CHINAS.pdf
TES ON HONGSHUI RIVER,IMDb ID not found,PELICULAS CHINAS.pdf
OLD HOUSE OLD GRANDMA,IMDb ID not found,PELICULAS CHINAS.pdf
OF SHAQLIN TEMPLE,IMDb ID not found,PELICULAS CHINAS.pdf
FULL MOON OVER LIANGZHUOU,IMDb ID not found,PELICULAS CHINAS.pdf
QIXIA TEMPLE,IMDb ID not found,PELICULAS CHINAS.pdf
RAIN FLOWERS PEBBLE,IMDb ID not found,PELICULAS CHINAS.pdf
GANSU  GROTTO ARTS,IMDb ID not found,PELICULAS CHINAS.pdf
RIVER CROOSS CITY,IMDb ID not found,PELICULAS CHINAS.pdf
SHADOW MAJIC,IMDb ID not found,PELICULAS CHINAS.pdf
THE AFFECTION FOR THE OROGENS,IMDb ID not found,PELICULAS CHINAS.pdf
THE BIRTH OF SHOOTING STAR,IMDb ID not found,PELICULAS CHINAS.pdf
THE GREAT VOYAGES OF ZHENG HE,IMDb ID not found,PELICULAS CHINAS.pdf
THE HERO ZHENG CHENGGONG,IMDb ID not found,PELICULAS CHINAS.pdf
THE LAST MATRIARCHAL TRIBE IN CHINA,IMDb ID not found,PELICULAS CHINAS.pdf
THE LIN´S STORE,IMDb ID not found,PELICULAS CHINAS.pdf
THE LIVING BUDDHA IN THE SAINT MOUNTAIN,IMDb ID not found,PELICULAS CHINAS.pdf
THE ORDOS WEDDING CEREMONY,IMDb ID not found,PELICULAS CHINAS.pdf
THE RETUM OF THE OSPREYS,IMDb ID not found,PELICULAS CHINAS.pdf
THE SILENT HOLY STONES,IMDb ID not found,PELICULAS CHINAS.pdf
THE TAOPING STRONGHOLD,IMDb ID not found,PELICULAS CHINAS.pdf
TIBETAN CLOTHES,IMDb ID not found,PELICULAS CHINAS.pdf
TIBETAN  MEDICINE OF THE SNOWY REGION,IMDb ID not found,PELICULAS CHINAS.pdf
TURPAN LOVE SONGS,IMDb ID not found,PELICULAS CHINAS.pdf
ORIENTAL BAMBOO COUNTRY,IMDb ID not found,PELICULAS CHINAS.pdf
TWO BECOME 1,IMDb ID not found,PELICULAS CHINAS.pdf
RETURN TO THE NATURE,IMDb ID not found,PELICULAS CHINAS.pdf
VISIT BEIJING,IMDb ID not found,PELICULAS CHINAS.pdf
WHERE FRIENDS MEET FOR CULTURE,IMDb ID not found,PELICULAS CHINAS.pdf
GU EMBROIDERY,IMDb ID not found,PELICULAS CHINAS.pdf
SU EMBROIDERY,IMDb ID not found,PELICULAS CHINAS.pdf
PELICULAS INFANTILES,IMDb ID not found,PELICULAS INFANTILES.pdf
Arthur y lo invisibles,IMDb ID not found,PELICULAS INFANTILES.pdf
"Babar, el rey de los elefantes",IMDb ID not found,PELICULAS INFANTILES.pdf
Barbie en el Cascanueces,IMDb ID not found,PELICULAS INFANTILES.pdf
Barney y su mundo de colores en sala,IMDb ID not found,PELICULAS INFANTILES.pdf
Barney: El castillo musical de Barney  en sala,IMDb ID not found,PELICULAS INFANTILES.pdf
Barney: Lee y baila conmigo en sala,IMDb ID not found,PELICULAS INFANTILES.pdf
Blanca nieves y los Siete Enanos,IMDb ID not found,PELICULAS INFANTILES.pdf
Beetlejuice super fantasma,IMDb ID not found,PELICULAS INFANTILES.pdf
Belleza negra,IMDb ID not found,PELICULAS INFANTILES.pdf
"Bella y la bestia, la",IMDb ID not found,PELICULAS INFANTILES.pdf
"Bionicle, renace la leyenda",IMDb ID not found,PELICULAS INFANTILES.pdf
Brainy baby: Laugh & learn en sala,IMDb ID not found,PELICULAS INFANTILES.pdf
Brainy baby: Left brain  en sala,IMDb ID not found,PELICULAS INFANTILES.pdf
Brainy baby: Peek-a-boo en sala,IMDb ID not found,PELICULAS INFANTILES.pdf
"Bratz,  película,La",IMDb ID not found,PELICULAS INFANTILES.pdf
Brainy baby : Right brain en sala,IMDb ID not found,PELICULAS INFANTILES.pdf
"Bratz,  video El",IMDb ID not found,PELICULAS INFANTILES.pdf
"Brújula dorada, la",IMDb ID not found,PELICULAS INFANTILES.pdf
"Brujas, Las The witches",IMDb ID not found,PELICULAS INFANTILES.pdf
Buscando a Nemo,IMDb ID not found,PELICULAS INFANTILES.pdf
Canta y Baila con Barney,IMDb ID not found,PELICULAS INFANTILES.pdf
"Cadáver de la novia, el",IMDb ID not found,PELICULAS INFANTILES.pdf
"Animalia temporada 2,3",IMDb ID not found,PELICULAS INFANTILES.pdf
"Cenicienta, La",IMDb ID not found,PELICULAS INFANTILES.pdf
Cartoon craze: Daffy Duck y el dinosaurio,IMDb ID not found,PELICULAS INFANTILES.pdf
Atrapenlos!,IMDb ID not found,PELICULAS INFANTILES.pdf
"Aristogatos, Los",IMDb ID not found,PELICULAS INFANTILES.pdf
Charlie y la fabrica de chocolate  en sala,IMDb ID not found,PELICULAS INFANTILES.pdf
Charlie y Lola segunda temporada  en sala,IMDb ID not found,PELICULAS INFANTILES.pdf
Charlie y Lola tercera temporada : Necesito,IMDb ID not found,PELICULAS INFANTILES.pdf
Charlie y Lola: Primera temporada DVD 1,IMDb ID not found,PELICULAS INFANTILES.pdf
Charlie y Lola: Primera temporada. DVD 3,IMDb ID not found,PELICULAS INFANTILES.pdf
Charlie y Lola: Primera temporada. DVD 5,IMDb ID not found,PELICULAS INFANTILES.pdf
"Chicas superpoderosas, las: la película",IMDb ID not found,PELICULAS INFANTILES.pdf
Ciento un dalmatas,IMDb ID not found,PELICULAS INFANTILES.pdf
Colección de los Looney Tunes : Lo mejor de,IMDb ID not found,PELICULAS INFANTILES.pdf
Colorin colorado este cuento se ha acabado,IMDb ID not found,PELICULAS INFANTILES.pdf
"Cómo entrenar a tu dragón, 2 How to train your",IMDb ID not found,PELICULAS INFANTILES.pdf
"Conde Patula, El",IMDb ID not found,PELICULAS INFANTILES.pdf
"Cortos de Pixar, Los",IMDb ID not found,PELICULAS INFANTILES.pdf
"Crónicas de Narnia, las",IMDb ID not found,PELICULAS INFANTILES.pdf
"Crónicas de Spiderwick, las",IMDb ID not found,PELICULAS INFANTILES.pdf
"Cuentilandia DVD 1. Blancanieves, Caperucita",IMDb ID not found,PELICULAS INFANTILES.pdf
"Cuentilandia DVD 2. La cenicienta, Los tres",IMDb ID not found,PELICULAS INFANTILES.pdf
Cuentilandia DVD 3. El lobo y los siete cabritos,IMDb ID not found,PELICULAS INFANTILES.pdf
Cuentos para chicos y chiapanecas,IMDb ID not found,PELICULAS INFANTILES.pdf
"Dama y el Vagabundo,La",IMDb ID not found,PELICULAS INFANTILES.pdf
Cuentos que no son cuento,IMDb ID not found,PELICULAS INFANTILES.pdf
Diviértete con Mickey,IMDb ID not found,PELICULAS INFANTILES.pdf
Donde viven los monstruos,IMDb ID not found,PELICULAS INFANTILES.pdf
Dora salva a las sirenas,IMDb ID not found,PELICULAS INFANTILES.pdf
Dumbo/ Dumbo edición especial,IMDb ID not found,PELICULAS INFANTILES.pdf
E.T. El extraterrestre,IMDb ID not found,PELICULAS INFANTILES.pdf
Ella está encantada,IMDb ID not found,PELICULAS INFANTILES.pdf
"Era de hielo  1, La. solo en sala",IMDb ID not found,PELICULAS INFANTILES.pdf
"Era del hielo 3, La. solo en sala",IMDb ID not found,PELICULAS INFANTILES.pdf
"Era del hielo 2, La . solo en sala",IMDb ID not found,PELICULAS INFANTILES.pdf
"Espantatiburones, El",IMDb ID not found,PELICULAS INFANTILES.pdf
"Esposa de Santa Claus, La",IMDb ID not found,PELICULAS INFANTILES.pdf
"Expreso polar, El",IMDb ID not found,PELICULAS INFANTILES.pdf
"Extraño mundo de Jack, el",IMDb ID not found,PELICULAS INFANTILES.pdf
Fábulas de Disney  : Donald en el país de las,IMDb ID not found,PELICULAS INFANTILES.pdf
Fábulas de Disney : La leyenda del jinete sin,IMDb ID not found,PELICULAS INFANTILES.pdf
Fábulas de Disney : La liebre y la tortuga; Rey,IMDb ID not found,PELICULAS INFANTILES.pdf
Fábulas de Disney  : El pequeño Hiawatha; el,IMDb ID not found,PELICULAS INFANTILES.pdf
Fantasmita/Jack Frost,IMDb ID not found,PELICULAS INFANTILES.pdf
Gardfield 1,IMDb ID not found,PELICULAS INFANTILES.pdf
Gardfield 2,IMDb ID not found,PELICULAS INFANTILES.pdf
"Gato, El - The cat in the hat",IMDb ID not found,PELICULAS INFANTILES.pdf
George de la selva,IMDb ID not found,PELICULAS INFANTILES.pdf
Gigante de hierro,IMDb ID not found,PELICULAS INFANTILES.pdf
"Goofy, la película",IMDb ID not found,PELICULAS INFANTILES.pdf
"Goonies, Los",IMDb ID not found,PELICULAS INFANTILES.pdf
"Gran película de Piglet, la",IMDb ID not found,PELICULAS INFANTILES.pdf
Grandes héroes,IMDb ID not found,PELICULAS INFANTILES.pdf
Charlie y Lola Carlos y Lola bromeando  en sala,IMDb ID not found,PELICULAS INFANTILES.pdf
Grandes personajes de la historia Vol. 2,IMDb ID not found,PELICULAS INFANTILES.pdf
Grandes personajes de la historia Vol. 1,IMDb ID not found,PELICULAS INFANTILES.pdf
Bambi 2,IMDb ID not found,PELICULAS INFANTILES.pdf
Babe: el puerquito valiente,IMDb ID not found,PELICULAS INFANTILES.pdf
Charlie y Lola: Primera temporada. DVD 2,IMDb ID not found,PELICULAS INFANTILES.pdf
Gratitud y humildad,IMDb ID not found,PELICULAS INFANTILES.pdf
"Grinch, el",IMDb ID not found,PELICULAS INFANTILES.pdf
"Guerrero sin nombre, El",IMDb ID not found,PELICULAS INFANTILES.pdf
"Guerrero coyote iguana, el",IMDb ID not found,PELICULAS INFANTILES.pdf
Halo leyendas,IMDb ID not found,PELICULAS INFANTILES.pdf
Hannah Montana: detrás del proyector,IMDb ID not found,PELICULAS INFANTILES.pdf
Hans Christian Andersen: mi vida como un,IMDb ID not found,PELICULAS INFANTILES.pdf
Historias de enamorados: una adorable,IMDb ID not found,PELICULAS INFANTILES.pdf
Honestidad Responsabilidad,IMDb ID not found,PELICULAS INFANTILES.pdf
"Independencia de México para niños, La",IMDb ID not found,PELICULAS INFANTILES.pdf
Intensa mente Inside out,IMDb ID not found,PELICULAS INFANTILES.pdf
Isla del Nim,IMDb ID not found,PELICULAS INFANTILES.pdf
Jack y las habichuelas mágicas la verdadera,IMDb ID not found,PELICULAS INFANTILES.pdf
Jimmy Neutron: Confusión Confusa solo en sala,IMDb ID not found,PELICULAS INFANTILES.pdf
Jimmy Neutron: el niño genio solo en sala,IMDb ID not found,PELICULAS INFANTILES.pdf
Jimmy Neutron: mar de problemas solo en sala,IMDb ID not found,PELICULAS INFANTILES.pdf
Johnny Mysto niño mágico  solo en sala,IMDb ID not found,PELICULAS INFANTILES.pdf
Jorobado de nothre dame,IMDb ID not found,PELICULAS INFANTILES.pdf
"Juguetes de Navidad, Los",IMDb ID not found,PELICULAS INFANTILES.pdf
Kirikou y las bestias salvajes,IMDb ID not found,PELICULAS INFANTILES.pdf
"Libro de la selva, el",IMDb ID not found,PELICULAS INFANTILES.pdf
"Leyenda de la nahuala, la",IMDb ID not found,PELICULAS INFANTILES.pdf
"Libro de Pooh, el : diviertete con mis amigos",IMDb ID not found,PELICULAS INFANTILES.pdf
"Libro de la selva, El-  The jungle book",IMDb ID not found,PELICULAS INFANTILES.pdf
Lilo y Stich  solo en sala,IMDb ID not found,PELICULAS INFANTILES.pdf
Lilo y Stitch 2 solo en sala,IMDb ID not found,PELICULAS INFANTILES.pdf
Llegó el recreo,IMDb ID not found,PELICULAS INFANTILES.pdf
Lo que al agua se llevó,IMDb ID not found,PELICULAS INFANTILES.pdf
Charlie y Lola: Primera temporada. DVD 4,IMDb ID not found,PELICULAS INFANTILES.pdf
"Locuras veraniegas de Mickey, las",IMDb ID not found,PELICULAS INFANTILES.pdf
Lórax en busca de la trúfula perdida Dr. Seuss’,IMDb ID not found,PELICULAS INFANTILES.pdf
Loouie vol. 1   solo en sala,IMDb ID not found,PELICULAS INFANTILES.pdf
Loouie vol. 2   solo en sala,IMDb ID not found,PELICULAS INFANTILES.pdf
Loouie vol. 3   solo en sala,IMDb ID not found,PELICULAS INFANTILES.pdf
Loouie vol. 4   solo en sala,IMDb ID not found,PELICULAS INFANTILES.pdf
Loouie vol. 5    solo en sala,IMDb ID not found,PELICULAS INFANTILES.pdf
Hannah Montana Y Miley Cyrus en concierto: lo,IMDb ID not found,PELICULAS INFANTILES.pdf
Loouie vol. 6     solo en sala,IMDb ID not found,PELICULAS INFANTILES.pdf
Loouie vol. 7   solo en sala,IMDb ID not found,PELICULAS INFANTILES.pdf
Loouie vol. 8   solo en sala,IMDb ID not found,PELICULAS INFANTILES.pdf
Luis Pescetti/No quiero ír a dormir,IMDb ID not found,PELICULAS INFANTILES.pdf
Loouie vol. 9   solo en sala,IMDb ID not found,PELICULAS INFANTILES.pdf
Loouie vol. 10  solo en sala,IMDb ID not found,PELICULAS INFANTILES.pdf
Max Steel  vs. El oscuro enemigo,IMDb ID not found,PELICULAS INFANTILES.pdf
Max Steel vs La amenaza mutante,IMDb ID not found,PELICULAS INFANTILES.pdf
"Increíbles, Los",IMDb ID not found,PELICULAS INFANTILES.pdf
Mi pobre angelito 1,IMDb ID not found,PELICULAS INFANTILES.pdf
Mi villano favorito,IMDb ID not found,PELICULAS INFANTILES.pdf
Moderación  y  Disciplina,IMDb ID not found,PELICULAS INFANTILES.pdf
"Montaña embrujada, La",IMDb ID not found,PELICULAS INFANTILES.pdf
Muppets 2: Los más buscados,IMDb ID not found,PELICULAS INFANTILES.pdf
"uestra pandilla 3 The Sandlot, 3 : Heading",IMDb ID not found,PELICULAS INFANTILES.pdf
"uevo traje del emperador,  El  ; La traviesa",IMDb ID not found,PELICULAS INFANTILES.pdf
Oliver y su pandilla,IMDb ID not found,PELICULAS INFANTILES.pdf
"Orígen de los guardianes, el",IMDb ID not found,PELICULAS INFANTILES.pdf
Oye Arnold,IMDb ID not found,PELICULAS INFANTILES.pdf
Oz el poderoso,IMDb ID not found,PELICULAS INFANTILES.pdf
"Pantera rosa, la",IMDb ID not found,PELICULAS INFANTILES.pdf
Patita de perro,IMDb ID not found,PELICULAS INFANTILES.pdf
Pedro y el lobo,IMDb ID not found,PELICULAS INFANTILES.pdf
Pequeñas fieras del Futbol,IMDb ID not found,PELICULAS INFANTILES.pdf
Pie pequeño : La gran helada,IMDb ID not found,PELICULAS INFANTILES.pdf
Pie pequeño 3  : El tiempo de la gran entrega,IMDb ID not found,PELICULAS INFANTILES.pdf
Pie pequeño 6 : el secreto de la roca de los,IMDb ID not found,PELICULAS INFANTILES.pdf
Pie pequeño 11 : La invasión de los pequeños,IMDb ID not found,PELICULAS INFANTILES.pdf
"Pitufos, Los",IMDb ID not found,PELICULAS INFANTILES.pdf
Planeta 51,IMDb ID not found,PELICULAS INFANTILES.pdf
"Planeta del tesoro, el",IMDb ID not found,PELICULAS INFANTILES.pdf
Pollitos en fuga,IMDb ID not found,PELICULAS INFANTILES.pdf
Mi pequeña biblia,IMDb ID not found,PELICULAS INFANTILES.pdf
"Princesita, la",IMDb ID not found,PELICULAS INFANTILES.pdf
Mi pobre angelito  2,IMDb ID not found,PELICULAS INFANTILES.pdf
"Principito, el",IMDb ID not found,PELICULAS INFANTILES.pdf
"Principe de Egipto, el",IMDb ID not found,PELICULAS INFANTILES.pdf
"Revancha de Max, la",IMDb ID not found,PELICULAS INFANTILES.pdf
"Stanley , salta conmigo",IMDb ID not found,PELICULAS INFANTILES.pdf
Stuart Little 3: un ratón en la familia,IMDb ID not found,PELICULAS INFANTILES.pdf
"Suertes, humores y pequeñas historias de la",IMDb ID not found,PELICULAS INFANTILES.pdf
Independencia y la Revolución mexicana: cortos,IMDb ID not found,PELICULAS INFANTILES.pdf
animados del bicentenario,IMDb ID not found,PELICULAS INFANTILES.pdf
Super clásicos infantiles/ Conejo waikiki,IMDb ID not found,PELICULAS INFANTILES.pdf
"Super clásicos infantiles/  Gigante ártico, El",IMDb ID not found,PELICULAS INFANTILES.pdf
Super clásicos infantiles/ Muerto el miedo,IMDb ID not found,PELICULAS INFANTILES.pdf
Megamente,IMDb ID not found,PELICULAS INFANTILES.pdf
"Princesa y el sapo, la",IMDb ID not found,PELICULAS INFANTILES.pdf
Teenage mutant ninja/ surgimiento de las,IMDb ID not found,PELICULAS INFANTILES.pdf
Teenage mutant ninja/ Invasión kraang,IMDb ID not found,PELICULAS INFANTILES.pdf
Teenage mutant ninja/ Invasión mutante,IMDb ID not found,PELICULAS INFANTILES.pdf
"Telaraña de Charlotte, la",IMDb ID not found,PELICULAS INFANTILES.pdf
Tierra de Osos,IMDb ID not found,PELICULAS INFANTILES.pdf
Titán A.E,IMDb ID not found,PELICULAS INFANTILES.pdf
Tom y Jerry y el anillo mágico,IMDb ID not found,PELICULAS INFANTILES.pdf
Tom y Jerry: saliendo de clases,IMDb ID not found,PELICULAS INFANTILES.pdf
"Tostada valiente va a marte, La",IMDb ID not found,PELICULAS INFANTILES.pdf
"Toy story,  1",IMDb ID not found,PELICULAS INFANTILES.pdf
Una noche en el museo,IMDb ID not found,PELICULAS INFANTILES.pdf
Una noche en el museo 2,IMDb ID not found,PELICULAS INFANTILES.pdf
Una ratoncita valiente,IMDb ID not found,PELICULAS INFANTILES.pdf
Vacas vaqueras,IMDb ID not found,PELICULAS INFANTILES.pdf
¡Vamos a cantar!,IMDb ID not found,PELICULAS INFANTILES.pdf
Vecinos invasores,IMDb ID not found,PELICULAS INFANTILES.pdf
Veinte mil leguas de viaje submarino,IMDb ID not found,PELICULAS INFANTILES.pdf
Videoteca de los valores para niños,IMDb ID not found,PELICULAS INFANTILES.pdf
"Viento en los sauces, el : la caricatura",IMDb ID not found,PELICULAS INFANTILES.pdf
The wheels on the bus / las ruedas del autobus,IMDb ID not found,PELICULAS INFANTILES.pdf
Wallece y Gromit: la batalla de los vegetales,IMDb ID not found,PELICULAS INFANTILES.pdf
Willy Wonka  y la fàbrica de chocolate,IMDb ID not found,PELICULAS INFANTILES.pdf
"Simpson, Los",IMDb ID not found,PELICULAS INFANTILES.pdf
Winnie the Pooh y el pequeño efelante,IMDb ID not found,PELICULAS INFANTILES.pdf
"Zorro y el sabueso, el",IMDb ID not found,PELICULAS INFANTILES.pdf
Arráncame la vida,IMDb ID not found,PISO 7.pdf
"asombrosa Tierra, La",IMDb ID not found,PISO 7.pdf
¡Clonación!,IMDb ID not found,PISO 7.pdf
Electricidad y magnetismo,IMDb ID not found,PISO 7.pdf
Dos mil uno:odisea del espacio,IMDb ID not found,PISO 7.pdf
"planetas , Los",IMDb ID not found,PISO 7.pdf
"tabla periódica, La",IMDb ID not found,PISO 7.pdf
"vengador del futuro, El",IMDb ID not found,PISO 7.pdf
Adiós a las Vegas,IMDb ID not found,PISO 7.pdf
"ángel borracho, El",IMDb ID not found,PISO 7.pdf
"apando, El",IMDb ID not found,PISO 7.pdf
Así del precipicio,IMDb ID not found,PISO 7.pdf
Bicho de siete cabezas,IMDb ID not found,PISO 7.pdf
Cara cortada,IMDb ID not found,PISO 7.pdf
Contr-adicciones,IMDb ID not found,PISO 7.pdf
"verdad sobre el odio, La",IMDb ID not found,PISO 7.pdf
Entre tinieblas,IMDb ID not found,PISO 7.pdf
"infierno de todos tan temido , El",IMDb ID not found,PISO 7.pdf
mantenidas sin sueños.Las,IMDb ID not found,PISO 7.pdf
Vivir de nuevo,IMDb ID not found,PISO 7.pdf
"amores de Romaine, Los",IMDb ID not found,PISO 7.pdf
Eróscopo amor ysexo en el zodiaco,IMDb ID not found,PISO 7.pdf
Todos los perros van al cielo,IMDb ID not found,PELICULAS INFANTILES.pdf
"Olvidados,Los",IMDb ID not found,PISO 7.pdf
Historias de lujuria y otros males,IMDb ID not found,PISO 7.pdf
Una navidad con los muppets,IMDb ID not found,PELICULAS INFANTILES.pdf
"almuerzo desnudo,El",IMDb ID not found,PISO 7.pdf
Luna amarga,IMDb ID not found,PISO 7.pdf
ueve  orgasmos,IMDb ID not found,PISO 7.pdf
Por sexo o por amor,IMDb ID not found,PISO 7.pdf
Retrato al natural,IMDb ID not found,PISO 7.pdf
Compilación de los principales,IMDb ID not found,PISO 7.pdf
instrumentos internacionales sobre,IMDb ID not found,PISO 7.pdf
Delitos contra las mujeres :,IMDb ID not found,PISO 7.pdf
Derechos de las mujeres,IMDb ID not found,PISO 7.pdf
Diez historias cortas de amor,IMDb ID not found,PISO 7.pdf
Justicia nuestra,IMDb ID not found,PISO 7.pdf
mala educación,IMDb ID not found,PISO 7.pdf
muchachos no lloran,IMDb ID not found,PISO 7.pdf
transformación cultural,IMDb ID not found,PISO 7.pdf
ancy Cárdenas,IMDb ID not found,PISO 7.pdf
"Secreto en la montaña, El",IMDb ID not found,PISO 7.pdf
Sistema socioeconómico y,IMDb ID not found,PISO 7.pdf
georeferencial sobre la violencia de,IMDb ID not found,PISO 7.pdf
"historia de Richard O, La",IMDb ID not found,PISO 7.pdf
"habitación azul, La",IMDb ID not found,PISO 7.pdf
"mente humana, La",IMDb ID not found,PISO 7.pdf
"imperio de la pasión, El",IMDb ID not found,PISO 7.pdf
Compendio enciclopédico del náhuatl,IMDb ID not found,PISO 7.pdf
"lengua de las mariposas, La",IMDb ID not found,PISO 7.pdf
Cha'anil paax y éetel k'aayo'ob,IMDb ID not found,PISO 7.pdf
Auka! mitología yumana,IMDb ID not found,PISO 7.pdf
De fiestas y mujeres en Juchitá,IMDb ID not found,PISO 7.pdf
"Huicholes :la mitología de un pueblo,Los Documental",IMDb ID not found,PISO 7.pdf
Ma´titla´tocan Naualla´tolli,IMDb ID not found,PISO 7.pdf
Mazahuas ; Otomíes; Lacandones,IMDb ID not found,PISO 7.pdf
México patrimonio de la humanidad,IMDb ID not found,PISO 7.pdf
"montaña de Guerrero,La",IMDb ID not found,PISO 7.pdf
La chica danesa,IMDb ID not found,PISO 7.pdf
Mundo Maya,IMDb ID not found,PISO 7.pdf
Pueblos indígenas de México,IMDb ID not found,PISO 7.pdf
Ta tuutsima wa wewiya,IMDb ID not found,PISO 7.pdf
chiché_itza,IMDb ID not found,PISO 7.pdf
Tulum la ciudad del alba y tulum y,IMDb ID not found,PISO 7.pdf
Una Amauroto p´urhépecha,IMDb ID not found,PISO 7.pdf
"Zapotecas de Monte Albá,Los",IMDb ID not found,PISO 7.pdf
Batman año uno,IMDb ID not found,PISO 7.pdf
Batman :ataque arkaham,IMDb ID not found,PISO 7.pdf
Batman el caballero de la noche regresa,IMDb ID not found,PISO 7.pdf
Batman el misterio de la capucha roja,IMDb ID not found,PISO 7.pdf
"Bleach ,3",IMDb ID not found,PISO 7.pdf
Bleach 6,IMDb ID not found,PISO 7.pdf
"Bleach double feature, Memories of",IMDb ID not found,PISO 7.pdf
"body , disco 1",IMDb ID not found,PISO 7.pdf
"Bleach double feature,The diamond",IMDb ID not found,PISO 7.pdf
"dust rebellión, disco 2",IMDb ID not found,PISO 7.pdf
Bleach: the diamonddust rebellion :the,IMDb ID not found,PISO 7.pdf
"Candy-Candy, 2",IMDb ID not found,PISO 7.pdf
El castillo de Cagliostro,IMDb ID not found,PISO 7.pdf
Evangelión : I. II,IMDb ID not found,PISO 7.pdf
Searchin for the Maya,IMDb ID not found,PISO 7.pdf
Evangelion: 222,IMDb ID not found,PISO 7.pdf
"hijo de Batman, El",IMDb ID not found,PISO 7.pdf
Iron Man y Hulk,IMDb ID not found,PISO 7.pdf
La liga de la justicia :crisis en dos,IMDb ID not found,PISO 7.pdf
Kiki :entregas a domicilio,IMDb ID not found,PISO 7.pdf
Linterna verde,IMDb ID not found,PISO 7.pdf
Mi vecino Totoro,IMDb ID not found,PISO 7.pdf
aruto :legend of the stone,IMDb ID not found,PISO 7.pdf
aruto shippuden :7,IMDb ID not found,PISO 7.pdf
aruto shippuden :10,IMDb ID not found,PISO 7.pdf
aruto shippuden 15,IMDb ID not found,PISO 7.pdf
[recurso electrónico,IMDb ID not found,PISO 7.pdf
aruto Shippuden 18,IMDb ID not found,PISO 7.pdf
aruto shippuden :19,IMDb ID not found,PISO 7.pdf
ecessary evil,IMDb ID not found,PISO 7.pdf
Jicuri Neirra :la danza del peyote,IMDb ID not found,PISO 7.pdf
"iños lobo , Los",IMDb ID not found,PISO 7.pdf
"One piece :collection, 2",IMDb ID not found,PISO 7.pdf
"One piece :collection, 4",IMDb ID not found,PISO 7.pdf
"One piece :collection, 8",IMDb ID not found,PISO 7.pdf
"One piece :collection, 9",IMDb ID not found,PISO 7.pdf
Recuerdos del ayer,IMDb ID not found,PISO 7.pdf
Resident Evil :infierno,IMDb ID not found,PISO 7.pdf
Se levanta el viento,IMDb ID not found,PISO 7.pdf
Shonen jump Naruto :uncut box set 4,IMDb ID not found,PISO 7.pdf
Shonen jump Naruto:uncut box set 9,IMDb ID not found,PISO 7.pdf
Shonen jump Naruto :uncut box set 6,IMDb ID not found,PISO 7.pdf
Shone jump one piece :season five,IMDb ID not found,PISO 7.pdf
voyage three,IMDb ID not found,PISO 7.pdf
Shone jump one piece :season four,IMDb ID not found,PISO 7.pdf
Shonen jump one piece :season five,IMDb ID not found,PISO 7.pdf
voyage four,IMDb ID not found,PISO 7.pdf
voyage five,IMDb ID not found,PISO 7.pdf
Shonen jump one piece :Season five,IMDb ID not found,PISO 7.pdf
voyage six,IMDb ID not found,PISO 7.pdf
Susurros del corazón,IMDb ID not found,PISO 7.pdf
La tumba de las luciérnagas,IMDb ID not found,PISO 7.pdf
El viaje de Chihiro,IMDb ID not found,PISO 7.pdf
Ahí esta el detalle,IMDb ID not found,PISO 7.pdf
Arqueología de México,IMDb ID not found,PISO 7.pdf
"ametralladora, La",IMDb ID not found,PISO 7.pdf
"automóvil gris, El",IMDb ID not found,PISO 7.pdf
Azul Maya,IMDb ID not found,PISO 7.pdf
Cátalogo de la historieta mexicana del,IMDb ID not found,PISO 7.pdf
"One piec :collection, 1",IMDb ID not found,PISO 7.pdf
"Compadre Mendoza,El(La trilogía dela",IMDb ID not found,PISO 7.pdf
Constitución y su interpretación por el,IMDb ID not found,PISO 7.pdf
revolución Fernando De Fuentes),IMDb ID not found,PISO 7.pdf
poder judicial de la federación,IMDb ID not found,PISO 7.pdf
De Azteca a Mexicas,IMDb ID not found,PISO 7.pdf
"emperatriz de México, La",IMDb ID not found,PISO 7.pdf
Enciclopedia electrónica,IMDb ID not found,PISO 7.pdf
mesoamericana(FAUNA,IMDb ID not found,PISO 7.pdf
mesoamericana,IMDb ID not found,PISO 7.pdf
mesoamericana(GASTRONOMIA,IMDb ID not found,PISO 7.pdf
MESOAMERICANA),IMDb ID not found,PISO 7.pdf
PRESISPANICA),IMDb ID not found,PISO 7.pdf
mesoamericana(GIFOS,IMDb ID not found,PISO 7.pdf
"manchicuepas del Tlacuache,Las",IMDb ID not found,PISO 7.pdf
PRESHISPANICOS),IMDb ID not found,PISO 7.pdf
mesoamericana(HISTORIA Y PRESENCIA,IMDb ID not found,PISO 7.pdf
"One piece :collection, 3",IMDb ID not found,PISO 7.pdf
"One piece :collection, 5",IMDb ID not found,PISO 7.pdf
El castillo en el cielo,IMDb ID not found,PISO 7.pdf
DE VESTIDO DE MÉXICO),IMDb ID not found,PISO 7.pdf
mesoamericana (OCCIDENTE DE,IMDb ID not found,PISO 7.pdf
Carlos Monsiváis,IMDb ID not found,PISO 7.pdf
(PERSONAJES Y EFEMERIDES DE,IMDb ID not found,PISO 7.pdf
Este México lo conocemos mejor que el,IMDb ID not found,PISO 7.pdf
En batalla :el teatro de Ludwik Margules,IMDb ID not found,PISO 7.pdf
"herederos, Los",IMDb ID not found,PISO 7.pdf
"guerra santa, La",IMDb ID not found,PISO 7.pdf
"hombre de los hongos, El",IMDb ID not found,PISO 7.pdf
Irrigación en México,IMDb ID not found,PISO 7.pdf
"ley de Herodes , La",IMDb ID not found,PISO 7.pdf
Manuel Álvarez Bravo :la mirada que,IMDb ID not found,PISO 7.pdf
Manuel Felguérez :el espacio múltiple,IMDb ID not found,PISO 7.pdf
Matiz de luz,IMDb ID not found,PISO 7.pdf
Mazahuas ; Otomíes; Lacandones;,IMDb ID not found,PISO 7.pdf
Medallas y condecoraciones del acervo,IMDb ID not found,PISO 7.pdf
histórico del Museo Nacional de Historia,IMDb ID not found,PISO 7.pdf
Mexican boys,IMDb ID not found,PISO 7.pdf
México :cultural and natural,IMDb ID not found,PISO 7.pdf
México en España,IMDb ID not found,PISO 7.pdf
México en Gran Bretaña,IMDb ID not found,PISO 7.pdf
México en Italia y en el Vaticano,IMDb ID not found,PISO 7.pdf
"México, la revolución congelada",IMDb ID not found,PISO 7.pdf
MEXICO 1900-2000 :UN SIGLO EN,IMDb ID not found,PISO 7.pdf
"i muy, muy... ni tan, tan... simplemente",IMDb ID not found,PISO 7.pdf
"corazón de la noche, La",IMDb ID not found,PISO 7.pdf
Independencia de México 1810,IMDb ID not found,PISO 7.pdf
"poder del jefe, El I, II, III",IMDb ID not found,PISO 7.pdf
Proceso de don Miguel Hidalgo y Costilla,IMDb ID not found,PISO 7.pdf
en 1811,IMDb ID not found,PISO 7.pdf
"Recuerdos del toreo en México, 1947-",IMDb ID not found,PISO 7.pdf
Restauración Econogica de las islas  San,IMDb ID not found,PISO 7.pdf
"Semana Santa entre los Mayos , La",IMDb ID not found,PISO 7.pdf
Mesoamérica :donde las piedras hablan,IMDb ID not found,PISO 7.pdf
"Fuentes , El",IMDb ID not found,PISO 7.pdf
UNAM México  :guía de sitios y espacios,IMDb ID not found,PISO 7.pdf
Videoteca histórica :la vida en México en,IMDb ID not found,PISO 7.pdf
Animales fantásticos,IMDb ID not found,PISO 7.pdf
Bajo la misma estrella,IMDb ID not found,PISO 7.pdf
Ciudades de papel,IMDb ID not found,PISO 7.pdf
edad de la peseta La,IMDb ID not found,PISO 7.pdf
"edukadores, Los",IMDb ID not found,PISO 7.pdf
"imperio de la fortuna, La",IMDb ID not found,PISO 7.pdf
iño Fidencio,IMDb ID not found,PISO 7.pdf
Intensa mente,IMDb ID not found,PISO 7.pdf
LOL (Loughing out loud) [,IMDb ID not found,PISO 7.pdf
Mil nubes de paz cercan el cielo,IMDb ID not found,PISO 7.pdf
"isla encantada, La",IMDb ID not found,PISO 7.pdf
meses :una nueva vida,IMDb ID not found,PISO 7.pdf
"gran videoteca de la educadora, La",IMDb ID not found,PISO 7.pdf
Todobebé,IMDb ID not found,PISO 7.pdf
Viaje hacia la vida,IMDb ID not found,PISO 7.pdf
"autorrealización, La",IMDb ID not found,PISO 7.pdf
Doce [i.e. 12] películas Sherlock Holmes [28],IMDb ID not found,PRESTAMO EN SALA 2026.pdf
DVD 1. La voz del terror,IMDb ID not found,PRESTAMO EN SALA 2026.pdf
DVD 2. Sherlock Holmes en Washington,IMDb ID not found,PRESTAMO EN SALA 2026.pdf
in Washington] (1943) / Sherlock Holmes desafiando la,IMDb ID not found,PRESTAMO EN SALA 2026.pdf
DVD 3. La mujer araña,IMDb ID not found,PRESTAMO EN SALA 2026.pdf
DVD 4. La perla maldita,IMDb ID not found,PRESTAMO EN SALA 2026.pdf
DVD 5. La mujer de verde,IMDb ID not found,PRESTAMO EN SALA 2026.pdf
Persecución en Argelia,IMDb ID not found,PRESTAMO EN SALA 2026.pdf
DVD 6. Terror en la noche,IMDb ID not found,PRESTAMO EN SALA 2026.pdf
Sobreviviendo a la preparatoria,IMDb ID not found,PISO 7.pdf
"mujer maravilla, La",IMDb ID not found,PISO 7.pdf
Doctor Who : primera temporada,IMDb ID not found,PRESTAMO EN SALA 2026.pdf
Doctor Who : segunda temporada,IMDb ID not found,PRESTAMO EN SALA 2026.pdf
Doctor Who : tercera temporada,IMDb ID not found,PRESTAMO EN SALA 2026.pdf
Pedro Mártir y Farallón de San Ignacio,IMDb ID not found,PISO 7.pdf
Doctor Who : cuarta temporada,IMDb ID not found,PRESTAMO EN SALA 2026.pdf
Doctor Who : quinta temporada,IMDb ID not found,PRESTAMO EN SALA 2026.pdf
Doctor Who : sexta temporada,IMDb ID not found,PRESTAMO EN SALA 2026.pdf
Doctor Who : octava temporada,IMDb ID not found,PRESTAMO EN SALA 2026.pdf
Doctor Who : septima temporada,IMDb ID not found,PRESTAMO EN SALA 2026.pdf
Downton Abbey : tercera temporada,IMDb ID not found,PRESTAMO EN SALA 2026.pdf
Dulce desafío,IMDb ID not found,PRESTAMO EN SALA 2026.pdf
trilogía de la Revolución de Fernando de,IMDb ID not found,PISO 7.pdf
"Encanto del águila, El",IMDb ID not found,PRESTAMO EN SALA 2026.pdf
Friends season 1,IMDb ID not found,PRESTAMO EN SALA 2026.pdf
Friends: La primera temporada completa,IMDb ID not found,PRESTAMO EN SALA 2026.pdf
Friends: La segunda temporada completa,IMDb ID not found,PRESTAMO EN SALA 2026.pdf
Friends season 2,IMDb ID not found,PRESTAMO EN SALA 2026.pdf
Friends: La cuarta temporada completa,IMDb ID not found,PRESTAMO EN SALA 2026.pdf
Friends season 3,IMDb ID not found,PRESTAMO EN SALA 2026.pdf
DVD 1. El gran Lebowski,IMDb ID not found,PRESTAMO EN SALA 2026.pdf
DVD 2. El apoderado de Hudsucker Proxy,IMDb ID not found,PRESTAMO EN SALA 2026.pdf
Game of Thrones  la segunda temporada,IMDb ID not found,PRESTAMO EN SALA 2026.pdf
Game of Thrones  la tercera temporada,IMDb ID not found,PRESTAMO EN SALA 2026.pdf
Game of Thrones  la quinta temporada,IMDb ID not found,PRESTAMO EN SALA 2026.pdf
Game of Thrones  la sexta temporada,IMDb ID not found,PRESTAMO EN SALA 2026.pdf
"Juegos del hambre, Los",IMDb ID not found,PRESTAMO EN SALA 2026.pdf
"Juegos del hambre, Los: En llamas",IMDb ID not found,PRESTAMO EN SALA 2026.pdf
Jurasick Park,IMDb ID not found,PRESTAMO EN SALA 2026.pdf
"Jurassic park, El mudo perdido",IMDb ID not found,PRESTAMO EN SALA 2026.pdf
"World  Molen, Colin Wilson",IMDb ID not found,PRESTAMO EN SALA 2026.pdf
Jurassic world Mundo Jurásico,IMDb ID not found,PRESTAMO EN SALA 2026.pdf
Spielberg ... [et al.],IMDb ID not found,PRESTAMO EN SALA 2026.pdf
Lawrence Bender,IMDb ID not found,PRESTAMO EN SALA 2026.pdf
"Leyenda del tesoro perdido, La",IMDb ID not found,PRESTAMO EN SALA 2026.pdf
"Leyenda del tesoro perdido 2, La : el libro de",IMDb ID not found,PRESTAMO EN SALA 2026.pdf
"Ley & el orden, La : intento criminal. Primera",IMDb ID not found,PRESTAMO EN SALA 2026.pdf
terror] (1942) / Sherlock Holmes y el arma secreta,IMDb ID not found,PRESTAMO EN SALA 2026.pdf
"Ley & el orden, La : intento criminal",IMDb ID not found,PRESTAMO EN SALA 2026.pdf
Segundaa temporada,IMDb ID not found,PRESTAMO EN SALA 2026.pdf
La Colección de los hermanos Coen,IMDb ID not found,PRESTAMO EN SALA 2026.pdf
Game of Thrones  la primera temporada,IMDb ID not found,PRESTAMO EN SALA 2026.pdf
Game of Thrones  la cuarta temporada,IMDb ID not found,PRESTAMO EN SALA 2026.pdf
Pro:Matthew Weiner,IMDb ID not found,PRESTAMO EN SALA 2026.pdf
Indiana Jones y Los cazadores del Arca,IMDb ID not found,PRESTAMO EN SALA 2026.pdf
temporada3,IMDb ID not found,PRESTAMO EN SALA 2026.pdf
Millennium 1 : Los hombres que no amaban a,IMDb ID not found,PRESTAMO EN SALA 2026.pdf
Millennium 2 : La chica que soñaba con un,IMDb ID not found,PRESTAMO EN SALA 2026.pdf
cerillo y un galón de gasolina,IMDb ID not found,PRESTAMO EN SALA 2026.pdf
Kill Bill La venganza Vol. 1,IMDb ID not found,PRESTAMO EN SALA 2026.pdf
Millennium 3 : La reina en el palacio de las,IMDb ID not found,PRESTAMO EN SALA 2026.pdf
corrientes de aire,IMDb ID not found,PRESTAMO EN SALA 2026.pdf
Mi pobre angelito Home alone,IMDb ID not found,PRESTAMO EN SALA 2026.pdf
"Mi pobre angelito, 2 perdido en Nueva York",IMDb ID not found,PRESTAMO EN SALA 2026.pdf
"Mr. Bean 10 años : aniversario mi especial, I",IMDb ID not found,PRESTAMO EN SALA 2026.pdf
"Mr. Bean 10 años : aniversario mi especial, II",IMDb ID not found,PRESTAMO EN SALA 2026.pdf
"Mr. Bean 10 años : aniversario mi especial, III",IMDb ID not found,PRESTAMO EN SALA 2026.pdf
"Montaña mágica, la",IMDb ID not found,PRESTAMO EN SALA 2026.pdf
Mujeres asesinas. Primera temporada,IMDb ID not found,PRESTAMO EN SALA 2026.pdf
Mujeres asesinas.  Segunda temporada,IMDb ID not found,PRESTAMO EN SALA 2026.pdf
"Musketeers, the : primera temporada",IMDb ID not found,PRESTAMO EN SALA 2026.pdf
Wachowski,IMDb ID not found,PRESTAMO EN SALA 2026.pdf
Matrix recargado,IMDb ID not found,PRESTAMO EN SALA 2026.pdf
aked City season one,IMDb ID not found,PRESTAMO EN SALA 2026.pdf
DVD 3. Barton Fink,IMDb ID not found,PRESTAMO EN SALA 2026.pdf
apoleón : épica del hombre que cambió el,IMDb ID not found,PRESTAMO EN SALA 2026.pdf
mundo. Primera parte: 1975-1800,IMDb ID not found,PRESTAMO EN SALA 2026.pdf
Matrix revoluciones,IMDb ID not found,PRESTAMO EN SALA 2026.pdf
Matrix : detrás de la magia,IMDb ID not found,PRESTAMO EN SALA 2026.pdf
mundo. Segunda parte: 1800-1807,IMDb ID not found,PRESTAMO EN SALA 2026.pdf
mundo. Cuarta parte. 1812-1821,IMDb ID not found,PRESTAMO EN SALA 2026.pdf
mundo. Tercera parte. 1807-1812,IMDb ID not found,PRESTAMO EN SALA 2026.pdf
iño Santo,IMDb ID not found,PRESTAMO EN SALA 2026.pdf
ip tuck: temporada uno,IMDb ID not found,PRESTAMO EN SALA 2026.pdf
ip tuck: temporada tres,IMDb ID not found,PRESTAMO EN SALA 2026.pdf
ip tuck: temporada cuatro,IMDb ID not found,PRESTAMO EN SALA 2026.pdf
ip tuck: temporada dos,IMDb ID not found,PRESTAMO EN SALA 2026.pdf
"Two and a half men, 1",IMDb ID not found,PRESTAMO EN SALA 2026.pdf
"Two and a half men, 3",IMDb ID not found,PRESTAMO EN SALA 2026.pdf
"Two and a half men, 4",IMDb ID not found,PRESTAMO EN SALA 2026.pdf
"Two and a half men, 5",IMDb ID not found,PRESTAMO EN SALA 2026.pdf
"Two and a half men, 6",IMDb ID not found,PRESTAMO EN SALA 2026.pdf
"Two and a half men, 7",IMDb ID not found,PRESTAMO EN SALA 2026.pdf
"Two and a half men, 8",IMDb ID not found,PRESTAMO EN SALA 2026.pdf
"Two and a half men, 9",IMDb ID not found,PRESTAMO EN SALA 2026.pdf
Ugly Betty la primera temporada completa,IMDb ID not found,PRESTAMO EN SALA 2026.pdf
Ugly Betty la segunda temporada,IMDb ID not found,PRESTAMO EN SALA 2026.pdf
V invasión extraterrestre Primera temporada,IMDb ID not found,PRESTAMO EN SALA 2026.pdf
V invasión extraterrestre Segunda,IMDb ID not found,PRESTAMO EN SALA 2026.pdf
"Veep, 1",IMDb ID not found,PRESTAMO EN SALA 2026.pdf
"Veep, 2",IMDb ID not found,PRESTAMO EN SALA 2026.pdf
Viaje a las estrellas la película,IMDb ID not found,PRESTAMO EN SALA 2026.pdf
Viaje a las estrellas II la ira de Khan,IMDb ID not found,PRESTAMO EN SALA 2026.pdf
Viaje a las estrellas IV Misión: Salvar a la Tierra,IMDb ID not found,PRESTAMO EN SALA 2026.pdf
Viaje a las estrellas la última frontera,IMDb ID not found,PRESTAMO EN SALA 2026.pdf
trek : the final frontier,IMDb ID not found,PRESTAMO EN SALA 2026.pdf
Viaje a las estrellas primer contacto,IMDb ID not found,PRESTAMO EN SALA 2026.pdf
treck: first contact,IMDb ID not found,PRESTAMO EN SALA 2026.pdf
Volver al futuro Trilogía,IMDb ID not found,PRESTAMO EN SALA 2026.pdf
"Vuelta al mundo en 80 días, La",IMDb ID not found,PRESTAMO EN SALA 2026.pdf
ip tuck: temporada cinco,IMDb ID not found,PRESTAMO EN SALA 2026.pdf
Qué pasó ayer?,IMDb ID not found,PRESTAMO EN SALA 2026.pdf
Twenty four [24] the complete second,IMDb ID not found,PRESTAMO EN SALA 2026.pdf
Hombre de acero . El,IMDb ID not found,PRESTAMO EN SALA 2026.pdf
Wolfgang Amadeus Mozart : más que un,IMDb ID not found,PRESTAMO EN SALA 2026.pdf
"Two and a half men, 2",IMDb ID not found,PRESTAMO EN SALA 2026.pdf
Madagascar vol. 1 vol. 2,IMDb ID not found,PRESTAMO EN SALA 2026.pdf
X-Men 2,IMDb ID not found,PRESTAMO EN SALA 2026.pdf
Don Gato y su pandilla,IMDb ID not found,PRESTAMO EN SALA 2026.pdf
El mundo de Mafalda,IMDb ID not found,PRESTAMO EN SALA 2026.pdf
La pantera rosa,IMDb ID not found,PRESTAMO EN SALA 2026.pdf
"Pinky Dinky Doo, 7",IMDb ID not found,PRESTAMO EN SALA 2026.pdf
"El show secreto.Vol.2,vol. 4",IMDb ID not found,PRESTAMO EN SALA 2026.pdf
"Shrek, 3-D",IMDb ID not found,PRESTAMO EN SALA 2026.pdf
"Super clásicos infantiles, 10 :muerto de miedo",IMDb ID not found,PRESTAMO EN SALA 2026.pdf
"Super clásicos infantiles, 3 :el gigante ártico",IMDb ID not found,PRESTAMO EN SALA 2026.pdf
Toy story I,IMDb ID not found,PRESTAMO EN SALA 2026.pdf
Toy story II,IMDb ID not found,PRESTAMO EN SALA 2026.pdf
Toy story III,IMDb ID not found,PRESTAMO EN SALA 2026.pdf
Una noche en el museo Vol.1 y Vol. 2,IMDb ID not found,PRESTAMO EN SALA 2026.pdf
aruto shippuden 10,IMDb ID not found,PRESTAMO EN SALA 2026.pdf
aruto shippuden 18,IMDb ID not found,PRESTAMO EN SALA 2026.pdf
aruto shippuden 19,IMDb ID not found,PRESTAMO EN SALA 2026.pdf
"One piece collection, 1",IMDb ID not found,PRESTAMO EN SALA 2026.pdf
"One piece collectio, 5",IMDb ID not found,PRESTAMO EN SALA 2026.pdf
"One piece collection, 9",IMDb ID not found,PRESTAMO EN SALA 2026.pdf
FLCL The complete series,IMDb ID not found,PRESTAMO EN SALA 2026.pdf
Imaishi,IMDb ID not found,PRESTAMO EN SALA 2026.pdf
Wolverine Inmortal,IMDb ID not found,PRESTAMO EN SALA 2026.pdf
Fullmetal alchemist Brotherhood : complete,IMDb ID not found,PRESTAMO EN SALA 2026.pdf
Los picapiedra,IMDb ID not found,PRESTAMO EN SALA 2026.pdf
collection two : episodes 34-64,IMDb ID not found,PRESTAMO EN SALA 2026.pdf
Ghost in the shell stand alone complex stand,IMDb ID not found,PRESTAMO EN SALA 2026.pdf
alone complex : S.A.C. 2nd GIG,IMDb ID not found,PRESTAMO EN SALA 2026.pdf
Ironman 28,IMDb ID not found,PRESTAMO EN SALA 2026.pdf
aruto triple feature,IMDb ID not found,PRESTAMO EN SALA 2026.pdf
"Super clásicos infantiles, 5 :conejo waikiki",IMDb ID not found,PRESTAMO EN SALA 2026.pdf
Toshiyuki Tsuru,IMDb ID not found,PRESTAMO EN SALA 2026.pdf
aruto legend of the stone of Gelel : the,IMDb ID not found,PRESTAMO EN SALA 2026.pdf
four voyage four : 242-252,IMDb ID not found,PRESTAMO EN SALA 2026.pdf
four voyage five : 253-263,IMDb ID not found,PRESTAMO EN SALA 2026.pdf
five voyage five: 313-324,IMDb ID not found,PRESTAMO EN SALA 2026.pdf
five voyage four: 300-312,IMDb ID not found,PRESTAMO EN SALA 2026.pdf
five : voyage six: 325-331,IMDb ID not found,PRESTAMO EN SALA 2026.pdf
Sobrenatural : el anime,IMDb ID not found,PRESTAMO EN SALA 2026.pdf
The Anime Series,IMDb ID not found,PRESTAMO EN SALA 2026.pdf
"Batman el caballero de la noche regresa, parte 1",IMDb ID not found,PRESTAMO EN SALA 2026.pdf
Hombres X la resurrección de los mutantes,IMDb ID not found,PRESTAMO EN SALA 2026.pdf
"Batman el caballero de la noche regresa, parte 2",IMDb ID not found,PRESTAMO EN SALA 2026.pdf
X-Men evolution xplosives days,IMDb ID not found,PRESTAMO EN SALA 2026.pdf
X-Men evolution: x marks the spot,IMDb ID not found,PRESTAMO EN SALA 2026.pdf
Hombres X evolución xponiendo la verdad,IMDb ID not found,PRESTAMO EN SALA 2026.pdf
X-Men evolution :xposing the truth,IMDb ID not found,PRESTAMO EN SALA 2026.pdf
Batman inicia,IMDb ID not found,PRESTAMO EN SALA 2026.pdf
Batman: el caballero de la noche,IMDb ID not found,PRESTAMO EN SALA 2026.pdf
Batman: el caballero de la noche asciende,IMDb ID not found,PRESTAMO EN SALA 2026.pdf
"Búsqueda implacable, 3",IMDb ID not found,PRESTAMO EN SALA 2026.pdf
Cero cero siete [i.e.007] el mañana nunca,IMDb ID not found,PRESTAMO EN SALA 2026.pdf
La dictadura perfecta,IMDb ID not found,PRESTAMO EN SALA 2026.pdf
Dragon Ball Z : cooler’s revenge :the return of,IMDb ID not found,PRESTAMO EN SALA 2026.pdf
coller’s,IMDb ID not found,PRESTAMO EN SALA 2026.pdf
Dragon Ball Z : la batalla de los dioses,IMDb ID not found,PRESTAMO EN SALA 2026.pdf
"Furia de Titanes, 2",IMDb ID not found,PRESTAMO EN SALA 2026.pdf
La guerra y la paz : War & peace,IMDb ID not found,PRESTAMO EN SALA 2026.pdf
five voyage three: 288-299,IMDb ID not found,PRESTAMO EN SALA 2026.pdf
Harry Potter y las reliquias de la muerte,IMDb ID not found,PRESTAMO EN SALA 2026.pdf
"planet  Ohtsuka, Rami Park",IMDb ID not found,PRESTAMO EN SALA 2026.pdf
Hombres X evolución días xplosivos,IMDb ID not found,PRESTAMO EN SALA 2026.pdf
X-Men: evolution mutants rising,IMDb ID not found,PRESTAMO EN SALA 2026.pdf
Hombres X evolución la x marca el lugar,IMDb ID not found,PRESTAMO EN SALA 2026.pdf
"Kill Bill, 1",IMDb ID not found,PRESTAMO EN SALA 2026.pdf
"Kill Bill, 2",IMDb ID not found,PRESTAMO EN SALA 2026.pdf
arrativa breve infantil [02],IMDb ID not found,PRESTAMO EN SALA 2026.pdf
arrativa breve [01],IMDb ID not found,PRESTAMO EN SALA 2026.pdf
infomanía Volumen I y II,IMDb ID not found,PRESTAMO EN SALA 2026.pdf
Orange is the new black - Mi vida en prisión:,IMDb ID not found,PRESTAMO EN SALA 2026.pdf
Primera temporada,IMDb ID not found,PRESTAMO EN SALA 2026.pdf
Transformers el lado oscuro de la luna,IMDb ID not found,PRESTAMO EN SALA 2026.pdf
Tron el legado,IMDb ID not found,PRESTAMO EN SALA 2026.pdf
Furia de titanes,IMDb ID not found,PRESTAMO EN SALA 2026.pdf
Betty Boop La colección,IMDb ID not found,PRESTAMO EN SALA 2026.pdf
